Samples	meh	prkb	rbcl	rbcs	coxs	coxm	cutm	coxl	cutl	mct	abfd	acs	acss	acsb	nirk	nosz	norb	nirs	napa	nrfa	nira	narb	nasa	nr	hao	nit-6	nifk	nifd	nifh	pufm	peth	pete	petc	psba	psaa	apca	apcf	cpca	cpea	mpea	cpet	lhcb1	lhca1	sat	met3	apra	aprb	suox	sir	cysc	cysk	cysm	cysh	cysj	cysi	cysn	cysd
TSC001	0.0	0.0	0.0	34.0272	639.4363999999999	811.2953100000001	0.0	323.8086	0.0	0.0	177.5585	0.0	0.0	0.0	0.0	0.0	0.0	0.0	9.68371	0.0	171.2443	64.2793	0.0	0.0	0.0	0.0	0.0	0.0	19.6498	96.9373	19.9417	160.5652	236.4015	999.1423	0.0	0.0	97.0941	127.178	164.015	46.4863	241.1155	0.0	0.0	202.0298	0.0	0.0	1816.8271	0.0	1458.9145	1080.0801700000002	1072.52454	50.6506	677.42493	85.0257	140.5586	45.6796	551.26224
TSC003	0.0	500.9115	0.0	0.0	384.9415	248.8618	0.0	123.9935	0.0	0.0	205.5113	0.0	0.0	0.0	16.7595	0.0	0.0	0.0	0.0	0.0	80.045	0.0	0.0	0.0	0.0	0.0	0.0	0.0	0.0	92.6645	254.0256	59.0815	552.2428	1810.7657	193.3437	56.0648	119.9836	0.0	87.717	150.8962	142.7926	0.0	0.0	82.5336	0.0	0.0	709.5182	0.0	455.6307000000001	494.4322	917.4132	69.4547	334.2189	16.8896	55.453	57.0121	500.77412
TSC005	0.0	27.0983	39.3047	194.2202	763.8154700000001	633.075	0.0	589.4778	0.0	0.0	98.0474	0.0	0.0	0.0	109.5824	0.0	0.0	0.0	92.2994	0.0	188.0219	218.0541	0.0	0.0	0.0	0.0	0.0	0.0	0.0	0.0	420.1872	0.0	2161.3367	2227.7562000000003	257.0064	407.7122	112.6186	68.62	439.7996	94.8403	475.8730000000001	0.0	0.0	208.37735	27.3771	0.0	2395.6854000000003	0.0	80.91329999999999	2122.25973	2188.23536	406.33882000000006	1270.2459	237.57371	853.5129000000001	422.1772199999999	1518.3465
TSC008	0.0	9.98382	22.0209	0.0	307.4223	1043.83208	52.5777	196.4513	39.0073	31.507	577.0198	0.0	0.0	0.0	65.9776	0.0	0.0	0.0	0.0	0.0	0.0	0.0	0.0	0.0	0.0	0.0	0.0	0.0	0.0	26.5879	0.0	76.85023	558.5604000000001	386.182	100.947	0.0	0.0	0.0	0.0	0.0	15.619	0.0	0.0	392.74961	23.468200000000003	0.0	2181.058	0.0	197.619	3187.920309999999	1504.35497	272.7423	3509.3284000000003	132.5279	266.5902	357.172	757.5605500000001
TSC013	0.0	9.96751	0.0	0.0	357.62071	391.84821	0.0	152.63780000000003	0.0	0.0	140.0756	0.0	0.0	0.0	10.1927	0.0	0.0	0.0	0.0	0.0	71.2373	0.0	0.0	0.0	0.0	0.0	0.0	0.0	0.0	56.7369	86.8486	0.0	325.7444	146.2272	211.718	0.0	25.9204	0.0	80.2772	61.0762	43.4006	0.0	0.0	152.18030000000002	0.0	0.0	156.897	0.0	170.13909999999998	227.61562	316.6999	265.61092	232.2387	14.8472	135.60003999999998	77.0026	371.7309
TSC016	0.0	76.6439	58.4393	66.8116	1260.85389	550.6966	0.0	710.7825000000001	0.0	0.0	199.555	0.0	0.0	0.0	43.6273	0.0	0.0	0.0	207.171	0.0	211.9041	194.4551	10.3226	0.0	0.0	0.0	0.0	0.0	0.0	215.5863	712.3791000000001	0.0	2336.9591	1276.2869	417.91960000000006	286.185	304.8047	143.4014	288.4928	325.6564	312.9725	0.0	0.0	366.2204	17.5714	0.0	3070.5009	23.9911	0.0	1476.39226	1762.6200000000006	484.3831	901.56616	91.8363	526.7706000000001	134.2098	974.56914
TSC020	0.0	163.024	0.0	86.176	465.5995999999999	706.3596	0.0	310.1697	0.0	0.0	0.0	0.0	0.0	0.0	76.9268	0.0	0.0	0.0	203.51	0.0	0.0	71.7492	0.0	0.0	0.0	0.0	0.0	0.0	0.0	58.8486	256.54110000000003	41.471900000000005	2702.8409000000006	76.5892	194.9586	0.0	15.8298	0.0	59.7481	77.7528	27.59476	0.0	0.0	408.47471	24.6742	0.0	1949.3437	31.4151	280.719	1620.1563499999995	1783.6706399999998	111.0343	743.38421	51.9933	374.4288	665.17027	1241.63937
TSC021	0.0	0.0	0.0	0.0	569.4201	495.51560000000006	0.0	200.9755	12.1656	22.9967	301.343	0.0	0.0	0.0	0.0	49.1	0.0	0.0	0.0	0.0	22.311	0.0	0.0	0.0	0.0	0.0	0.0	0.0	0.0	0.0	1455.29	19.2392	674.53687	410.639	438.2375	0.0	0.0	0.0	0.0	0.0	0.0	0.0	0.0	277.14943	0.0	0.0	1743.367	0.0	579.379	1729.2950200000002	852.8156	93.8026	2517.35097	289.141	10.8526	0.0	210.6799
TSC025	0.0	0.0	68.31689999999999	0.0	474.3772	118.6569	0.0	334.6098	0.0	27.1967	582.564	0.0	0.0	0.0	0.0	35.1133	0.0	0.0	0.0	0.0	74.3419	0.0	0.0	0.0	0.0	0.0	0.0	0.0	0.0	27.1319	10.9523	135.41039999999998	213.8736	0.0	404.5109	0.0	86.891	0.0	73.8451	0.0	0.0	0.0	8.7395	1997.5701000000004	0.0	0.0	911.9285	0.0	0.0	470.77942	788.7721400000001	57.3509	1751.43125	229.3751	0.0	0.0	345.14909
TSC027	40.2015	0.0	67.7987	0.0	949.2168	497.2525	0.0	692.9003	0.0	14.6044	109.496	20.9885	0.0	0.0	0.0	87.3155	0.0	0.0	12.3612	0.0	68.105	0.0	0.0	0.0	0.0	0.0	0.0	0.0	0.0	0.0	12.547	14.3096	489.3528	586.1357	197.1807	147.007	924.9069	121.147	0.0	0.0	298.7019	0.0	13.2019	93.2722	0.0	0.0	1037.0257	0.0	10.7829	378.8381600000001	752.9385	44.8104	787.66853	104.1732	43.1652	25.8029	128.89790000000002
TSC031	0.0	0.0	265.64466	556.8238000000001	876.4435899999999	160.39479999999998	0.0	306.8212	0.0	27.6749	89.8451	0.0	0.0	0.0	0.0	97.8956	0.0	0.0	18.994	0.0	72.93639999999999	0.0	0.0	0.0	0.0	0.0	0.0	0.0	0.0	78.1176	39.58519	22.2003	613.3186000000001	194.0126	792.01586	461.771	521.144	0.0	209.951	0.0	91.9249	0.0	30.1502	133.6542	0.0	0.0	1196.3453	0.0	806.842	252.8535	677.13475	118.7689	113.3804	205.0152	69.69669999999999	16.425	100.23839
TSC036	0.0	43.5468	0.0	0.0	740.1701	96.5191	0.0	407.7739	0.0	16.2097	0.0	0.0	0.0	0.0	27.6182	0.0	0.0	0.0	0.0	0.0	90.4138	67.5293	7.48197	0.0	0.0	0.0	0.0	0.0	0.0	34.2956	0.0	16.0723	637.0238999999999	1032.1371	31.7032	0.0	469.209	0.0	0.0	0.0	52.6421	0.0	0.0	103.01888999999998	0.0	0.0	831.1504	0.0	424.007	742.5769000000001	490.5528800000001	60.772000000000006	182.5922	30.9019	71.29	31.635800000000003	185.8642
TSC045	0.0	29.5003	43.7073	14.6242	335.7592	600.9411999999999	0.0	303.46770000000004	0.0	0.0	0.0	40.6842	0.0	0.0	0.0	0.0	0.0	0.0	0.0	0.0	107.518	61.8197	0.0	0.0	0.0	0.0	0.0	0.0	0.0	0.0	103.9877	46.763	496.2714	1336.9298	56.8142	223.478	522.533	0.0	311.055	53.9493	120.3752	0.0	0.0	170.3514	0.0	0.0	1102.607	0.0	542.593	640.39168	438.9869	36.7468	98.8787	268.538	85.6852	0.0	232.4323
TSC056	93.952	33.3889	63.59870000000001	164.21380000000002	982.9949	305.8273	0.0	113.9566	0.0	41.4615	0.0	0.0	0.0	0.0	0.0	0.0	0.0	0.0	0.0	0.0	52.9821	0.0	19.882	0.0	0.0	0.0	0.0	0.0	0.0	41.1797	0.0	0.0	401.3421	337.606	220.4841	0.0	0.0	0.0	113.514	0.0	0.0	0.0	0.0	24.2686	0.0	0.0	460.7723	0.0	0.0	597.5284300000001	581.7175000000001	66.87634	2371.8304	200.6288	86.0377	61.05882	548.77822
TSC060	0.0	0.0	32.8911	0.0	460.6823	295.2805	0.0	302.69045	0.0	0.0	0.0	0.0	0.0	0.0	0.0	24.0488	0.0	0.0	0.0	0.0	0.0	0.0	0.0	0.0	0.0	0.0	0.0	0.0	0.0	21.9075	0.0	0.0	618.3852999999999	1100.172	22.3132	24.9882	0.0	0.0	23.7507	0.0	0.0	0.0	0.0	141.49548	0.0	0.0	923.4946	0.0	0.0	433.84976000000006	383.1128	17.0804	29.1666	57.9227	79.4408	18.3825	273.15602
TSC062	109.645	0.0	0.0	74.969	288.4777	486.0246	0.0	315.7418	0.0	21.554	0.0	0.0	0.0	0.0	0.0	0.0	0.0	0.0	0.0	0.0	26.3844	80.2837	0.0	0.0	0.0	0.0	0.0	0.0	0.0	108.7694	0.0	0.0	558.586	1009.785	70.1213	67.7295	64.2123	65.5895	0.0	0.0	0.0	0.0	0.0	1644.2477	0.0	0.0	1869.3744	11.964	61.7946	500.52384	754.69988	79.44900000000001	4169.480500000001	250.4044	51.73	33.7098	167.2815
TSC065	51.3454	0.0	20.08331	0.0	537.3883	852.7767	0.0	407.4934	0.0	0.0	0.0	0.0	0.0	0.0	21.4307	0.0	0.0	0.0	0.0	0.0	0.0	61.9826	0.0	0.0	0.0	0.0	0.0	0.0	0.0	225.2731	0.0	32.617	210.602	470.826	30.599400000000003	0.0	0.0	0.0	0.0	0.0	0.0	0.0	0.0	207.8841	0.0	0.0	1419.3849999999998	0.0	0.0	869.73331	571.1320000000001	40.7105	348.18937	111.23344	321.60368	73.0574	835.9938999999999
TSC068	67.96809999999999	17.4724	50.7752	50.7752	394.8426	750.8038000000001	0.0	102.0374	0.0	0.0	561.845	0.0	0.0	0.0	9.74342	0.0	19.86679	0.0	0.0	0.0	74.3945	338.7154	0.0	0.0	0.0	0.0	0.0	0.0	0.0	0.0	1221.3905	192.3793	1521.8791	0.0	1820.4888	0.0	33.0443	0.0	19.7199	0.0	0.0	0.0	0.0	3291.1648	0.0	0.0	1072.9132	0.0	581.4422999999999	1143.3562	1128.6354400000002	21.09392	1091.2148000000002	427.2771400000001	257.4167	50.7116	347.97442
TSC070	0.0	0.0	29.7125	93.4766	92.7886	430.0438	0.0	207.4341	0.0	0.0	342.3712	0.0	0.0	0.0	0.0	23.7272	0.0	0.0	0.0	0.0	101.818	13.8345	0.0	0.0	0.0	0.0	0.0	0.0	0.0	28.3628	0.0	62.3356	763.6463	122.4253	201.9637	0.0	0.0	0.0	0.0	0.0	0.0	0.0	0.0	672.0924000000001	0.0	0.0	408.483	0.0	0.0	332.63079000000005	356.63960000000003	41.78602	84.1992	143.943	41.3209	0.0	91.8113
TSC071	0.0	0.0	310.0425	125.3633	371.4701	380.9853	0.0	106.7184	0.0	21.9249	0.0	0.0	0.0	0.0	0.0	50.6853	0.0	0.0	0.0	0.0	900.0023	0.0	0.0	0.0	0.0	0.0	0.0	0.0	0.0	0.0	601.8842	16.4092	369.5358	258.00530000000003	779.5558	0.0	474.1297	239.441	681.2069999999999	110.142	42.9551	0.0	8.36634	168.1586	0.0	0.0	831.9884	0.0	26.048	310.02509999999995	431.3646	86.1702	2216.7321	145.93434000000002	49.1789	0.0	335.9561
TSC073	0.0	0.0	58.05174	105.866	63.171	486.9359	0.0	28.3386	0.0	19.1718	0.0	0.0	0.0	0.0	0.0	59.9921	0.0	0.0	0.0	0.0	50.7919	288.45722	0.0	0.0	0.0	0.0	0.0	0.0	0.0	0.0	0.0	62.4701	687.9035999999999	109.0844	316.09798	0.0	144.9075	0.0	27.6236	39.4111	137.1601	0.0	0.0	40.2427	0.0	0.0	848.0971	0.0	150.3152	458.74367	686.9228599999999	39.1684	1339.4852999999998	43.60143	9.73376	27.237	227.9692
TSC078	57.7253	0.0	451.9982	129.0733	870.3984000000002	1965.2364	0.0	355.2702	76.1496	46.3346	143.876	37.189	0.0	0.0	0.0	0.0	0.0	0.0	0.0	0.0	49.7538	84.5475	0.0	0.0	0.0	0.0	0.0	0.0	0.0	105.0822	23.69036	50.0294	732.5215000000001	776.2784	558.0282	0.0	331.373	0.0	0.0	0.0	0.0	0.0	87.417	234.2254	17.9123	28.6886	1182.3128	0.0	0.0	1480.66971	1050.1523800000002	124.1369	341.79150000000004	280.03794	36.804100000000005	202.6771	618.80971
TSC085	0.0	0.0	270.76800000000003	423.1858	69.5245	643.3496	0.0	108.9549	0.0	0.0	0.0	0.0	0.0	0.0	0.0	0.0	0.0	0.0	0.0	0.0	85.3266	219.298	0.0	0.0	0.0	0.0	0.0	0.0	0.0	0.0	36.6446	147.6979	399.3085	380.0801	643.2002	0.0	224.941	0.0	30.999	0.0	0.0	0.0	31.1266	0.0	0.0	0.0	1163.6399	0.0	208.417	281.77977	708.39711	31.8228	0.0	217.3636	0.0	0.0	263.4934
TSC089	0.0	0.0	622.4493	71.07239999999999	283.3877	588.704	0.0	147.6321	0.0	0.0	269.95	0.0	0.0	0.0	58.9572	0.0	0.0	0.0	0.0	0.0	33.8214	0.0	0.0	0.0	0.0	0.0	0.0	0.0	0.0	0.0	0.0	176.1182	233.27660000000003	370.358	723.5736	0.0	0.0	0.0	46.4055	0.0	50.2595	0.0	0.0	462.5054	0.0	0.0	140.468	0.0	45.9952	897.9673399999999	1195.8414999999998	28.9628	89.56309999999999	180.0614	153.833	94.7623	265.1827
TSC092	0.0	0.0	367.5446	240.8426	208.6749	422.4167	0.0	170.0245	9.63938	0.0	34.342800000000004	0.0	0.0	0.0	160.9249	9.9862	0.0	0.0	5.28464	0.0	54.1836	25.4412	0.0	0.0	0.0	0.0	0.0	0.0	0.0	0.0	0.0	24.4875	136.8703	210.5409	356.21979	0.0	50.743	13.715	48.5211	0.0	11.2896	0.0	0.0	375.9973	11.1366	0.0	857.0913	11.0961	10.7779	660.8075099999999	604.98383	58.3951	208.79319	124.56252	273.475	97.855	131.08758
TSC102	0.0	0.0	982.5186	791.9282	87.69800000000001	495.3235	0.0	65.3414	39.18723	0.0	77.4908	0.0	0.0	0.0	0.0	0.0	0.0	0.0	0.0	0.0	284.7669	0.0	0.0	0.0	0.0	0.0	0.0	0.0	0.0	17.2392	403.8064	199.1951	690.81146	604.1342999999999	1822.3423	143.932	155.216	0.0	59.9376	299.1986	59.1367	0.0	77.52510000000001	32.2487	0.0	0.0	103.7545	0.0	296.333	440.42476	628.4779	0.0	425.6446	200.0048	83.5933	111.1922	257.5066
TSC110	0.0	210.1931	536.036	816.2411999999999	73.3984	269.7023	0.0	44.725	0.0	0.0	10.3344	0.0	0.0	0.0	0.0	0.0	0.0	0.0	0.0	0.0	101.8487	6.62771	49.7183	0.0	0.0	0.0	0.0	0.0	0.0	0.0	280.56684	55.30930000000001	86.8767	395.1601	734.8815	29.9164	0.0	0.0	0.0	20.8756	0.0	0.0	0.0	404.9545	0.0	0.0	0.0	0.0	98.4883	144.0076	140.8354	24.8257	0.0	314.69807000000003	56.3652	27.6842	95.6815
TSC117	0.0	14.8504	106.6735	64.4743	138.8005	396.9326	0.0	43.5863	19.7504	32.6589	0.0	0.0	0.0	0.0	0.0	0.0	0.0	0.0	0.0	0.0	0.0	0.0	44.7854	0.0	0.0	0.0	0.0	0.0	0.0	32.6472	0.0	26.8665	384.279	418.1576	242.34429	25.8465	0.0	0.0	24.3851	23.1854	22.9677	0.0	0.0	554.54547	0.0	0.0	1309.992	0.0	0.0	309.2745	607.9352	65.75710000000001	1017.0242	138.3338	176.4897	238.22927	186.17521
TSC126	0.0	0.0	683.2881	475.6046	74.6412	634.5708999999999	0.0	0.0	0.0	0.0	0.0	0.0	0.0	0.0	0.0	0.0	0.0	0.0	0.0	0.0	120.55	0.0	0.0	0.0	0.0	0.0	0.0	32.6658	32.6658	202.438	567.2698	66.5239	31.3628	1345.0179	923.3837	0.0	0.0	72.7581	59.2137	0.0	0.0	0.0	0.0	86.9025	40.2144	0.0	64.2755	0.0	41.7482	561.7223	281.7054	24.3276	45.4015	25.6148	60.38579	0.0	98.3199
TSC135	0.0	0.0	510.297	625.2465	396.7778	795.9002000000002	0.0	324.7774	0.0	0.0	333.079	0.0	0.0	0.0	0.0	0.0	0.0	0.0	0.0	0.0	57.54	563.205	0.0	0.0	0.0	0.0	0.0	161.824	161.824	0.0	218.7718	329.2797	565.46	784.8062	903.2584000000002	0.0	56.0905	0.0	207.218	0.0	0.0	0.0	0.0	425.7317	35.3244	0.0	827.5126	0.0	158.703	782.48737	720.4342000000001	161.725	254.8756	214.3926	44.932500000000005	43.3929	263.0842
TSC140	0.0	19.6735	439.1124	841.5183999999999	171.6836	497.4638	0.0	290.5691	0.0	0.0	0.0	0.0	0.0	0.0	137.9977	0.0	0.0	0.0	82.0175	0.0	0.0	0.0	14.9953	0.0	0.0	0.0	0.0	0.0	0.0	0.0	39.0083	14.6955	238.4442	430.7667	849.1399999999999	0.0	0.0	0.0	0.0	0.0	0.0	0.0	0.0	82.76729	0.0	0.0	555.5327	0.0	0.0	1069.38236	1001.2022	259.0307	202.9264	658.3429	320.3423	154.937	375.86249
TSC141	0.0	18.7139	204.9725	616.2646	0.0	2845.2030000000004	0.0	340.6037	0.0	0.0	0.0	0.0	0.0	0.0	46.5672	0.0	0.0	0.0	24.0649	0.0	0.0	0.0	19.73	0.0	0.0	0.0	0.0	0.0	0.0	0.0	24.5434	85.7977	332.5095	697.7651799999999	777.7205400000001	0.0	0.0	0.0	0.0	0.0	0.0	0.0	0.0	409.1387	12.222	85.154	0.0	18.2926	0.0	1222.7575699999995	654.3351	139.817	254.2063	427.5701	283.32710000000003	21.8577	120.86747
TSC145	0.0	0.0	177.0589	185.77820000000003	100.4158	4760.8789	0.0	67.9122	0.0	0.0	78.692	0.0	0.0	0.0	0.0	0.0	0.0	0.0	148.704	0.0	0.0	0.0	0.0	0.0	0.0	0.0	0.0	0.0	0.0	0.0	29.8309	0.0	563.8587	1156.5335	586.2311000000001	0.0	0.0	0.0	0.0	0.0	0.0	0.0	0.0	470.0924999999999	0.0	0.0	1671.35	0.0	0.0	2843.92079	268.47270000000003	100.794	568.0613	18.8671	108.9264	159.9755	707.0353999999999
TSC147	0.0	413.791	9.23044	73.9045	541.0553	436.4584	0.0	171.14849999999998	0.0	0.0	0.0	12.4325	0.0	0.0	215.0586	43.6157	12.6326	0.0	98.1175	0.0	179.7002	181.053	21.5273	0.0	0.0	0.0	0.0	0.0	0.0	217.4836	52.2979	143.829	1495.56863	537.34	147.706	0.0	174.7754	87.0911	93.8406	0.0	75.5131	0.0	0.0	422.23336	0.0	0.0	193.1019	0.0	213.241	899.11259	1896.6886399999992	227.8604	234.55561	325.39119	103.4576	367.61748000000006	784.0145
TSC148	0.0	149.6512	68.2957	73.0964	358.86815000000007	732.6818000000001	0.0	81.16390000000001	0.0	0.0	176.841	0.0	0.0	0.0	15.378	0.0	109.7484	85.5792	0.0	0.0	98.991	153.58996	126.9493	0.0	0.0	0.0	0.0	0.0	6.54885	42.2132	159.4879	110.0218	1800.1635999999994	163.9362	515.9193799999999	60.0299	169.4222	63.9526	63.9526	0.0	0.0	0.0	0.0	361.1167	0.0	0.0	3631.19705	0.0	0.0	1839.63545	2178.7281699999994	108.63909999999998	328.31003000000004	1272.45062	323.5187	179.32904000000002	2320.644840000001
TSC149	0.0	0.0	57.5455	23.8578	144.0271	517.7583	0.0	48.595	0.0	0.0	329.037	0.0	0.0	0.0	0.0	0.0	0.0	0.0	0.0	0.0	0.0	37.7755	0.0	0.0	0.0	0.0	0.0	0.0	8.2135	40.1185	21.5968	34.277	1034.2374	0.0	652.71	0.0	0.0	0.0	0.0	0.0	0.0	0.0	0.0	774.82419	0.0	0.0	1844.0362	8.54826	703.234	2164.09207	595.0072799999999	44.8637	774.4262099999999	172.1678	118.90162	144.845	1743.0506300000004
TSC152	0.0	0.0	0.0	0.0	105.2764	282.0356	12.0015	40.7608	0.0	18.7674	21.5019	0.0	0.0	0.0	0.0	0.0	0.0	0.0	0.0	0.0	0.0	50.6426	0.0	0.0	0.0	0.0	0.0	0.0	0.0	50.2249	0.0	0.0	351.1821	177.5214	19.6289	0.0	0.0	0.0	0.0	0.0	0.0	0.0	0.0	43.2018	0.0	0.0	2424.029	0.0	291.733	245.28418	479.2113	39.46711	1423.1245600000002	112.3953	0.0	0.0	382.114
TSC153	15.4797	0.0	0.0	0.0	136.1244	458.8808999999999	0.0	76.97409999999999	0.0	0.0	53.2773	0.0	0.0	0.0	13.2986	0.0	0.0	0.0	0.0	0.0	213.467	283.7928	0.0	0.0	0.0	0.0	0.0	0.0	0.0	27.3669	0.0	1372.7995	166.87189999999998	29.0567	2321.3354000000004	0.0	0.0	0.0	0.0	0.0	0.0	0.0	0.0	1644.2844000000005	8.30352	0.0	1403.9103999999998	20.6696	0.0	476.477	497.23416	0.0	243.19389	274.5395	91.9031	29.8475	340.92339000000004
TSC156	0.0	85.3986	89.7553	68.75450000000001	355.34700000000004	544.1819	0.0	0.0	0.0	0.0	0.0	0.0	0.0	0.0	0.0	0.0	0.0	7.87723	0.0	0.0	0.0	104.4714	64.69481999999999	0.0	0.0	0.0	0.0	0.0	0.0	0.0	0.0	732.7393000000001	1813.8698	253.729	1529.8067999999998	0.0	0.0	0.0	0.0	0.0	0.0	0.0	0.0	857.4279	0.0	0.0	2618.1331	26.5045	97.4251	2148.413990000001	1260.5134	62.2449	1873.80147	1119.8409700000002	235.19217000000003	225.3651	1018.12189
TSC159	0.0	162.616	215.4612	117.0817	769.22363	421.2711	0.0	268.8427	0.0	0.0	0.0	0.0	0.0	0.0	25.3248	0.0	0.0	0.0	0.0	0.0	86.7354	255.253	0.0	0.0	0.0	0.0	0.0	0.0	0.0	77.0204	368.5142	539.1285999999999	1010.6554	395.8045	401.6971	0.0	141.542	62.1004	184.0836	0.0	0.0	0.0	0.0	947.39004	0.0	0.0	1515.6805	0.0	305.22810000000004	1041.52404	830.1560499999999	91.3168	829.1267	309.8271	28.8763	180.1099	302.7176
TSC163	0.0	0.0	217.7851	92.1526	426.1722	323.1967	0.0	146.17	0.0	24.8	0.0	0.0	0.0	0.0	0.0	0.0	0.0	0.0	0.0	0.0	201.1648	172.3336	0.0	0.0	0.0	0.0	0.0	0.0	0.0	0.0	65.0447	0.0	1083.5287	137.837	343.7333	0.0	0.0	0.0	0.0	64.8223	139.4074	0.0	0.0	1141.9870000000003	0.0	0.0	332.557	0.0	265.795	757.78819	688.3984	33.2351	304.3281	382.07046	59.7117	18.6375	119.89653
TSC167	68.8413	22.7031	277.06429	296.6929	270.7676	256.8917	0.0	18.6629	0.0	0.0	71.7993	0.0	0.0	0.0	0.0	15.3469	0.0	0.0	0.0	0.0	0.0	419.374	43.1491	0.0	0.0	0.0	47.4737	47.4737	47.4737	23.6769	221.11863	242.2323	967.2631	589.1992	775.7746999999999	66.0118	26.2808	0.0	63.7459	42.4069	0.0	0.0	0.0	1272.11532	28.3454	0.0	1986.2722	0.0	32.431	528.5708999999999	599.58416	43.789	860.1515	390.6272	76.4948	126.0597	313.10650000000004
TSC170	124.769	0.0	203.5776	264.535	266.7271	451.8693	0.0	0.0	0.0	71.3664	13.4726	0.0	0.0	0.0	0.0	0.0	0.0	0.0	0.0	0.0	0.0	403.5722	0.0	0.0	0.0	0.0	0.0	0.0	0.0	35.2049	52.80114	680.719	895.2927000000001	215.3431	288.759	0.0	0.0	0.0	158.43189999999998	0.0	15.5682	0.0	0.0	1887.2699	22.8532	0.0	2283.8914	0.0	0.0	1386.7280000000003	1112.89785	70.17	1304.07717	686.3763	46.8407	187.824	514.16023
TSC173	0.0	0.0	22.7491	1670.86	41.47085	795.5164999999998	0.0	0.0	0.0	21.5292	329.0071	0.0	0.0	0.0	37.5751	0.0	0.0	0.0	0.0	12.1135	37.7949	73.3055	0.0	0.0	0.0	0.0	0.0	12.0571	0.0	28.0122	412.5757	965.9199	334.1311	1027.664	509.1823	0.0	0.0	0.0	0.0	0.0	0.0	0.0	0.0	728.1025999999999	0.0	0.0	1757.071	0.0	257.0544	474.30947	471.58357	141.6319	337.1483	272.306	18.3959	0.0	379.3024
TSC184	0.0	343.85200000000003	121.6144	169.3992	43.7912	416.2295000000001	0.0	60.2838	0.0	0.0	0.0	0.0	0.0	0.0	0.0	24.4607	0.0	0.0	0.0	0.0	58.3797	98.9198	0.0	0.0	0.0	0.0	0.0	0.0	0.0	56.7909	367.1853	226.5637	886.4399	451.9095	694.716	0.0	0.0	0.0	0.0	0.0	0.0	0.0	0.0	378.72009	13.7973	0.0	1201.6987	0.0	155.811	1522.49483	844.1526	0.0	1260.4992000000002	464.7785	43.72617	11.9499	222.63753
TSC191	0.0	100.3421	1016.0967	1060.9941	183.8549	331.68674000000004	0.0	187.1526	11.1259	0.0	106.245	0.0	0.0	0.0	23.44063	22.6795	21.1466	0.0	21.4539	17.0039	35.2051	326.6411	0.0	0.0	0.0	0.0	11.7878	0.0	30.1156	85.7801	114.8154	129.98698000000002	522.3828	312.1044	1734.6458800000005	0.0	405.716	0.0	382.658	144.687	0.0	0.0	278.3968	149.2386	50.2737	34.6873	794.4128	0.0	446.7942000000001	519.3455	467.92746	88.429	244.16635	463.729	100.5198	231.81089000000003	709.4283700000001
TSC199	92.3977	944.5948	675.8511	393.2264	266.54848	733.8722499999999	0.0	110.66598	88.0827	106.7632	0.0	0.0	0.0	0.0	53.2882	28.7379	28.7955	0.0	80.9603	0.0	121.1292	3225.1468000000004	0.0	0.0	0.0	0.0	0.0	0.0	32.5077	0.0	211.962	1539.1844	1195.13698	1794.5279999999998	1055.3097	0.0	353.358	767.6	102.39	0.0	23.2128	0.0	131.0047	2466.7072300000004	22.35832	62.7049	1329.3992999999998	16.1211	2806.9021999999995	2983.724989999999	1141.0266800000002	440.297	2505.5916	2317.7762999999995	205.2625	199.45606	881.563
TSC207	49.7358	271.6176	199.4836	263.4702	273.12248	697.3434	0.0	173.89811999999998	24.315	40.4447	151.863	0.0	0.0	0.0	150.237	0.0	0.0	0.0	0.0	0.0	217.89315	456.4531	0.0	0.0	0.0	0.0	0.0	0.0	0.0	33.1033	173.89068	128.8412	1150.5261000000005	319.698	437.0681	229.1096	127.177	125.907	122.945	0.0	80.0307	0.0	0.0	780.0482800000001	0.0	0.0	1757.0969000000002	0.0	413.487	1504.09561	521.59333	64.7003	603.5096800000001	1407.34247	85.57212	180.0672	466.0056400000001
TSC210	48.2682	0.0	312.04810000000003	915.9161	370.6482	222.3603	0.0	127.7238	0.0	0.0	38.6946	0.0	0.0	0.0	0.0	0.0	0.0	0.0	14.6983	0.0	95.6387	341.077	0.0	0.0	0.0	0.0	0.0	0.0	16.30474	100.1528	671.5465	352.0466	1069.8200000000002	1228.0438	461.6775	0.0	0.0	0.0	0.0	0.0	22.0557	0.0	0.0	1306.636	37.0756	0.0	960.8511	0.0	383.7761	1269.6376699999998	615.5679000000001	77.1983	2044.51323	541.98616	21.2407	75.6862	463.79052
TSC213	0.0	0.0	10.3331	0.0	329.1224	505.4859	0.0	219.0777	0.0	0.0	435.8118	17.7704	0.0	0.0	0.0	0.0	0.0	0.0	0.0	0.0	0.0	51.9898	0.0	0.0	0.0	0.0	0.0	0.0	0.0	14.5656	344.627	0.0	282.44780000000003	0.0	1180.3168	0.0	0.0	0.0	0.0	0.0	0.0	0.0	0.0	50.8185	0.0	0.0	824.9386000000001	14.6415	70.9568	547.2888200000001	646.8020700000001	39.7855	257.69116	143.2661	81.41499999999999	108.6549	238.8092
TSC216	0.0	185.259	122.8766	72.6179	561.16399	513.95414	0.0	167.6086	0.0	0.0	143.11470000000003	0.0	0.0	0.0	70.9954	0.0	8.01885	0.0	56.281	0.0	194.6426	159.1914	0.0	0.0	0.0	0.0	0.0	0.0	0.0	100.794	46.0584	32.7709	1100.81397	1795.5766	287.73560000000003	33.9258	76.5064	33.6084	51.6587	37.4971	155.0713	0.0	0.0	592.5435000000001	0.0	0.0	2061.5735	17.98402	206.925	1395.2624500000002	2110.9084	113.39736	543.45974	964.5074099999998	177.48694	98.0589	731.8465
TSC219	0.0	0.0	159.15919	163.0381	283.2158	450.01767	0.0	89.8548	0.0	0.0	305.578	0.0	0.0	0.0	0.0	0.0	0.0	0.0	0.0	0.0	0.0	152.3334	0.0	0.0	0.0	0.0	0.0	0.0	0.0	134.793	172.5348	631.2235	781.4496999999999	262.342	475.18291	0.0	0.0	0.0	101.586	0.0	127.1167	0.0	0.0	1664.0921	14.1056	0.0	2044.9713	0.0	815.463	1011.6363100000002	1183.28147	74.6728	1466.31357	405.6916	33.0253	61.3492	275.8405
TSC222	31.8011	466.221	70.535	66.15700000000001	127.007	284.45461	0.0	84.0252	0.0	0.0	0.0	0.0	0.0	0.0	0.0	0.0	0.0	0.0	0.0	0.0	0.0	204.9189	0.0	0.0	0.0	0.0	0.0	0.0	0.0	0.0	243.116	400.02	345.4253	193.4981	232.6283	0.0	0.0	0.0	0.0	0.0	0.0	0.0	0.0	1227.7750000000003	0.0	0.0	1188.8816000000002	0.0	0.0	747.5380999999999	293.3192	70.863	128.71274999999997	227.5477	36.79766	27.44265	82.44416
TSC223	0.0	28.768	24.6414	36.1849	487.40379999999993	184.1496	0.0	272.5412	0.0	0.0	111.591	10.7635	0.0	0.0	0.0	0.0	0.0	0.0	0.0	0.0	125.413	0.0	0.0	0.0	0.0	0.0	0.0	0.0	0.0	93.926	0.0	0.0	688.6349	1172.8575	19.8742	352.9276	0.0	0.0	71.3278	0.0	129.5636	0.0	0.0	80.0548	0.0	0.0	912.0734	0.0	0.0	410.36769	982.83331	168.66729999999998	177.98821	164.3749	96.7466	49.087	293.98727
TSC224	0.0	424.8312	39.3581	0.0	774.8466000000001	343.3883	0.0	634.1038000000001	96.3955	27.8145	0.0	0.0	0.0	0.0	36.3551	21.6042	21.902	0.0	311.3666	25.5493	314.0957	48.5789	0.0	0.0	0.0	0.0	0.0	0.0	0.0	66.5104	662.6908699999999	0.0	919.9918	143.41750000000002	1198.8499	0.0	598.0124000000001	0.0	123.0649	0.0	433.7692	0.0	0.0	88.65211000000001	0.0	0.0	1216.8463	0.0	383.28850000000006	819.3922200000001	726.8698999999999	333.2603	858.5085000000001	202.0777	103.951	42.386700000000005	383.67398
TSC227	0.0	0.0	202.9124	154.5201	723.3149999999999	1726.9874000000002	0.0	349.22860000000003	148.5061	0.0	0.0	0.0	0.0	0.0	97.4507	24.0073	0.0	0.0	19.6426	98.6886	369.6941000000001	23.8289	0.0	0.0	0.0	0.0	0.0	0.0	0.0	74.0938	310.8927	109.99904	644.95257	336.03356	632.69017	151.8316	359.5297	31.0892	93.5216	393.6115	193.6264	0.0	0.0	116.75505	0.0	0.0	1905.1739	0.0	130.78130000000002	915.6715	1317.7736599999998	175.3227	132.9261	696.73149	83.87543000000001	103.2658	239.4396
TSC229	0.0	0.0	591.3344	316.5276	374.73574	587.98182	0.0	239.91690000000003	98.24147	0.0	0.0	69.54390000000001	0.0	0.0	0.0	0.0	0.0	0.0	116.44	0.0	128.5214	0.0	0.0	0.0	0.0	0.0	0.0	0.0	0.0	36.965	128.74038	703.6424	421.3808	191.153	544.6043999999998	0.0	165.4015	149.4758	26.0941	0.0	0.0	0.0	102.5601	594.9137000000001	8.159	0.0	482.66171	0.0	0.0	1131.6615000000002	994.63017	166.19564	274.0106	288.85002	238.6222	132.79829999999998	526.23318
TSC231	8.26499	0.0	738.3319	364.6313	568.718	2384.23009	0.0	139.2856	88.0975	0.0	0.0	14.054	0.0	0.0	0.0	0.0	0.0	0.0	13.5609	0.0	116.9885	181.3941	20.9792	0.0	0.0	0.0	0.0	0.0	14.756	14.2244	196.31085	216.8363	850.0343999999999	480.6513999999999	693.902	61.7757	0.0	0.0	48.6461	59.3207	88.61619999999999	0.0	123.7066	198.06117	20.5857	12.5643	1227.5348	8.2806	62.7806	1243.3730499999997	691.33502	113.5207	55.8649	205.245	186.7126	185.0387	302.14410000000004
TSC233	0.0	45.9978	549.558	499.1736	1186.9116	1082.0675	0.0	454.52431	161.9149	15.1441	209.1497	0.0	0.0	0.0	0.0	0.0	0.0	0.0	0.0	0.0	42.6602	223.226	0.0	0.0	0.0	0.0	0.0	0.0	0.0	55.38169	21.3231	175.6336	698.5812000000002	551.76	612.8130399999999	118.088	188.2053	35.9037	70.7436	115.413	150.21439999999998	0.0	0.0	114.41787	18.728	0.0	969.9711999999998	0.0	48.71674	670.75328	551.55787	177.41897	31.2297	410.78161	72.0778	121.2245	424.18382
TSC235	0.0	0.0	371.6752	468.3665	852.8893999999999	1530.8766199999998	0.0	401.0915	131.032	0.0	269.9138	0.0	0.0	0.0	0.0	0.0	0.0	0.0	0.0	0.0	127.0855	0.0	0.0	0.0	0.0	0.0	0.0	0.0	0.0	0.0	354.5787	331.27	415.3281	207.1308	1035.63806	0.0	118.72289999999998	31.26	180.8338	84.9803	38.8178	0.0	208.4722	522.5278	27.7061	0.0	617.3254	0.0	133.408	938.15002	521.4207600000001	60.3269	155.21877999999998	791.0475200000001	86.7717	188.50420000000005	447.79293999999993
TSC237	0.0	0.0	183.2041	429.1393	356.40424	919.35848	0.0	330.8333	43.3686	0.0	251.5428	0.0	0.0	0.0	0.0	0.0	0.0	0.0	0.0	0.0	363.0841	185.234	0.0	0.0	0.0	0.0	0.0	0.0	0.0	0.0	112.9893	445.2443	405.603	182.3637	746.1674	0.0	0.0	36.5623	57.0748	0.0	22.4611	0.0	46.9784	1128.222	0.0	0.0	1952.2346	9.993	41.911	504.68894000000006	466.2968	71.4177	188.74789	122.8524	81.05539999999999	140.4525	354.1484
TSC239	0.0	0.0	193.7504	451.3374	272.8655	730.6637000000001	0.0	102.19666	0.0	0.0	505.5774	28.678	0.0	0.0	0.0	0.0	0.0	0.0	0.0	0.0	130.1062	0.0	0.0	0.0	0.0	0.0	0.0	0.0	0.0	151.6092	72.8792	290.0098	272.1478	1863.6795	363.15280000000007	0.0	39.9302	0.0	86.2404	0.0	161.43789999999998	0.0	0.0	194.6648	0.0	0.0	536.7216	0.0	41.7208	767.3690100000001	824.5962400000001	0.0	188.648	587.9993400000002	61.84294	115.9724	381.26920000000007
TSC242	0.0	0.0	344.83140000000003	78.0615	534.3718	1098.2632	0.0	152.7818	48.7385	0.0	291.3199	0.0	0.0	0.0	0.0	0.0	0.0	0.0	56.2003	0.0	187.67714	0.0	0.0	0.0	0.0	0.0	0.0	0.0	0.0	16.0068	229.7351	564.7854	683.6434999999998	229.4024	546.19411	0.0	47.1338	0.0	0.0	43.6394	111.5949	0.0	0.0	335.8637	43.3042	0.0	1389.4919	10.8508	182.7611	710.64277	1068.8733799999995	19.3521	496.5262	374.44341	185.2652	165.184	244.2665
TSC245	0.0	11.3421	2578.87423	251.9033	678.4226	509.0028	0.0	328.3981	12.3088	0.0	48.7463	0.0	0.0	0.0	131.771	0.0	0.0	0.0	156.656	0.0	79.5075	99.2698	0.0	0.0	0.0	0.0	0.0	0.0	0.0	0.0	82.5623	102.4989	1538.2692000000002	1374.1216	2100.177	0.0	148.2991	80.2278	0.0	0.0	0.0	0.0	313.5606	524.64169	23.7957	0.0	0.0	22.8266	144.5197	1689.29914	1797.6624	144.73467	128.1223	315.7561	337.6715	268.2936	678.0127600000001
TSC248	0.0	0.0	127.37851	72.55600000000001	12.8154	1529.71636	0.0	29.1592	0.0	8.8513	0.0	0.0	0.0	0.0	100.314	9.60628	0.0	0.0	60.3651	0.0	0.0	0.0	0.0	0.0	0.0	0.0	0.0	0.0	0.0	0.0	0.0	0.0	169.8712	47.54398	139.28975000000003	0.0	0.0	0.0	0.0	0.0	0.0	0.0	0.0	704.93395	39.0106	0.0	2866.56	0.0	124.512	1110.53857	1545.72998	422.42432	610.7467	156.7996	661.15961	635.8068	696.51001
TSC251	0.0	66.3578	442.04711	79.1514	134.764	2180.4563500000004	0.0	174.7906	0.0	23.6587	0.0	0.0	0.0	0.0	0.0	0.0	0.0	0.0	48.5711	0.0	0.0	0.0	0.0	0.0	0.0	0.0	0.0	0.0	0.0	0.0	44.32424	0.0	1311.19054	228.89640000000003	461.5925	0.0	0.0	0.0	0.0	0.0	0.0	0.0	0.0	1960.8531	0.0	23.4878	42.1221	17.7451	852.1532	2823.1591	1144.1632900000002	733.315	833.1098999999998	70.6761	765.4548	759.8956000000001	998.9567000000002
TSC254	0.0	18.0438	708.9764	382.9991	150.779	527.1107	0.0	125.089	0.0	0.0	0.0	0.0	0.0	0.0	14.963	0.0	0.0	0.0	19.9359	0.0	0.0	0.0	22.8577	0.0	0.0	0.0	0.0	0.0	0.0	0.0	21.7278	0.0	2037.9866	454.759	1054.63005	0.0	0.0	0.0	0.0	0.0	0.0	0.0	0.0	1865.52801	0.0	0.0	0.0	0.0	290.0287	2616.669010000001	1610.8463	1332.6993	862.8819299999999	136.29000000000002	402.4924	593.7696900000001	1053.9463
TSC257	0.0	21.9491	1032.5238	173.41601	94.4995	423.3731	0.0	137.2578	0.0	88.1736	0.0	72.0825	0.0	0.0	0.0	0.0	0.0	0.0	194.056	0.0	0.0	0.0	23.9169	0.0	0.0	0.0	30.83	0.0	0.0	0.0	83.2875	0.0	1365.012	218.7653	188.30303	0.0	0.0	0.0	0.0	0.0	0.0	0.0	0.0	574.0365999999999	0.0	0.0	0.0	0.0	525.5297	1684.1445000000003	1173.3106700000003	1782.1165999999998	967.3951	109.7865	664.75306	936.7703	951.3338
TSC259	0.0	327.788	2052.189	151.0639	24.1247	1095.9696	0.0	146.0815	0.0	29.7527	8.3975	0.0	0.0	0.0	0.0	0.0	0.0	0.0	0.0	0.0	0.0	0.0	0.0	0.0	0.0	0.0	0.0	0.0	0.0	0.0	193.549	0.0	660.7271999999999	241.5517	182.5382	0.0	0.0	0.0	0.0	0.0	0.0	0.0	0.0	1137.28905	0.0	7.1598	1600.07	0.0	26.861	2385.10993	2192.87442	1799.00086	810.5015000000002	27.098	677.54292	920.764	1542.6105
TSC261	0.0	0.0	818.4881999999999	312.25	30.7573	2436.1239	0.0	35.0737	0.0	77.2667	0.0	0.0	0.0	0.0	25.9316	0.0	0.0	0.0	17.1875	0.0	0.0	0.0	0.0	0.0	0.0	0.0	0.0	0.0	0.0	0.0	63.8536	0.0	1064.0723	56.54812	189.68863	0.0	0.0	0.0	0.0	0.0	0.0	0.0	0.0	1033.1248	0.0	0.0	416.821	0.0	175.53069999999997	1379.75034	1415.84894	297.11745	489.88724	24.3908	454.8473000000001	494.5934	538.76634
TSC264	0.0	0.0	152.00488	94.44967	136.5493	900.5033000000001	0.0	280.7893	0.0	35.0837	0.0	0.0	0.0	0.0	12.394	0.0	10.6663	0.0	32.1516	0.0	0.0	0.0	0.0	0.0	0.0	0.0	0.0	0.0	0.0	0.0	18.2461	0.0	428.6137000000001	100.2086	214.76555000000005	0.0	0.0	0.0	0.0	0.0	0.0	0.0	0.0	296.47831	0.0	0.0	1769.4814	42.306610000000006	213.1301	784.1073299999999	631.9426	381.8777	820.0971999999999	218.1783	400.88942	348.28100000000006	647.3641
TSC265	0.0	0.0	713.0803000000001	496.70200000000006	131.4731	1354.7144999999998	0.0	163.055	12.2319	57.393600000000006	0.0	49.68025	0.0	0.0	102.75632000000002	0.0	0.0	0.0	70.1533	0.0	0.0	23.7367	0.0	0.0	0.0	0.0	0.0	0.0	0.0	0.0	21.3155	151.6862	821.03579	635.0944000000001	754.2678	0.0	0.0	0.0	0.0	0.0	0.0	0.0	79.1224	484.7108	0.0	0.0	266.179	6.44343	71.73450000000001	1836.32744	1140.7928	856.8467500000002	612.3594	263.1921	392.19384	365.3538	687.3558400000001
TSC267	0.0	0.0	377.3074	240.236	277.32838	1513.34793	0.0	65.0128	50.3799	28.2597	123.975	21.4958	0.0	0.0	150.3606	0.0	0.0	0.0	0.0	0.0	201.424	34.2647	22.18294	0.0	0.0	0.0	0.0	0.0	0.0	29.20818	19.9324	102.3372	598.5841	277.9697	514.13977	0.0	15.2431	0.0	0.0	0.0	0.0	0.0	22.12937	438.74300000000005	0.0	0.0	0.0	10.1197	31.284	1402.09072	766.22367	493.1886	229.59274	451.5943	281.17657	172.6505	644.6628900000001
TSC268	14.2907	0.0	679.3171999999998	267.8391	0.0	245.16744000000003	0.0	62.598	0.0	50.1391	296.618	15.0827	0.0	0.0	49.2932	0.0	0.0	0.0	0.0	0.0	0.0	0.0	0.0	0.0	0.0	0.0	0.0	0.0	0.0	9.14542	33.069	176.91559999999998	404.7431	157.3901	688.5221	0.0	0.0	0.0	0.0	0.0	0.0	0.0	66.0651	642.3335900000001	16.7175	0.0	114.171	15.439	25.9374	1357.6640800000002	754.07127	519.03687	373.88999	59.6873	230.742	523.0464	702.0206400000001
TSC270	0.0	0.0	522.4531999999999	109.17589999999998	50.1065	489.0943	0.0	68.6953	0.0	14.5808	0.0	96.6291	0.0	0.0	81.5206	0.0	0.0	0.0	0.0	0.0	0.0	0.0	0.0	0.0	0.0	0.0	0.0	0.0	0.0	0.0	42.1296	71.7456	1088.0754	57.8147	705.16565	0.0	0.0	0.0	0.0	0.0	0.0	0.0	70.8047	871.0529100000001	0.0	0.0	1579.949	17.55539	48.281	2560.28155	1548.45001	352.77500000000003	584.23915	480.5837	467.0978	327.60035	682.4419
TSC272	0.0	29.30983	256.119	146.1297	772.6990300000001	1472.17269	0.0	665.4063	0.0	0.0	15.3049	0.0	0.0	0.0	27.2364	9.0058	0.0	0.0	14.4041	0.0	0.0	0.0	256.2666	0.0	0.0	0.0	0.0	0.0	0.0	0.0	18.6911	0.0	742.4404999999999	191.8433	393.70490000000007	0.0	0.0	0.0	0.0	0.0	0.0	0.0	0.0	367.65467	0.0	0.0	0.0	0.0	28.6092	1081.15052	2785.35284	1091.824	891.9123600000001	662.37916	1279.71291	607.8391	922.39846
TSC273	0.0	0.0	70.47970000000001	0.0	0.0	198.0707	0.0	0.0	0.0	14.8135	0.0	0.0	0.0	0.0	0.0	0.0	0.0	0.0	0.0	0.0	0.0	0.0	0.0	0.0	0.0	0.0	0.0	0.0	0.0	0.0	0.0	28.839	175.3103	0.0	183.4403	0.0	0.0	0.0	0.0	0.0	0.0	0.0	0.0	529.5200500000001	0.0	0.0	0.0	11.5362	61.891	1867.76674	2027.0766	147.20991	742.48368	44.1675	239.5162	376.8479	1155.05319
TSC274	0.0	35.8629	121.1948	28.6877	88.786	307.5481	0.0	59.5557	0.0	150.456	0.0	0.0	0.0	0.0	60.9357	0.0	0.0	0.0	69.8602	0.0	0.0	0.0	44.4606	0.0	0.0	0.0	0.0	0.0	0.0	0.0	0.0	39.6725	736.0004300000002	53.6049	552.0692	0.0	0.0	0.0	0.0	0.0	0.0	0.0	0.0	1048.7694	0.0	86.0353	0.0	0.0	184.8177	2923.8595600000003	1581.63652	999.58942	842.39425	246.6705	1230.3264	799.2507	1007.065
TSC276	0.0	71.5365	904.9207	551.4036000000001	136.558	406.4734	0.0	105.4377	0.0	160.511	0.0	0.0	0.0	0.0	49.0582	22.4256	0.0	0.0	175.546	0.0	0.0	13.1706	15.0417	0.0	0.0	0.0	0.0	0.0	0.0	0.0	28.2132	0.0	1487.7107999999998	666.4322	1017.02337	0.0	0.0	0.0	0.0	0.0	0.0	0.0	0.0	1639.6002	0.0	48.6483	512.3356	0.0	368.7339	1784.9453299999996	1827.6938	1992.64328	1940.5297	279.6266	1226.74775	1595.9675000000002	1715.0619000000002
TSC280	0.0	0.0	770.0324899999999	670.7422999999999	45.250600000000006	1854.5486	0.0	188.214	0.0	68.5251	0.0	0.0	0.0	0.0	56.9677	0.0	0.0	0.0	84.7166	0.0	0.0	0.0	0.0	0.0	0.0	0.0	0.0	0.0	0.0	0.0	65.0802	0.0	892.8195699999999	708.4884999999999	1253.1494200000002	0.0	0.0	0.0	0.0	0.0	0.0	0.0	0.0	757.75881	0.0	0.0	730.946	32.7407	231.8817	1065.90389	1386.7458	1115.33572	821.613	142.6359	767.7579499999999	438.6161	546.7718
TSC281	0.0	0.0	266.6018	679.6625	93.1138	276.9415	0.0	101.857	0.0	53.8523	87.4415	66.2945	0.0	0.0	0.0	0.0	0.0	0.0	22.8471	0.0	0.0	0.0	23.1866	0.0	0.0	0.0	0.0	0.0	0.0	0.0	32.2548	0.0	487.74455	666.90189	653.68995	0.0	0.0	0.0	0.0	0.0	0.0	0.0	96.7833	565.35903	0.0	0.0	0.0	0.0	45.8701	1859.27609	887.1172999999998	678.0114	583.61123	36.9262	544.1597999999999	433.59833	633.04528
TSC282	0.0	0.0	822.74032	956.7972999999998	175.0985	1942.0514	0.0	55.0478	0.0	0.0	44.067	32.9706	0.0	0.0	35.7342	0.0	0.0	0.0	0.0	0.0	21.3221	0.0	0.0	0.0	0.0	0.0	34.2861	0.0	0.0	0.0	0.0	29.1881	840.9025	224.13620000000003	1352.5269000000003	0.0	0.0	0.0	0.0	0.0	0.0	0.0	20.5504	520.0878	0.0	0.0	2080.314	0.0	230.122	2666.846049999999	1654.0244299999997	525.7785	1221.1124	176.8882	311.23449	158.15751999999998	341.7066
TSC285	0.0	45.5116	7382.4582	3580.3273	0.0	15.2667	0.0	12.1905	5.48826	0.0	0.0	0.0	0.0	0.0	98.8853	0.0	0.0	0.0	83.1058	0.0	0.0	0.0	38.915	0.0	0.0	0.0	0.0	0.0	0.0	0.0	27.5381	0.0	433.0466	374.871	4827.743100000001	0.0	0.0	0.0	0.0	0.0	0.0	0.0	0.0	1285.63824	12.0738	0.0	0.0	10.1675	344.007	2495.71442	710.0235	2733.8004	1457.2589	41.2349	1248.61739	788.7602999999999	701.19528
