"TSC_NAME"	"PANGAEA sample id"	"Station.label"	"Layer"	"Layer2"	"polar"	"lower.size.fraction"	"upper.size.fraction"	"Event.date"	"Latitude"	"Longitude"	"Depth.nominal"	"Depth.Mixed.Layer"	"Temperature"	"Oxygen"	"ChlorophyllA"	"Salinity"	"Carbon.total"	"NO2"	"NO2NO3"	"NO3"	"PO4"	"Ammonium.5m"	"Iron.5m"	"Alkalinity.total"	"CO3"	"HCO3"	"NP"	"Lyapunov"	"Si"	"Nitracline"	"Brunt.Väisälä"	"Okubo.Weiss"	"Residence.time"	"PAR.PC"	"Gradient.Surface.temp(SST)"	"Fluorescence"	"Density"	"Depth.Min.O2"	"Depth.Max.O2"	"Mean Flux at 150m"	"FluxAttenuation"	"NPP 8d VGPM (mgC/m2/day)"	"Ocean"	"Province"
"TSC000"	"TARA_X000000368"	"TARA_004"	"DCM"	"EPI"	"non polar"	"0.22"	"1.6"	"2009-09-15 18:00"	"36.5533"	"-6.5669"	"40"	"11"	"16.3584"	""	"0.535777"	"36.5811"	""	""	""	""	""	"0.02287024322"	"0.001387697625"	""	""	""	""	"0.031746"	""	""	"36"	""	"4"	""	"0.8599"	""	"26.8866"	""	""	""	""	""	"[NAO] North Atlantic Ocean (MRGID:1912)"	""
"TSC001"	"TARA_Y200000002"	"TARA_004"	"SRF"	"EPI"	"non polar"	"0.22"	"1.6"	"2009-09-15 11:30"	"36.5533"	"-6.5669"	"9"	"12"	"20.238088"	""	"0.180403"	"36.599199"	""	""	""	""	""	"0.02287024322"	"0.001387697625"	""	""	""	""	"0.031746"	""	""	"25"	""	"4"	""	"0.73994"	""	"25.909909"	""	""	""	""	"686.086"	"[NAO] North Atlantic Ocean (MRGID:1912)"	"B7"
"TSC002"	"TARA_A200000159"	"TARA_007"	"DCM"	"EPI"	"non polar"	"0.22"	"1.6"	"2009-09-23 16:08"	"37.0541"	"1.9478"	"42"	"18"	"17.521075"	""	"0.338691"	"37.1036"	"0.0256"	""	"0.028"	""	"0.0065"	"0.01524471973"	"0.001387776788"	"0.0265"	"0.0273"	"0.0243"	""	""	"0.4985"	""	"45"	"-1.3813"	"0"	""	"1.0375"	""	"27.003675"	""	""	""	""	"354.2245"	"[MS] Mediterranean Sea (MRGID:1905)"	""
"TSC003"	"TARA_A200000113"	"TARA_007"	"SRF"	"EPI"	"non polar"	"0.22"	"1.6"	"2009-09-23 12:50"	"37.051"	"1.9378"	"9"	"18"	"23.8141"	""	"0.189348"	"37.522"	"0.00695"	"0.0445"	"0.14325"	""	"0.0475"	"0.01524471973"	"0.001387776788"	"0.00065"	"0.0067"	""	""	""	"0.7935"	""	"45"	"-1.3813"	"0"	""	"1.0375"	""	"25.61115"	""	""	""	""	"354.2245"	"[MS] Mediterranean Sea (MRGID:1905)"	"B7"
"TSC004"	"TARA_X000001036"	"TARA_009"	"DCM"	"EPI"	"non polar"	"0.22"	"1.6"	"2009-09-28 16:59"	"39.0609"	"5.9422"	"55"	"0"	"15.9708"	""	"0.442902"	"37.68195"	"0.0067"	"0.02"	"0.08"	""	"0.02"	"0.01508665892"	"0.00138772993"	"0.002"	"0.0169"	"0.0071"	""	"0.190651"	""	""	"25"	"0.021447"	"0"	""	"0.35542"	""	"27.81605"	""	""	""	""	"205.122"	"[MS] Mediterranean Sea (MRGID:1905)"	""
"TSC005"	"TARA_X000000950"	"TARA_009"	"SRF"	"EPI"	"non polar"	"0.22"	"1.6"	"2009-09-28 12:18"	"39.1633"	"5.916"	"9"	"25"	"24.4828"	""	"0.136232"	"37.8042"	"0.0003"	"0.01"	"0.03"	""	"0.02"	"0.01508665892"	"0.00138772993"	""	"0.0003"	""	""	"0.190651"	""	""	"35"	"0.021447"	"0"	""	"0.95289"	""	"25.621"	""	""	""	""	"205.122"	"[MS] Mediterranean Sea (MRGID:1905)"	"B7"
"TSC006"	"TARA_S200000501"	"TARA_018"	"DCM"	"EPI"	"non polar"	"0.22"	"1.6"	"2009-11-02 14:07"	"35.7528"	"14.2765"	"60"	"50"	"18.30575"	"238.694625"	"0.076875"	"37.84945"	"0.0118"	"0.0263"	"0.038"	""	"0.0131"	"0.009119561485"	"0.001387895066"	"0.0017"	"0.0452"	""	""	"0.066158"	"0.58135"	""	"60"	"-0.124391"	"15.222222"	""	"1.0568"	"1.375"	"27.375"	"580"	"58"	""	""	"331.789"	"[MS] Mediterranean Sea (MRGID:1905)"	""
"TSC008"	"TARA_A100000164"	"TARA_018"	"SRF"	"EPI"	"non polar"	"0.22"	"1.6"	"2009-11-02 8:13"	"35.759"	"14.2574"	"5"	"51"	"21.48665"	"208.245"	"0.013344"	"37.89575"	"0.0103"	"0.01833"	"0.118"	""	"0.0256"	"0.009119561485"	"0.001387895066"	"0.001"	"0.0228"	""	""	"0.066158"	"0.5571"	""	"61"	"-0.124391"	"15.222222"	""	"1.0513"	"1.091875"	"26.565263"	"221"	"60"	""	""	"331.789"	"[MS] Mediterranean Sea (MRGID:1905)"	"B7"
"TSC011"	"TARA_E500000081"	"TARA_023"	"DCM"	"EPI"	"non polar"	"0.22"	"1.6"	"2009-11-18 13:50"	"42.1735"	"17.7252"	"55"	"12"	"15.180558"	"224.264417"	"0.136877"	"38.47375"	""	"0.013"	"0.05"	""	"0.012"	"0.00143125304"	"0.001387877506"	""	""	""	""	"0.078584"	"1.0505"	""	"58"	"-0.354776"	"3.583333"	""	"1.657"	"1.786458"	"28.613475"	"160"	"43"	"1.897733"	"1.352154776"	"478.135"	"[MS] Mediterranean Sea (MRGID:1905)"	""
"TSC013"	"TARA_E500000075"	"TARA_023"	"SRF"	"EPI"	"non polar"	"0.22"	"1.6"	"2009-11-18 8:41"	"42.2038"	"17.715"	"5"	"16"	"17.211742"	"221.782083"	"0.103935"	"38.22805"	""	"0.009125"	"0.040875"	""	"0.012"	"0.00143125304"	"0.001387877506"	""	""	""	""	"0.078584"	"1.372375"	""	"3"	"-0.354776"	"3.583333"	""	"1.6157"	"1.465"	"27.9429"	"115"	"37"	"2.376476"	""	"478.135"	"[MS] Mediterranean Sea (MRGID:1905)"	"B7"
"TSC014"	"TARA_E500000331"	"TARA_025"	"DCM"	"EPI"	"non polar"	"0.22"	"1.6"	"2009-11-23 13:52"	"39.3991"	"19.3997"	"50"	"31"	"15.181967"	"229.908917"	"0.134028"	"38.489083"	""	"0.1055"	"0.3595"	""	"0.07"	"0.002326648256"	"0.001387952128"	""	""	""	""	""	"1.354"	""	"44"	"0.369749"	"0"	""	"2.035"	"1.845"	"28.626442"	"785"	"39"	"0.190245"	"0.3843310001"	"481.038"	"[MS] Mediterranean Sea (MRGID:1905)"	""
"TSC016"	"TARA_E500000178"	"TARA_025"	"SRF"	"EPI"	"non polar"	"0.22"	"1.6"	"2009-11-23 9:12"	"39.3888"	"19.3905"	"5"	"30"	"18.319192"	"217.809833"	"0.104797"	"38.185333"	""	"0.00425"	"0.03525"	""	"0.00525"	"0.002326648256"	"0.001387952128"	""	""	""	""	""	"1.0505"	""	"41"	"0.369749"	"0"	""	"2.0091"	"1.465"	"27.633617"	"174"	"37"	"0.073285"	""	"481.038"	"[MS] Mediterranean Sea (MRGID:1905)"	"B7"
"TSC018"	"TARA_A100001011"	"TARA_030"	"DCM"	"EPI"	"non polar"	"0.22"	"1.6"	"2009-12-15 15:23:37"	"33.9235"	"32.8118"	"70"	"52"	"18.61621"	"218.75115"	"0.091071"	"39.23456"	"0.00395"	"0.005"	"0.02"	"0.078824"	""	"0.003270233477"	"0.001388157175"	"0.00045"	"0.0227"	""	""	"0.097233"	"0.6655"	"131"	"67"	"-0.309549"	"2.777778"	""	"0.28082"	"1.34975"	"28.36135"	"129"	"61"	"0.014051"	""	"269.659"	"[MS] Mediterranean Sea (MRGID:1905)"	""
"TSC020"	"TARA_A100001015"	"TARA_030"	"SRF"	"EPI"	"non polar"	"0.22"	"1.6"	"2009-12-15 10:41"	"33.9179"	"32.898"	"5"	"50"	"20.4425"	"207.61355"	"0.067706"	"39.42311"	"0.005"	"0.00125"	"0.0455"	"0.188705"	"0.00025"	"0.003270233477"	"0.001388157175"	""	"0.0106"	""	"754.82"	"0.097233"	"0.816"	"193"	"59"	"-0.309549"	"2.777778"	""	"0.24369"	"1.1765"	"28.0195"	"151"	"55"	"0.215913"	""	"255.266"	"[MS] Mediterranean Sea (MRGID:1905)"	"B5"
"TSC021"	"TARA_A100001388"	"TARA_031"	"SRF"	"EPI"	"non polar"	"0.22"	"1.6"	"2010-01-09 7:15"	"27.16"	"34.835"	"5"	"53"	"25.0281"	"189.91675"	"0.112855"	"39.96035"	"0.00475"	"0.00925"	"0.036"	""	"0.01225"	"0.01122190539"	"0.001387112522"	""	"0.0044"	""	""	"0.028165"	"0.8825"	"160"	"89"	"0.162621"	"1.194444"	""	"0.67892"	"1.054375"	"27.086225"	"293"	"60"	"0.381563"	""	"343.667"	"[RS] Red Sea (MRGID:4264)"	"B7"
"TSC023"	"TARA_A100001037"	"TARA_032"	"DCM"	"EPI"	"non polar"	"0.22"	"1.6"	"2010-01-11 14:17"	"23.4183"	"37.245"	"80"	"96"	"26.12925"	"181.501"	"0.1566"	"40.187042"	"0.0082"	"0.01"	"0.01"	"0.47262"	"0.025"	"0.02014754682"	"0.001387787168"	"0.0061"	"0.0427"	"0.0102"	"18.9048"	""	"0.85"	"204"	"191"	"-0.014886"	"0"	""	"0.40845"	"1.2725"	"26.917092"	"202"	"14"	"0.256995"	""	"292.941"	"[RS] Red Sea (MRGID:4264)"	""
"TSC025"	"TARA_A100001035"	"TARA_032"	"SRF"	"EPI"	"non polar"	"0.22"	"1.6"	"2010-01-11 7:21"	"23.36"	"37.2183"	"5"	"104"	"25.811708"	"188.341917"	"0.085486"	"39.7709"	"0.00435"	"0.01075"	""	"0.279747"	"0.00875"	"0.02014754682"	"0.001387787168"	""	"0.00405"	""	"31.97108571"	""	"0.8775"	"208"	"170"	"-0.014886"	"0"	""	"0.14872"	"1.11375"	"26.698217"	"216"	"13"	"0.112685"	""	"278.695"	"[RS] Red Sea (MRGID:4264)"	"B7"
"TSC027"	"TARA_A100001234"	"TARA_033"	"SRF"	"EPI"	"non polar"	"0.22"	"1.6"	"2010-01-13 7:16"	"21.9467"	"38.2517"	"5"	"56"	"27.3097"	"183.589125"	"0.150568"	"38.9435"	"0.007"	"0.003"	"0.006"	"0.253501"	"0.04575"	"0.0194904902"	"0.001387790641"	"0.0019"	"0.00775"	""	"5.541005464"	""	"1.12025"	"153"	"77"	"0.450777"	"0"	""	"0.27335"	"1.2825"	"25.59125"	"153"	"45"	""	""	"311.151"	"[RS] Red Sea (MRGID:4264)"	"B7"
"TSC028"	"TARA_B100000029"	"TARA_034"	"DCM"	"EPI"	"non polar"	"0.22"	"1.6"	"2010-01-20 11:50"	"18.4417"	"39.8567"	"60"	"63"	"27.558763"	"175.509"	"0.14795"	"38.895025"	"0.0312"	"0.269"	"0.635"	""	"0.0885"	"0.01526582598"	"0.001387754533"	"0.0052"	"0.0471"	""	""	""	"1.3525"	"150"	"81"	"0.007657"	"9.972222"	""	"0.59652"	"1.42"	"25.47435"	"244"	"13"	"1.032333"	"11.90013663"	"471.643"	"[RS] Red Sea (MRGID:4264)"	""
"TSC031"	"TARA_B100000003"	"TARA_034"	"SRF"	"EPI"	"non polar"	"0.22"	"1.6"	"2010-01-20 4:27"	"18.3967"	"39.875"	"5"	"64"	"27.635025"	"183.84625"	"0.137257"	"38.64"	"0.0332"	"0.011"	"0.029"	""	"0.144"	"0.01526582598"	"0.001387754533"	"0.0037"	"0.0311"	"0.0108"	""	""	"2.6405"	"147"	"75"	"0.007657"	"9.972222"	""	"0.60482"	"1.35125"	"25.2559"	"201"	"28"	"0.956369"	""	"471.643"	"[RS] Red Sea (MRGID:4264)"	"B7"
"TSC033"	"TARA_B100000035"	"TARA_036"	"DCM"	"EPI"	"non polar"	"0.22"	"1.6"	"2010-03-12 12:23"	"20.8222"	"63.5133"	"17"	"17"	"25.329231"	"206.568833"	"0.24107"	"36.535819"	"0.03175"	"0.277"	"1.115"	"1.457658"	"0.431"	"0.02890204514"	"0.001387736023"	"0.0068"	"0.02395"	"0.00705"	"3.382037123"	"0.074837"	"1.4395"	"90"	"3"	"-0.03061"	"0"	""	"0.17817"	"1.606875"	"24.403813"	"184"	"13"	"10.505774"	"15.12039569"	"1428.93"	"[IO] Indian Ocean (MRGID:1904)"	""
"TSC036"	"TARA_Y100000022"	"TARA_036"	"SRF"	"EPI"	"non polar"	"0.22"	"1.6"	"2010-03-12 6:06"	"20.8183"	"63.5047"	"5"	"18"	"25.681369"	"209.807083"	"0.205491"	"36.525962"	"0.0169"	"0.0455"	"0.1415"	"1.545287"	"0.3575"	"0.02890204514"	"0.001387736023"	"0.00285"	"0.01325"	"0.00225"	"4.322481119"	"0.074837"	"1.143"	""	"24"	"-0.03061"	"0"	""	"0.17053"	"1.374375"	"24.284594"	"596"	"13"	"12.549114"	"15.12039569"	"1428.93"	"[IO] Indian Ocean (MRGID:1904)"	"B7"
"TSC039"	"TARA_B100000315"	"TARA_037"	"MES"	"MES"	"non polar"	"0.22"	"1.6"	"2010-03-12 17:08:47"	"20.8457"	"63.5851"	"600"	"0"	"11.984006"	"2.81625"	"0.008026"	"35.672725"	""	""	""	"31.290804"	""	"0.02888900787"	"0.001387736799"	""	""	""	""	"0.06187"	""	"95"	"30"	"-0.087532"	"0"	""	"0.024714"	"2.6925"	"27.130513"	"587"	"13"	""	""	""	"[IO] Indian Ocean (MRGID:1904)"	""
"TSC040"	"TARA_B100000073"	"TARA_038"	"DCM"	"EPI"	"non polar"	"0.22"	"1.6"	"2010-03-15 11:18"	"19.0284"	"64.5126"	"25"	"45"	"25.607735"	"189.0233"	"0.185922"	"36.549506"	"0.0262"	"0.7"	"1.858"	"0.672791"	"0.417"	"0.0300325981"	"0.001387726419"	"0.0135"	"0.0589"	"0.0068"	"1.613407674"	"0.069484"	"1.625"	"117"	"162"	"0.005785"	"0"	""	"0.19821"	"1.61475"	"24.3126"	"289"	"53"	"4.778773"	""	"882.657"	"[IO] Indian Ocean (MRGID:1904)"	""
"TSC043"	"TARA_Y100000294"	"TARA_038"	"MES"	"MES"	"non polar"	"0.22"	"1.6"	"2010-03-16 6:13:30"	"19.0351"	"64.5638"	"340"	"18"	"14.901445"	"2.9502"	"0.002565"	"36.014205"	""	"0.691"	"23.43"	"22.18992"	"2.639"	"0.0300325981"	"0.001387726419"	""	""	"0.0061"	"8.408457749"	"0.069484"	"38.94"	"109"	"114"	"0.005785"	"0"	""	"0.29724"	"2.791"	"26.787485"	"475"	"14"	""	""	""	"[IO] Indian Ocean (MRGID:1904)"	""
"TSC045"	"TARA_Y100000287"	"TARA_038"	"SRF"	"EPI"	"non polar"	"0.22"	"1.6"	"2010-03-15 3:35"	"19.0393"	"64.4913"	"5"	"20"	"26.313595"	"187.7395"	"0.113641"	"36.618044"	"0.00775"	"0.107"	"0.4195"	"0.632675"	"0.337"	"0.0300325981"	"0.001387726419"	"0.00375"	"0.01315"	""	"1.877373887"	"0.069484"	"1.278"	"120"	"126"	"0.005785"	"0"	""	"0.25267"	"1.331"	"24.148331"	"704"	"13"	"5.040222"	"0.8745911371"	"917.2045"	"[IO] Indian Ocean (MRGID:1904)"	"B7"
"TSC047"	"TARA_B100000085"	"TARA_039"	"DCM"	"EPI"	"non polar"	"0.22"	"1.6"	"2010-03-18 11:33"	"18.5839"	"66.4727"	"25"	"26"	"26.692435"	"187.47615"	"0.196803"	"36.40162"	"0.00545"	"0.011"	"0.0675"	""	"0.2465"	"0.02551019999"	"0.001387720132"	"0.00115"	"0.00925"	""	""	""	"1.2415"	"124"	"3"	"0.403157"	"2.25"	""	"0.28957"	"1.43775"	"23.87718"	"480"	"13"	"3.546735"	"1.924292381"	"543.1065"	"[IO] Indian Ocean (MRGID:1904)"	""
"TSC050"	"TARA_Y100000031"	"TARA_039"	"MES"	"MES"	"non polar"	"0.22"	"1.6"	"2010-03-20 8:15:28"	"18.7341"	"66.3896"	"270"	"14"	"15.553795"	"3.12405"	"0.007712"	"35.907681"	""	"2.074"	"21.22"	"18.560166"	"2.64"	"0.02551019999"	"0.001387720132"	""	""	"0.0058"	"7.030365909"	""	"38.62"	"125"	"3"	"0.403157"	"2.25"	""	"0.1421"	"2.75675"	"26.565675"	"486"	"16"	""	""	""	"[IO] Indian Ocean (MRGID:1904)"	""
"TSC053"	"TARA_B100000287"	"TARA_041"	"DCM"	"EPI"	"non polar"	"0.22"	"1.6"	"2010-03-30 10:56"	"14.5536"	"70.0128"	"60"	"25"	"27.374181"	"164.440063"	"0.166581"	"36.503531"	"0.01485"	"0.2375"	"7.847"	""	"0.846"	"0.02027784598"	"0.00138769943"	"0.002"	"0.0249"	"0.00665"	""	"0.026178"	"3.5765"	"67"	"29"	"-0.412443"	"19.027778"	""	"0.22011"	"1.377813"	"23.734719"	"404"	"33"	"2.951673"	"18.19976414"	"347.4235"	"[IO] Indian Ocean (MRGID:1904)"	""
"TSC056"	"TARA_B100000282"	"TARA_041"	"SRF"	"EPI"	"non polar"	"0.22"	"1.6"	"2010-03-30 2:47"	"14.6059"	"69.9776"	"5"	"25"	"29.151544"	"187.306625"	"0.092377"	"36.0499"	"0.001"	"0.007"	"0.057"	""	"0.1565"	"0.02027784598"	"0.00138769943"	""	"0.00075"	""	""	"0.026178"	"1.3865"	"74"	"79"	"-0.412443"	"19.027778"	""	"0.25556"	"0.965625"	"22.799819"	"450"	"24"	"1.179423"	"4.094763821"	"347.4235"	"[IO] Indian Ocean (MRGID:1904)"	"B7"
"TSC058"	"TARA_B100000131"	"TARA_042"	"DCM"	"EPI"	"non polar"	"0.22"	"1.6"	"2010-04-04 9:50"	"5.9998"	"73.9067"	"80"	"32"	"27.9561"	"137.998083"	"0.228999"	"35.044342"	"0.0036"	"0.152"	"0.741"	""	"0.2505"	"0.01589155088"	"0.00138769778"	"0.00295"	"0.01365"	"0.0024"	""	""	"2.7335"	"84"	"105"	"0.15868"	"8"	""	"0.033777"	"1.42"	"22.474092"	"176"	"36"	"0.199944"	""	"202.331"	"[IO] Indian Ocean (MRGID:1904)"	""
"TSC060"	"TARA_B100000123"	"TARA_042"	"SRF"	"EPI"	"non polar"	"0.22"	"1.6"	"2010-04-04 2:47"	"6.0001"	"73.8955"	"5"	"41"	"30.12785"	"188.79575"	"0.080016"	"34.56775"	"0.00085"	"0.001"	"0.022"	""	"0.0765"	"0.01589155088"	"0.00138769778"	""	"0.00085"	""	""	""	"2.171"	"85"	"102"	"0.15868"	"8"	""	"0.034594"	"0.966875"	"21.358942"	"184"	"44"	"0.386671"	""	"202.331"	"[IO] Indian Ocean (MRGID:1904)"	"B5"
"TSC062"	"TARA_B100000161"	"TARA_045"	"SRF"	"EPI"	"non polar"	"0.22"	"1.6"	"2010-04-13 3:21"	"0.0033"	"71.6428"	"5"	"43"	"30.59345"	"186.0215"	"0.058503"	"35.0481"	""	"0.02"	"28.64"	"1.826529"	"1.94"	"0.01659289918"	"0.001320690576"	""	""	""	"0.9415097938"	"0.069572"	""	"132"	"52"	"0.111952"	"0"	""	"0.53025"	"0.915"	"21.558975"	"865"	"15"	"0.138631"	"4.513799829"	"225.877"	"[IO] Indian Ocean (MRGID:1904)"	"B5"
"TSC065"	"TARA_B100000242"	"TARA_048"	"SRF"	"EPI"	"non polar"	"0.22"	"1.6"	"2010-04-19 7:56"	"-9.3921"	"66.4228"	"5"	"18"	"29.818108"	"187.35"	"0.077086"	"34.184183"	"0.0007"	"0.0055"	"0.07475"	"0"	"0.0825"	"0.01387024454"	"0.001209445608"	""	"0.00125"	""	""	"0.067544"	"2.22425"	"42"	"28"	"-0.11828"	"3.777778"	""	"0.070327"	"0.84"	"21.176983"	"106"	"19"	"0.40247"	"11.75046852"	"159.033"	"[IO] Indian Ocean (MRGID:1904)"	"B5"
"TSC066"	"TARA_B100000214"	"TARA_052"	"DCM"	"EPI"	"non polar"	"0.22"	"1.6"	"2010-05-17 11:42"	"-16.9534"	"53.9601"	"75"	"63"	"25.212642"	"194.81775"	"0.228414"	"34.896833"	"0.0091"	"0.032"	"0.4675"	"0.532471"	"0.159"	"0.01050255975"	"0.001048265597"	"0.0057"	"0.0296"	""	"3.348874214"	"0.074677"	"2.824"	"166"	"73"	"0.274476"	"2.138889"	""	"0.18796"	"1.180417"	"23.203642"	"170"	"448"	"0.511743"	"35.26891451"	"122.80175"	"[IO] Indian Ocean (MRGID:1904)"	""
"TSC068"	"TARA_B100000212"	"TARA_052"	"SRF"	"EPI"	"non polar"	"0.22"	"1.6"	"2010-05-17 4:10"	"-16.957"	"53.9801"	"5"	"53"	"27.956483"	"191.628083"	"0.134305"	"34.54545"	"0.022"	""	""	"0.532471"	"0.119"	"0.01050255975"	"0.001048265597"	""	"0.0061"	""	"4.474546218"	"0.074677"	"2.666"	""	"79"	"0.274476"	"2.138889"	""	"0.20159"	"0.977083"	"22.067625"	"958"	"470"	"0.118947"	"102.1298275"	"122.80175"	"[IO] Indian Ocean (MRGID:1904)"	"B5"
"TSC069"	"TARA_B100000378"	"TARA_056"	"MES"	"MES"	"non polar"	"0.22"	"3"	"2010-06-26 7:12:30"	"-15.3379"	"43.2948"	"1000"	"82"	"6.195775"	"88.88975"	""	"34.8293"	""	""	""	""	""	"0.01177444247"	"0.001008998641"	""	""	""	""	""	""	""	"93"	"0.887425"	"1.25"	""	"0.44091"	"2.2275"	"27.4047"	"985"	"22"	""	""	""	"[IO] Indian Ocean (MRGID:1904)"	""
"TSC070"	"TARA_B000000609"	"TARA_056"	"SRF"	"EPI"	"non polar"	"0.22"	"3"	"2010-06-26 7:05"	"-15.3424"	"43.2965"	"5"	"82"	"27.296125"	"193.165"	"0.098701"	"35.0302"	""	"0.016042"	""	"2.149334"	""	"0.01177444247"	"0.001008998641"	""	""	""	""	""	"2.812112"	""	"93"	"0.887425"	"1.25"	""	"0.44091"	"0.90125"	"22.646025"	"985"	"22"	"0.180315"	"13.0038918"	"304.319"	"[IO] Indian Ocean (MRGID:1904)"	"B5"
"TSC071"	"TARA_B000000565"	"TARA_057"	"SRF"	"EPI"	"non polar"	"0.22"	"3"	"2010-06-27 12:05"	"-17.0248"	"42.7401"	"5"	"17"	"26.553475"	"194.060917"	"0.140592"	"35.124517"	""	"0.02"	""	""	""	"0.0107390165"	"0.001009451992"	""	""	""	""	""	""	""	"5"	"-0.1419"	"2"	""	"0.30546"	"0.931875"	"22.953567"	"4"	"17"	""	""	"308.9225"	"[IO] Indian Ocean (MRGID:1904)"	"B5"
"TSC072"	"TARA_B000000557"	"TARA_058"	"DCM"	"EPI"	"non polar"	"0.22"	"3"	"2010-06-29 15:00"	"-17.2855"	"42.2866"	"66"	"37"	"25.113925"	"181.101938"	"0.197343"	"35.162694"	"0.016"	"0.025376"	"0.063072"	"0.820273"	""	"0.01109994731"	"0.00100018053"	"0.005"	"0.061"	"0.0041"	""	"0.197237"	"2.513803"	"95"	"99"	"0.557628"	"0"	""	"0.90723"	"1.135"	"23.430525"	"132"	"26"	""	""	"292.188"	"[IO] Indian Ocean (MRGID:1904)"	""
"TSC073"	"TARA_B000000532"	"TARA_062"	"SRF"	"EPI"	"non polar"	"0.22"	"3"	"2010-07-03 8:09"	"-22.3368"	"40.3412"	"5"	"71"	"25.080167"	"199.895917"	"0.089746"	"35.324825"	""	""	""	""	""	"0.01233743162"	"0.0009092136558"	""	""	""	""	"0.04422"	""	"91"	"81"	"-0.113784"	"8.944444"	""	"0.96693"	""	""	"934"	"422"	""	""	"327.708"	"[IO] Indian Ocean (MRGID:1904)"	"B5"
"TSC075"	"TARA_B100000405"	"TARA_064"	"DCM"	"EPI"	"non polar"	"0.22"	"3"	"2010-07-08 6:21"	"-29.5333"	"37.9117"	"65"	"128"	"22.215305"	"207.9566"	"0.121203"	"35.346195"	"0.02"	"0.00875"	"0.02"	""	"0.08325"	"0.01019825321"	"0.0008034098525"	"0.0017"	"0.01725"	""	""	"0.119044"	"1.7355"	"178"	"149"	"0.676958"	"0"	""	"0.40129"	"1.06475"	"24.424005"	"149"	"485"	"0.316843"	"1.163097743"	"492.7005"	"[IO] Indian Ocean (MRGID:1904)"	""
"TSC077"	"TARA_B100000408"	"TARA_064"	"MES"	"MES"	"non polar"	"0.22"	"3"	"2010-07-07 12:13:35"	"-29.5046"	"37.9599"	"1000"	"125"	"7.552017"	"190.888667"	""	"34.572658"	""	""	""	""	""	"0.01019825321"	"0.0008034098525"	""	""	""	""	"0.119044"	""	""	"185"	"0.676958"	"0"	""	"0.28565"	"1.5975"	"27.0189"	"171"	"733"	""	""	""	"[IO] Indian Ocean (MRGID:1904)"	""
"TSC078"	"TARA_B100000401"	"TARA_064"	"SRF"	"EPI"	"non polar"	"0.22"	"3"	"2010-07-07 4:48"	"-29.5019"	"37.9889"	"5"	"140"	"22.2414"	"210.2395"	"0.136664"	"35.32467"	"0.0103"	"0.004"	""	""	"0.084"	"0.01019825321"	"0.0008034098525"	"0.0012"	"0.0089"	""	""	"0.119044"	"1.7665"	""	"163"	"0.676958"	"0"	""	"0.24112"	"1.057375"	"24.39702"	"1514"	"812"	"0.924125"	"2.960334031"	"489.85775"	"[IO] Indian Ocean (MRGID:1904)"	"B5"
"TSC081"	"TARA_B000000441"	"TARA_065"	"DCM"	"EPI"	"non polar"	"0.22"	"3"	"2010-07-12 11:03:22"	"-35.2421"	"26.3048"	"30"	"66"	"21.72823"	"207.48285"	"0.177651"	"35.451512"	""	""	""	""	""	"0.009926958087"	"0.0007608150287"	""	""	""	""	"0.143321"	""	""	""	"4.780821"	"0"	""	"0.95635"	"1.20625"	"24.64465"	"63"	"13"	""	""	"502.044"	"[IO] Indian Ocean (MRGID:1904)"	""
"TSC083"	"TARA_B000000460"	"TARA_065"	"MES"	"MES"	"non polar"	"0.22"	"3"	"2010-07-12 6:46:23"	"-35.1889"	"26.2905"	"850"	"78"	"8.33035"	"199.726"	""	"34.630583"	""	""	""	""	""	"0.009926958087"	"0.0007608150287"	""	""	""	""	"0.143321"	""	""	"88"	"4.780821"	"0"	""	"0.72208"	"1.5575"	"26.947583"	"1186"	"679"	""	""	""	"[IO] Indian Ocean (MRGID:1904)"	""
"TSC085"	"TARA_B000000437"	"TARA_065"	"SRF"	"EPI"	"non polar"	"0.22"	"3"	"2010-07-12 5:59"	"-35.1728"	"26.2868"	"5"	"78"	"21.76357"	"207.5812"	"0.176479"	"35.449638"	""	""	""	""	""	"0.009926958087"	"0.0007608150287"	""	""	""	""	"0.143321"	""	""	"88"	"4.780821"	"0"	""	"0.72208"	"1.197"	"24.629613"	"1186"	"679"	"2.66565"	"1.779595139"	"502.044"	"[IO] Indian Ocean (MRGID:1904)"	"B5"
"TSC087"	"TARA_B000000477"	"TARA_066"	"DCM"	"EPI"	"non polar"	"0.22"	"3"	"2010-07-15 15:36:10"	"-34.8901"	"18.0459"	"30"	"67"	"15.014"	"239.791063"	"0.221666"	"35.32305"	"0.0296"	"0.284"	"3.309875"	"2.739389"	"0.34975"	"0.01938605666"	"0.0003119988614"	"0.00545"	"0.0276"	"0.0245"	"7.8324203"	"0.098545"	"2.5895"	""	""	"0.143048"	"0"	""	"1.2642"	"1.2525"	"26.21755"	"65"	"15"	""	""	"561.024"	"[SAO] South Atlantic Ocean (MRGID:1914)"	""
"TSC089"	"TARA_B000000475"	"TARA_066"	"SRF"	"EPI"	"non polar"	"0.22"	"3"	"2010-07-15 12:22"	"-34.9449"	"17.9189"	"5"	"91"	"15.013362"	"239.93725"	"0.221666"	"35.3233"	"0.0302"	"0.3025"	"3.34"	"2.426286"	"0.343"	"0.01938605666"	"0.0003119988614"	"0.0051"	"0.0271"	"0.0244"	"7.073720117"	"0.098545"	"2.7435"	"106"	"100"	"0.143048"	"0"	""	"1.2322"	"1.258125"	"26.2141"	"451"	"14"	"0.443305"	"1.577550232"	"715.14"	"[SAO] South Atlantic Ocean (MRGID:1914)"	"B5"
"TSC092"	"TARA_B100000497"	"TARA_067"	"SRF"	"EPI"	"non polar"	"0.22"	"3"	"2010-09-07 6:19"	"-32.2401"	"17.7103"	"5"	"25"	"13.04322"	"252.63145"	"0.765222"	"34.870735"	"2.1997"	"0.171"	"7.091"	"1.264607"	"1.016"	"0.04337576777"	"0.0004158818265"	"0.0483"	"0.07385"	"0.2919"	"1.244691929"	""	""	"32"	"35"	"0.04459"	"1.111111"	""	"2.6088"	"4.093218"	"26.28407"	"89"	"14"	""	""	"662.87"	"[SAO] South Atlantic Ocean (MRGID:1914)"	"B5"
"TSC096"	"TARA_B100000482"	"TARA_068"	"DCM"	"EPI"	"non polar"	"0.22"	"3"	"2010-09-14 13:30"	"-31.027"	"4.6802"	"50"	"156"	"16.74878"	"231.9774"	"0.325714"	"35.68407"	"0.0183"	"0.285"	"1.08"	"0.904785"	"0.227"	"0.01580798564"	"0.0003682796584"	"0.0038"	"0.0692"	""	"3.985837004"	"0.120437"	"2.436"	""	"353"	"0.069036"	"6.388889"	""	"0.11343"	"2.011787"	"26.101325"	"1320"	"237"	"0.224841"	"1.550646019"	"498.0465"	"[SAO] South Atlantic Ocean (MRGID:1914)"	""
"TSC099"	"TARA_B100000470"	"TARA_068"	"MES"	"MES"	"non polar"	"0.22"	"3"	"2010-09-13 13:02:33"	"-31.0198"	"4.6685"	"700"	"233"	"7.32145"	"194.4342"	""	"34.50494"	"0.0021"	"0.003"	"22.08"	"24.232124"	"1.529"	"0.01580798564"	"0.0003682796584"	""	""	""	"15.84834794"	"0.120437"	"12.08"	""	"3"	"0.069036"	"6.388889"	""	"0.13666"	"2.777603"	"26.992205"	"758"	"21"	""	""	""	"[SAO] South Atlantic Ocean (MRGID:1914)"	""
"TSC102"	"TARA_B100000475"	"TARA_068"	"SRF"	"EPI"	"non polar"	"0.22"	"3"	"2010-09-14 6:55"	"-31.0266"	"4.665"	"5"	"156"	"16.8632"	"234.4763"	"0.309005"	"35.686585"	"0.01515"	"0.201"	"0.939"	"1.103865"	"0.1455"	"0.01580798564"	"0.0003682796584"	"0.00255"	"0.0462"	""	"7.586701031"	"0.120437"	"1.9865"	""	"353"	"0.069036"	"6.388889"	""	"0.11343"	"1.951133"	"26.07437"	"1320"	"237"	"0.224841"	"1.550646019"	"498.0465"	"[SAO] South Atlantic Ocean (MRGID:1914)"	"B5"
"TSC106"	"TARA_B100000446"	"TARA_070"	"MES"	"MES"	"non polar"	"0.22"	"3"	"2010-09-21 11:57:54"	"-20.4075"	"-3.1641"	"800"	"146"	"4.188237"	"161.92525"	""	"34.446963"	""	"0.01"	"36.73"	"36.675625"	"2.522"	"0.01528307656"	"0.0007878163597"	""	""	""	"14.54227795"	"0.047133"	"44.86"	""	"156"	"0.009208"	"0"	""	"0.41681"	"3.251941"	"27.333325"	"219"	"15"	""	""	""	"[SAO] South Atlantic Ocean (MRGID:1914)"	""
"TSC110"	"TARA_B100000459"	"TARA_070"	"SRF"	"EPI"	"non polar"	"0.22"	"3"	"2010-09-21 6:55"	"-20.4091"	"-3.1759"	"5"	"149"	"19.77001"	"215.2007"	"0.117466"	"36.35839"	"0.0103"	"0.0465"	"0.8015"	"1.763081"	"0.309"	"0.01528307656"	"0.0007878163597"	"0.0033"	"0.04"	""	"5.705763754"	"0.047133"	"1.1485"	"161"	"159"	"0.009208"	"0"	""	"0.33937"	"2.071928"	"25.859525"	"235"	"13"	"2.095185"	"10.42143722"	"440.215"	"[SAO] South Atlantic Ocean (MRGID:1914)"	"B5"
"TSC113"	"TARA_B100000427"	"TARA_072"	"DCM"	"EPI"	"non polar"	"0.22"	"3"	"2010-10-05 15:35"	"-8.7296"	"-17.9604"	"100"	"88"	"23.630095"	"190.5966"	"0.242586"	"36.588225"	"0.0086"	"0.011"	"0.044"	"1.049606"	"0.143"	"0.01129262382"	"0.001262168555"	"0.0083"	"0.0616"	""	"7.339902098"	"0.087015"	"1.284"	"143"	"98"	"0.006396"	"0"	""	"0.27521"	"2.171779"	"24.96531"	"290"	"16"	"0.762716"	""	"441.915"	"[SAO] South Atlantic Ocean (MRGID:1914)"	""
"TSC115"	"TARA_B100000508"	"TARA_072"	"MES"	"MES"	"non polar"	"0.22"	"3"	"2010-10-06 7:58:54"	"-8.7986"	"-17.9034"	"800"	"81"	"4.641719"	"143.273625"	""	"34.476312"	""	"0.007"	"36.98"	"37.560305"	"2.618"	"0.01129262382"	"0.001262168555"	""	""	""	"14.34694614"	"0.087015"	"34.44"	"970"	"105"	"0.006396"	"0"	""	"0.36544"	"3.226745"	"27.30785"	"270"	"17"	""	""	""	"[SAO] South Atlantic Ocean (MRGID:1914)"	""
"TSC117"	"TARA_B100000424"	"TARA_072"	"SRF"	"EPI"	"non polar"	"0.22"	"3"	"2010-10-05 8:00"	"-8.7789"	"-17.9099"	"5"	"91"	"25.064425"	"199.135"	"0.104143"	"36.41678"	"0.0018"	"0.003"	"0.018"	"0.416799"	"0.104"	"0.01129262382"	"0.001262168555"	""	"0.0038"	""	"4.007682692"	"0.087015"	"0.868"	"144"	"108"	"0.006396"	"0"	""	"0.28465"	"1.77348"	"24.393095"	"300"	"28"	"0.155992"	"9.960455936"	"380.699"	"[SAO] South Atlantic Ocean (MRGID:1914)"	"B5"
"TSC120"	"TARA_B100000519"	"TARA_076"	"DCM"	"EPI"	"non polar"	"0.22"	"3"	"2010-10-16 16:58:37"	"-21.0292"	"-35.3498"	"150"	"51"	"21.16596"	"200.32465"	"0.103558"	"36.61951"	"0.00245"	"0.047654"	""	"0.218613"	"0.051522"	"0.01195919188"	"0.0007768783447"	"0.0006"	"0.01715"	""	"4.243100035"	"0.027592"	"0.712116"	"205"	"202"	"0.084131"	"0"	""	"0.32089"	"1.931379"	"25.68731"	"176"	"28"	"0.160006"	""	"262.556"	"[SAO] South Atlantic Ocean (MRGID:1914)"	""
"TSC123"	"TARA_B100000749"	"TARA_076"	"MES"	"MES"	"non polar"	"0.22"	"3"	"2010-10-17 9:05:05"	"-20.9315"	"-35.1794"	"800"	"52"	"4.664275"	"191.413187"	""	"34.369569"	""	""	""	"33.940795"	""	"0.01195919188"	"0.0007768783447"	""	""	""	""	"0.027592"	""	"900"	"143"	"0.084131"	"0"	""	"0.20289"	"2.821232"	"27.220344"	"581"	"65"	""	""	""	"[SAO] South Atlantic Ocean (MRGID:1914)"	""
"TSC126"	"TARA_B100000513"	"TARA_076"	"SRF"	"EPI"	"non polar"	"0.22"	"3"	"2010-10-16 9:55"	"-20.9354"	"-35.1803"	"5"	"50"	"23.374825"	"206.23185"	"0.055113"	"37.076575"	"0.0019"	"0.001404"	""	"0.185971"	"0.055883"	"0.01195919188"	"0.0007768783447"	""	"0.0016"	""	"3.327863572"	"0.027592"	"0.814172"	"849"	"152"	"0.084131"	"0"	""	"0.59536"	"1.636802"	"25.40018"	"582"	"77"	"0.043286"	"2.163247646"	"237.378"	"[SAO] South Atlantic Ocean (MRGID:1914)"	"B5"
"TSC130"	"TARA_B100000530"	"TARA_078"	"DCM"	"EPI"	"non polar"	"0.22"	"3"	"2010-11-04 18:16:53"	"-30.1484"	"-43.2705"	"120"	"71"	"19.32335"	"216.6547"	"0.16855"	"36.27746"	"0.0064"	"0.053"	"0.104"	"0.085111"	""	"0.0177185568"	"0.0008625623013"	"0.002"	"0.0343"	""	""	"0.14819"	"0.319"	"166"	"4"	"0.053558"	"5.777778"	""	"1.5442"	"1.943116"	"25.920365"	"160"	"42"	"0.070387"	""	"422.487"	"[SAO] South Atlantic Ocean (MRGID:1914)"	""
"TSC132"	"TARA_B100000745"	"TARA_078"	"MES"	"MES"	"non polar"	"0.22"	"3"	"2010-11-05 12:33:27"	"-30.1471"	"-43.2915"	"800"	"11"	"5.823213"	"215.95475"	""	"34.355"	""	""	""	"28.704078"	""	"0.0177185568"	"0.0008625623013"	""	""	""	""	"0.14819"	""	"1115"	"7"	"0.053558"	"5.777778"	""	"1.6142"	"2.597631"	"27.076125"	"1116"	"885"	""	""	""	"[SAO] South Atlantic Ocean (MRGID:1914)"	""
"TSC135"	"TARA_B100000524"	"TARA_078"	"SRF"	"EPI"	"non polar"	"0.22"	"3"	"2010-11-04 10:24"	"-30.1367"	"-43.2899"	"5"	"89"	"20.07775"	"221.13845"	"0.066207"	"36.32553"	"0.0054"	""	"0.026"	"0.025333"	""	"0.0177185568"	"0.0008625623013"	""	"0.0027"	""	""	"0.14819"	"0.749"	"580"	"197"	"0.053558"	"5.777778"	""	"3.7648"	"1.674628"	"25.754115"	"600"	"887"	"0.050285"	"17.8624901"	"422.487"	"[SAO] South Atlantic Ocean (MRGID:1914)"	"B5"
"TSC138"	"TARA_B100000767"	"TARA_082"	"DCM"	"EPI"	"non polar"	"0.22"	"3"	"2010-12-06 18:58"	"-47.2007"	"-57.9446"	"40"	"18"	"7.154875"	"306.1555"	"0.507313"	"34.05055"	""	"0.1185"	"18.525"	"18.047311"	"1.356"	"0.1258335039"	"0.000290781228"	""	""	""	"13.3092264"	"0.202122"	"2.661"	"66"	"62"	"0.056052"	"0"	""	"0.82188"	"2.133364"	"26.649733"	"129"	"24"	""	""	""	"[SAO] South Atlantic Ocean (MRGID:1914)"	""
"TSC140"	"TARA_B100000768"	"TARA_082"	"SRF"	"EPI"	"non polar"	"0.22"	"3"	"2010-12-06 10:33"	"-47.1863"	"-58.2902"	"5"	"55"	"7.579417"	"303.147667"	"0.426587"	"34.05025"	""	"0.146"	"18.005"	"18.434187"	"1.302"	"0.1258335039"	"0.000290781228"	""	""	""	"14.15836175"	"0.202122"	"1.945"	"59"	"64"	"0.056052"	"0"	""	"1.211"	"2.128396"	"26.589567"	"952"	"74"	""	""	""	"[SAO] South Atlantic Ocean (MRGID:1914)"	"B8"
"TSC141"	"TARA_B100000780"	"TARA_084"	"SRF"	"EPI"	"polar"	"0.22"	"3"	"2011-01-03 11:05"	"-60.2287"	"-60.6476"	"5"	"254"	"1.9034"	"338.526"	"0.207979"	"33.7198"	""	"0.266"	"25.3"	"24.903191"	"1.723"	"0.09689381222"	"0.00000883"	""	""	""	"14.45339002"	"0.082884"	"16.55"	"75"	"69"	"-0.48219"	"1.972222"	""	"3.3784"	"2.105012"	"26.9578"	"553"	"60"	""	""	""	"[SO] Southern Ocean (MRGID:1907)"	"B8"
"TSC142"	"TARA_B100000795"	"TARA_085"	"DCM"	"EPI"	"polar"	"0.22"	"3"	"2011-01-06 19:34:21"	"-62.2231"	"-49.2139"	"90"	"42"	"-0.792395"	"326.6803"	"0.289537"	"34.36258"	""	"0.06"	"31"	"32.911358"	"2.309"	"0.007686063744"	"0.0004514625713"	""	""	""	"14.25351148"	"0.02576"	"81.82"	"177"	"55"	"-0.012327"	"19.777778"	""	"0.46757"	"2.471241"	"27.6286"	"191"	"17"	""	""	""	"[SO] Southern Ocean (MRGID:1907)"	""
"TSC144"	"TARA_B100000809"	"TARA_085"	"MES"	"MES"	"polar"	"0.22"	"3"	"2011-01-07 10:39:47"	"-61.9689"	"-49.5017"	"790"	"30"	"0.456763"	"203.7715"	""	"34.6802"	""	"0.018"	"36.37"	"38.920763"	"2.614"	"0.007686063744"	"0.0004514625713"	""	""	""	"14.8893508"	"0.02576"	"83.35"	"869"	"33"	"-0.012327"	"19.777778"	""	"0.50692"	"3.420786"	"27.8267"	"869"	"27"	""	""	""	"[SO] Southern Ocean (MRGID:1907)"	""
"TSC145"	"TARA_B100000787"	"TARA_085"	"SRF"	"EPI"	"polar"	"0.22"	"3"	"2011-01-06 10:38"	"-62.0385"	"-49.529"	"5"	"499"	"0.73159"	"344.81235"	"0.276495"	"34.327465"	"0.02675"	"0.1055"	"28.64"	"29.73383"	"2.1055"	"0.007686063744"	"0.0004514625713"	""	"0.00375"	"0.0155"	"14.12198053"	"0.02576"	"80.55"	"28"	"70"	"-0.012327"	"19.777778"	""	"0.27081"	"2.220386"	"27.52175"	"596"	"60"	""	""	""	"[SO] Southern Ocean (MRGID:1907)"	"B8"
"TSC146"	"TARA_B100001059"	"TARA_093"	"DCM"	"EPI"	"non polar"	"0.22"	"3"	"2011-03-12 19:36:38"	"-33.9116"	"-73.0537"	"35"	"24"	"15.376875"	"227.7609"	"0.484784"	"34.22887"	"0.7106"	"0.359"	"6.80275"	"2.295011"	"1.08725"	"0.0408711629"	"0.00000397"	""	"0.0898"	"0.0214"	"2.110840193"	""	"0.46"	"80"	"38"	"0.061918"	"3.25"	""	"0.39243"	"3.63327"	"25.294705"	"81"	"14"	""	""	"1463.06"	"[SPO] South Pacific Ocean (MRGID:1910)"	""
"TSC147"	"TARA_B100001063"	"TARA_093"	"SRF"	"EPI"	"non polar"	"0.22"	"3"	"2011-03-12 11:34"	"-34.0614"	"-73.1066"	"5"	"26"	"18.122955"	"243.0408"	"0.361109"	"34.31598"	"0.0218"	"0.03975"	"0.2115"	""	"0.52125"	"0.0408711629"	"0.00000397"	""	"0.0114"	""	""	""	"0.1445"	"50"	"36"	"0.061918"	"3.25"	""	"2.1058"	"2.590248"	"24.71804"	"156"	"14"	"9.46218"	"15.20077617"	"1326.935"	"[SPO] South Pacific Ocean (MRGID:1910)"	"B6"
"TSC148"	"TARA_B100001057"	"TARA_094"	"SRF"	"EPI"	"non polar"	"0.22"	"3"	"2011-03-18 11:57"	"-32.7971"	"-87.0693"	"5"	"48"	"21.121575"	"219.015"	"0.147303"	"34.682538"	"0.0013"	"0.001"	"0.029"	""	"0.2425"	"0.005629629518"	"0.00000454"	"0.00115"	"0.00325"	""	""	"0.05823"	"0.103"	"269"	"58"	"0.023496"	"1.694444"	""	"0.05004"	"1.669572"	"24.219275"	"296"	"54"	"2.600798"	""	"403.725"	"[SPO] South Pacific Ocean (MRGID:1910)"	"B6"
"TSC149"	"TARA_B100000989"	"TARA_096"	"SRF"	"EPI"	"non polar"	"0.22"	"3"	"2011-03-24 13:00"	"-29.7238"	"-101.1604"	"5"	"49"	"23.84533"	"204.54175"	"0.070669"	"35.76868"	""	""	"0.02"	"0.149932"	"0.1575"	"0.01018985702"	"0.0001486843106"	""	""	""	"0.9519492063"	"0.056696"	"0.5305"	"330"	"60"	"0.047596"	"0"	""	"0.13056"	"1.521211"	"24.269535"	"927"	"82"	"0.119752"	"0.9321774373"	"78.7293"	"[SPO] South Pacific Ocean (MRGID:1910)"	"B5"
"TSC150"	"TARA_B100001029"	"TARA_098"	"DCM"	"EPI"	"non polar"	"0.22"	"3"	"2011-04-03 21:50:58"	"-25.826"	"-111.7294"	"188"	"60"	"20.2127"	"208.821"	"0.115489"	"35.86191"	""	"0.02"	"0.05"	""	"0.1"	"0.007986359046"	"0.0002331552702"	""	""	""	""	"0.028784"	""	"391"	"71"	"-0.006839"	"0"	""	"0.13514"	"1.795236"	"25.37245"	"392"	"95"	"0.182518"	""	"68.8496"	"[SPO] South Pacific Ocean (MRGID:1910)"	""
"TSC151"	"TARA_B100001013"	"TARA_098"	"MES"	"MES"	"non polar"	"0.22"	"3"	"2011-04-04 13:55:02"	"-25.8076"	"-111.6906"	"488"	"64"	"7.96837"	"154.6701"	""	"34.3655"	""	""	"27.2885"	"24.271551"	"2.023"	"0.007986359046"	"0.0002331552702"	""	""	""	"11.99780079"	"0.028784"	"12.05"	"411"	"72"	"-0.006839"	"0"	""	"0.18166"	"2.58324"	"26.78725"	"460"	"98"	""	""	""	"[SPO] South Pacific Ocean (MRGID:1910)"	""
"TSC152"	"TARA_B100001027"	"TARA_098"	"SRF"	"EPI"	"non polar"	"0.22"	"3"	"2011-04-03 13:44"	"-25.8051"	"-111.7202"	"5"	"69"	"25.18103"	"200.40835"	"0.060509"	"36.40163"	""	"0.000563"	"0.05125"	""	"0.1815"	"0.007986359046"	"0.0002331552702"	""	""	""	""	"0.028784"	"0.385875"	"431"	"79"	"-0.006839"	"0"	""	"0.26901"	"1.457396"	"24.346275"	"485"	"109"	"0.168784"	"45.16393677"	"63.5567"	"[SPO] South Pacific Ocean (MRGID:1910)"	"B2"
"TSC153"	"TARA_B100000886"	"TARA_099"	"SRF"	"EPI"	"non polar"	"0.22"	"3"	"2011-04-09 13:56"	"-21.146"	"-104.787"	"5"	"67"	"23.88925"	"203.37975"	"0.091415"	"36.1376"	"0.0003"	"0.006"	"0.0315"	""	"0.2975"	"0.01518224614"	"0.00000458"	""	"0.0006"	""	""	"0.050989"	"0.558"	"386"	"75"	"0.00016"	"8.333333"	""	"0.25653"	"1.490169"	"24.5391"	"385"	"107"	"0.116041"	"6.997860043"	"145.99"	"[SPO] South Pacific Ocean (MRGID:1910)"	"B2"
"TSC154"	"TARA_B100000965"	"TARA_100"	"DCM"	"EPI"	"non polar"	"0.22"	"3"	"2011-04-15 19:38"	"-12.9723"	"-96.0122"	"50"	"44"	"22.596675"	"216.67805"	"0.258187"	"35.64227"	"0.0096"	"0.1635"	"5.6545"	"4.229206"	"0.7785"	"0.01842485368"	"0.00000328"	"0.0061"	"0.0099"	""	"5.432506101"	"0.045278"	"1.8815"	"149"	"53"	"0.013354"	"6"	""	"0.49273"	"2.070398"	"24.5284"	"301"	"52"	"2.396814"	"3.234998627"	"398.559"	"[SPO] South Pacific Ocean (MRGID:1910)"	""
"TSC155"	"TARA_B100000959"	"TARA_100"	"MES"	"MES"	"non polar"	"0.22"	"3"	"2011-04-16 13:03:08"	"-12.9794"	"-96.0232"	"177"	"45"	"12.806365"	"3.4942"	"0.019279"	"34.82775"	""	"0.131"	"23.251"	"20.254424"	"2.68675"	"0.01842485368"	"0.00000328"	""	"0.0001"	""	"7.538633665"	"0.045278"	"20.9015"	"148"	"56"	"0.013354"	"6"	""	"0.51034"	"3.186315"	"26.3033"	"226"	"53"	""	""	""	"[SPO] South Pacific Ocean (MRGID:1910)"	""
"TSC156"	"TARA_B100000963"	"TARA_100"	"SRF"	"EPI"	"non polar"	"0.22"	"3"	"2011-04-15 12:45"	"-13.0023"	"-95.9759"	"5"	"44"	"25.349495"	"201.0109"	"0.227673"	"35.82876"	"0.0066"	"0.137"	"6.1625"	"5.005302"	"0.67725"	"0.01842485368"	"0.00000328"	"0.0017"	"0.0049"	""	"7.3906268"	"0.045278"	"1.15025"	"149"	"53"	"0.013354"	"6"	""	"0.49273"	"1.77889"	"23.86109"	"301"	"52"	"2.396814"	"3.234998627"	"398.559"	"[SPO] South Pacific Ocean (MRGID:1910)"	"B3"
"TSC157"	"TARA_B100000902"	"TARA_102"	"DCM"	"EPI"	"non polar"	"0.22"	"3"	"2011-04-22 21:13"	"-5.2669"	"-85.2732"	"40"	"34"	"19.781235"	"104.9968"	"0.365239"	"34.884385"	"0.018"	"1.202"	"24.3645"	"18.72477"	"1.8615"	"0.03430059459"	"0.0000044"	"0.0334"	"0.038"	""	"10.05896857"	"0.012324"	"10.5045"	"48"	"44"	"0.043188"	"0"	""	"1.8132"	"2.896974"	"24.729155"	"238"	"14"	"3.035061"	""	"500.285"	"[SPO] South Pacific Ocean (MRGID:1910)"	""
"TSC158"	"TARA_B100000953"	"TARA_102"	"MES"	"MES"	"non polar"	"0.22"	"3"	"2011-04-22 12:08:28"	"-5.261"	"-85.1678"	"480"	"34"	"9.137438"	"5.148"	""	"34.692094"	""	"0.014"	"39.1775"	"40.112735"	"2.853"	"0.03430059459"	"0.0000044"	""	""	""	"14.05984402"	"0.012324"	"40.579"	"43"	"45"	"0.043188"	"0"	""	"1.8056"	"3.478053"	"26.863531"	"445"	"13"	""	""	""	"[SPO] South Pacific Ocean (MRGID:1910)"	""
"TSC159"	"TARA_B100000900"	"TARA_102"	"SRF"	"EPI"	"non polar"	"0.22"	"3"	"2011-04-21 20:07"	"-5.2529"	"-85.1545"	"5"	"24"	"24.958885"	"204.421"	"0.264409"	"34.764535"	"0.00655"	"0.3285"	"12.8225"	"13.010708"	"1.02575"	"0.03430059459"	"0.0000044"	"0.0104"	"0.00475"	""	"12.68409262"	"0.012324"	"5.04425"	"32"	"34"	"0.043188"	"0"	""	"0.21865"	"2.076027"	"23.176695"	"419"	"14"	"4.940279"	"2.550097484"	"500.285"	"[SPO] South Pacific Ocean (MRGID:1910)"	"B3"
"TSC160"	"TARA_B100000927"	"TARA_109"	"DCM"	"EPI"	"non polar"	"0.22"	"3"	"2011-05-12 22:15"	"2.0299"	"-84.5546"	"30"	"18"	"26.019185"	"199.8303"	"0.329704"	"34.475915"	"0.013"	"0.111"	"4.638"	"4.369042"	"0.50475"	"0.03865746378"	"0.00000499"	"0.0195"	"0.0234"	""	"8.655853393"	"0.005026"	"3.225"	"56"	"57"	"-0.002594"	"2.083333"	""	"2.5036"	"2.048813"	"22.63355"	"420"	"19"	"0.899006"	"33.30738399"	"379.9205"	"[NPO] North Pacific Ocean (MRGID:1908)"	""
"TSC162"	"TARA_B100000929"	"TARA_109"	"MES"	"MES"	"non polar"	"0.22"	"3"	"2011-05-13 16:08:58"	"2.0649"	"-84.5546"	"380"	"12"	"11.142362"	"2.264562"	""	"34.791419"	""	""	""	"33.049074"	""	"0.03865746378"	"0.00000499"	""	""	""	""	"0.005026"	""	"64"	"69"	"-0.002594"	"2.083333"	""	"2.3418"	"3.300821"	"26.595869"	"422"	"14"	""	""	""	"[NPO] North Pacific Ocean (MRGID:1908)"	""
"TSC163"	"TARA_B100000925"	"TARA_109"	"SRF"	"EPI"	"non polar"	"0.22"	"3"	"2011-05-12 14:00"	"1.9928"	"-84.5766"	"5"	"15"	"27.497475"	"199.6911"	"0.272009"	"33.472445"	"0.004"	"0.0455"	"0.8935"	"1.673601"	"0.2865"	"0.03865746378"	"0.00000499"	"0.005"	"0.00275"	""	"5.841539267"	"0.005026"	"1.7085"	"63"	"59"	"-0.002594"	"2.083333"	""	"1.716"	"1.900753"	"21.408655"	"395"	"13"	"1.930433"	"15.33408003"	"359.8325"	"[NPO] North Pacific Ocean (MRGID:1908)"	"B3"
"TSC165"	"TARA_B100001113"	"TARA_110"	"DCM"	"EPI"	"non polar"	"0.22"	"3"	"2011-05-21 21:00"	"-1.9002"	"-84.6265"	"50"	"21"	"22.039785"	"145.0818"	"0.282031"	"35.112815"	"0.0291"	"0.414"	"10.701"	"10.202445"	"0.9295"	"0.04252704481"	"0.00000549"	"0.005"	"0.0316"	""	"10.97627219"	"0.064745"	"5.407"	"69"	"64"	"0.032297"	"0"	""	"0.8882"	"2.184041"	"24.318245"	"369"	"14"	"4.476136"	"7.475288984"	"439.734"	"[SPO] South Pacific Ocean (MRGID:1910)"	""
"TSC166"	"TARA_B100001079"	"TARA_110"	"MES"	"MES"	"non polar"	"0.22"	"3"	"2011-05-22 13:20"	"-1.8902"	"-84.6141"	"380"	"33"	"10.082375"	"2.43975"	"0.007712"	"34.747805"	""	""	""	"26.734022"	""	"0.04252704481"	"0.00000549"	""	""	""	""	"0.064745"	""	"75"	"68"	"0.032297"	"0"	""	"0.96385"	"3.401892"	"26.748625"	"373"	"13"	""	""	""	"[SPO] South Pacific Ocean (MRGID:1910)"	""
"TSC167"	"TARA_B100001109"	"TARA_110"	"SRF"	"EPI"	"non polar"	"0.22"	"3"	"2011-05-21 12:27"	"-2.0133"	"-84.589"	"5"	"33"	"23.88816"	"191.91255"	"0.246175"	"35.012435"	"0.0125"	"0.31925"	"8.287"	"8.074076"	"0.77275"	"0.04252704481"	"0.00000549"	""	"0.00855"	""	"10.44849693"	"0.064745"	"3.8635"	"69"	"74"	"0.032297"	"0"	""	"2.3345"	"1.970432"	"23.68419"	"369"	"13"	"4.448197"	"8.674762141"	"381.2175"	"[SPO] South Pacific Ocean (MRGID:1910)"	"B3"
"TSC168"	"TARA_B100000579"	"TARA_111"	"DCM"	"EPI"	"non polar"	"0.22"	"3"	"2011-05-31 20:28:10"	"-16.9587"	"-100.6751"	"90"	"67"	"19.783275"	"208.54895"	"0.207911"	"35.69581"	"0.0035"	"0.203"	"1.2215"	"0.85366"	"0.443"	"0.01307556545"	"0.00000301"	"0.0047"	"0.0141"	""	"1.926997743"	"0.018781"	"0.9285"	"230"	"225"	"-0.075767"	"34.305556"	""	"0.51854"	"2.047239"	"25.354365"	"233"	"70"	"1.351496"	""	"386.712"	"[SPO] South Pacific Ocean (MRGID:1910)"	""
"TSC169"	"TARA_B100000586"	"TARA_111"	"MES"	"MES"	"non polar"	"0.22"	"3"	"2011-06-01 16:00:59"	"-16.9486"	"-100.6715"	"350"	"75"	"10.69894"	"4.7047"	"0.015423"	"34.7072"	""	""	""	"29.923223"	""	"0.01307556545"	"0.00000301"	""	""	""	""	"0.018781"	"0"	"261"	"85"	"-0.075767"	"34.305556"	""	"0.52069"	"3.306498"	"26.609085"	"327"	"13"	""	""	""	"[SPO] South Pacific Ocean (MRGID:1910)"	""
"TSC170"	"TARA_B100000575"	"TARA_111"	"SRF"	"EPI"	"non polar"	"0.22"	"3"	"2011-05-31 14:25"	"-16.9601"	"-100.6335"	"5"	"73"	"22.78183"	"209.1003"	"0.154999"	"35.98269"	"0.0027"	"0.0415"	"2.676"	"3.149999"	"0.5"	"0.01307556545"	"0.00000301"	""	"0.0041"	""	"6.299998"	"0.018781"	"1.0325"	"260"	"83"	"-0.075767"	"34.305556"	""	"0.69721"	"1.775215"	"24.742485"	"332"	"30"	"1.461396"	"4.631415608"	"396.755"	"[SPO] South Pacific Ocean (MRGID:1910)"	"B3"
"TSC171"	"TARA_B100000945"	"TARA_112"	"DCM"	"EPI"	"non polar"	"0.22"	"3"	"2011-06-15 0:55:48"	"-23.2189"	"-129.4997"	"155"	"131"	"21.94937"	"206.4346"	"0.145434"	"35.90434"	"0.0011"	"0.014"	"0.04175"	"0.423501"	"0.1145"	"0.006236870385"	"0.0001575009167"	""	"0.0104"	""	"3.69869869"	"0.040113"	"0.6935"	"306"	"140"	"-0.120564"	"11.083333"	""	"0.2814"	"1.745449"	"24.927695"	"302"	"146"	""	""	"109.912"	"[SPO] South Pacific Ocean (MRGID:1910)"	""
"TSC172"	"TARA_B100000949"	"TARA_112"	"MES"	"MES"	"non polar"	"0.22"	"3"	"2011-06-15 18:43:16"	"-23.2232"	"-129.5986"	"696"	"140"	"5.749106"	"200.470625"	""	"34.306075"	""	""	""	"28.329562"	""	"0.006236870385"	"0.0001575009167"	""	""	""	""	"0.040113"	""	"398"	"150"	"-0.120564"	"11.083333"	""	"0.12231"	"2.439793"	"27.043012"	"549"	"153"	""	""	""	"[SPO] South Pacific Ocean (MRGID:1910)"	""
"TSC173"	"TARA_B100000941"	"TARA_112"	"SRF"	"EPI"	"non polar"	"0.22"	"3"	"2011-06-14 16:45"	"-23.2811"	"-129.3947"	"5"	"134"	"24.26287"	"201.6702"	"0.055382"	"36.43917"	""	"0.0075"	"0.02525"	"0.167491"	"0.14225"	"0.006236870385"	"0.0001575009167"	""	"0.0018"	""	"1.177441125"	"0.040113"	"0.7425"	"433"	"142"	"-0.120564"	"11.083333"	""	"0.27844"	"1.496493"	"24.65312"	"1019"	"141"	""	""	"101.305"	"[SPO] South Pacific Ocean (MRGID:1910)"	"B2"
"TSC176"	"TARA_B100000700"	"TARA_122"	"DCM"	"EPI"	"non polar"	"0.22"	"3"	"2011-07-28 17:15:56"	"-9.0063"	"-139.1394"	"115"	"101"	"24.661385"	"178.3692"	"0.199886"	"36.101175"	"0.0028"	"0.092792"	"2.67775"	"3.213808"	"0.582933"	"0.0301115935"	"0.00000232"	"0.0093"	"0.0107"	""	"5.513168752"	"0.028977"	"1.907042"	"131"	"109"	"0.007751"	"15.833333"	""	"0.10853"	"1.880646"	"24.2843"	"186"	"15"	"1.869448"	""	"299.104"	"[SPO] South Pacific Ocean (MRGID:1910)"	""
"TSC180"	"TARA_B100000678"	"TARA_122"	"MES"	"MES"	"non polar"	"0.22"	"3"	"2011-07-27 19:28:43"	"-8.9729"	"-139.2393"	"600"	"98"	"7.133995"	"40.6107"	""	"34.5789"	""	""	""	"41.697487"	""	"0.0301115935"	"0.00000232"	""	""	""	""	"0.028977"	""	"209"	"107"	"0.007751"	"15.833333"	""	"0.1873"	"3.112808"	"27.07634"	"255"	"13"	""	""	""	"[SPO] South Pacific Ocean (MRGID:1910)"	""
"TSC184"	"TARA_B100001115"	"TARA_122"	"SRF"	"EPI"	"non polar"	"0.22"	"3"	"2011-07-26 17:10"	"-8.9971"	"-139.1963"	"5"	"102"	"26.60467"	"187.07695"	"0.177137"	"35.37032"	"0.0041"	"0.11925"	"5.456"	"5.660372"	"0.56795"	"0.0301115935"	"0.00000232"	"0.003"	"0.0045"	""	"9.966320979"	"0.028977"	"2.1905"	"235"	"112"	"0.007751"	"15.833333"	""	"0.27504"	"1.574452"	"23.122935"	"252"	"14"	"1.047198"	"3.745425599"	"299.104"	"[SPO] South Pacific Ocean (MRGID:1910)"	"B3"
"TSC191"	"TARA_B100000683"	"TARA_123"	"SRF"	"EPI"	"non polar"	"0.22"	"3"	"2011-07-31 17:20"	"-8.9068"	"-140.283"	"5"	"122"	"26.586685"	"189.6701"	"0.181215"	"35.3551"	"0.0092"	"0.14425"	"4.9015"	"4.805128"	"0.53495"	"0.02508308956"	"0.00000228"	"0.0023"	"0.01"	"0.0036"	"8.982387139"	"0.053774"	"2.2205"	"278"	"134"	"-0.011503"	"1.083333"	""	""	"1.63837"	"23.11712"	"606"	"14"	"4.664781"	"6.76762108"	"405.405"	"[SPO] South Pacific Ocean (MRGID:1910)"	"B3"
"TSC199"	"TARA_B100000674"	"TARA_124"	"SRF"	"EPI"	"non polar"	"0.22"	"3"	"2011-08-04 18:33"	"-9.1504"	"-140.5216"	"5"	"103"	"26.572419"	"190.378187"	"0.261381"	"35.384031"	"0.01184"	"0.1665"	"6.2015"	"4.965553"	"0.63025"	"0.02318862096"	"0.00000246"	"0.00937"	"0.01821"	"0.00774"	"7.878703689"	"0.043603"	"2.53325"	"241"	"113"	"0.000096"	"2.777778"	""	"0.096513"	"1.628674"	"23.143631"	"286"	"13"	"0.900291"	""	"568.237"	"[SPO] South Pacific Ocean (MRGID:1910)"	"B3"
"TSC207"	"TARA_B100001121"	"TARA_125"	"SRF"	"EPI"	"non polar"	"0.22"	"3"	"2011-08-08 17:33"	"-8.9111"	"-142.5571"	"5"	"109"	"26.80604"	"187.3321"	"0.178072"	"35.42651"	"0.0029"	"0.1945"	"3.7335"	"5.460123"	"0.55725"	"0.01748565026"	"0.00000236"	"0.0032"	"0.0077"	""	"9.798336474"	"0.014455"	"1.80475"	"281"	"119"	"-0.004254"	"0"	""	"0.19558"	"1.645425"	"23.10143"	"274"	"14"	"0.739536"	"14.73105538"	"424.306"	"[SPO] South Pacific Ocean (MRGID:1910)"	"B3"
"TSC209"	"TARA_B100000614"	"TARA_128"	"DCM"	"EPI"	"non polar"	"0.22"	"3"	"2011-09-05 18:40"	"0.0222"	"-153.6858"	"40"	"64"	"26.139288"	"177.673063"	"0.28262"	"35.146525"	"0.0082"	"0.2835"	"5.264"	"3.000673"	"0.54925"	"0.03242025431"	"0.00000335"	"0.0036"	"0.0203"	""	"5.463218935"	"0.115437"	"2.7405"	"298"	"113"	"0.069092"	"0"	""	"0.31764"	"1.708381"	"23.1032"	"376"	"15"	"1.807048"	"3.961894958"	"430.8805"	"[SPO] South Pacific Ocean (MRGID:1910)"	""
"TSC210"	"TARA_B100000609"	"TARA_128"	"SRF"	"EPI"	"non polar"	"0.22"	"3"	"2011-09-04 18:00"	"0.0003"	"-153.6759"	"5"	"77"	"26.218438"	"180.67375"	"0.25349"	"35.129025"	"0.0061"	"0.2715"	"5.0815"	"2.964091"	"0.53975"	"0.03242025431"	"0.00000335"	"0.0015"	"0.0127"	""	"5.491599815"	"0.115437"	"2.668"	"281"	"101"	"0.069092"	"0"	""	"0.28378"	"1.682422"	"23.062688"	"483"	"14"	"1.400456"	"3.961894958"	"430.8805"	"[SPO] South Pacific Ocean (MRGID:1910)"	"B3"
"TSC211"	"TARA_B100001250"	"TARA_132"	"DCM"	"EPI"	"non polar"	"0.22"	"3"	"2011-10-05 0:59:03"	"31.5168"	"-159.046"	"115"	"48"	"15.321075"	"222.94125"	"0.158691"	"34.39568"	"0.0099"	"0.017"	"0.047"	""	"0.1252"	"0.02232349788"	"0.0008143800951"	"0.0055"	"0.041"	""	""	"0.043804"	"4.4468"	"128"	"58"	"0.134524"	"0"	""	"0.95762"	"1.910665"	"25.4389"	"16"	"52"	""	""	"241.487"	"[NPO] North Pacific Ocean (MRGID:1908)"	""
"TSC212"	"TARA_B100001245"	"TARA_132"	"MES"	"MES"	"non polar"	"0.22"	"3"	"2011-10-05 20:45:47"	"31.528"	"-159.0224"	"550"	"47"	"6.634392"	"131.979417"	""	"33.991383"	""	""	""	"28.302949"	""	"0.02232349788"	"0.0008143800951"	""	""	""	""	"0.043804"	""	"137"	"56"	"0.134524"	"0"	""	"0.83732"	"3.06763"	"26.6805"	"646"	"56"	""	""	""	"[NPO] North Pacific Ocean (MRGID:1908)"	""
"TSC213"	"TARA_B100001248"	"TARA_132"	"SRF"	"EPI"	"non polar"	"0.22"	"3"	"2011-10-04 17:46"	"31.5213"	"-158.9958"	"5"	"42"	"25.164595"	"197.7245"	"0.101563"	"35.19025"	"0.0024"	"0.002"	"0.01"	"0"	"0.0062"	"0.02232349788"	"0.0008143800951"	""	"0.0035"	""	""	"0.043804"	"2.4278"	"1055"	"52"	"0.134524"	"0"	""	"0.28116"	"1.397096"	"23.434915"	"1026"	"50"	"0.159197"	"30.83859842"	"252.207"	"[NPO] North Pacific Ocean (MRGID:1908)"	"B6"
"TSC214"	"TARA_B100001094"	"TARA_133"	"DCM"	"EPI"	"non polar"	"0.22"	"3"	"2011-10-19 0:09"	"35.4002"	"-127.7499"	"45"	"11"	"13.874505"	"236.1591"	"0.389715"	"33.208145"	"0.03465"	"0.06"	"0.92875"	"1.185394"	"0.43225"	"0.01967267366"	"0.0001642235717"	"0.0169"	"0.10295"	""	"2.742380567"	"0.043359"	"2.65725"	"95"	"38"	"-0.465615"	"41.555556"	""	"1.0633"	"2.683702"	"24.82737"	"530"	"29"	"2.487635"	"5.831552295"	"662.276"	"[NPO] North Pacific Ocean (MRGID:1908)"	""
"TSC215"	"TARA_B100001105"	"TARA_133"	"MES"	"MES"	"non polar"	"0.22"	"3"	"2011-10-19 19:27:16"	"35.2698"	"-127.7268"	"650"	"13"	"4.918875"	"9.46475"	""	"34.333562"	""	""	""	"43.553981"	""	"0.01967267366"	"0.0001642235717"	"0"	""	""	""	"0.043359"	""	"49"	"42"	"-0.465615"	"41.555556"	""	"0.36992"	"3.758179"	"27.162231"	"656"	"33"	""	""	""	"[NPO] North Pacific Ocean (MRGID:1908)"	""
"TSC216"	"TARA_B100001093"	"TARA_133"	"SRF"	"EPI"	"non polar"	"0.22"	"3"	"2011-10-18 15:35"	"35.3671"	"-127.7422"	"5"	"11"	"19.24802"	"223.159"	"0.140785"	"33.07013"	"0.00805"	"0.002"	"0.011"	""	"0.2925"	"0.01967267366"	"0.0001642235717"	"0.0022"	"0.01845"	""	""	"0.043359"	"1.95475"	"95"	"41"	"-0.465615"	"41.555556"	""	"0.87662"	"1.791365"	"23.48431"	"532"	"33"	"4.525933"	"24.97437609"	"662.276"	"[NPO] North Pacific Ocean (MRGID:1908)"	"B6"
"TSC217"	"TARA_B100001964"	"TARA_137"	"DCM"	"EPI"	"non polar"	"0.22"	"3"	"2011-12-02 20:42"	"14.2075"	"-116.6468"	"40"	"28"	"20.58574"	"123.201"	"0.366719"	"34.366025"	"0.0228"	"0.3055"	"6.0475"	"7.312792"	"0.884"	"0.01620017908"	"0.00000421"	"0.0238"	"0.0606"	""	"8.27238914"	"0.032361"	"4.661"	"39"	"39"	"0.075315"	"0"	""	"0.53045"	"2.394612"	"24.14088"	"206"	"16"	"0.107489"	""	"455.515"	"[NPO] North Pacific Ocean (MRGID:1908)"	""
"TSC218"	"TARA_B100001971"	"TARA_137"	"MES"	"MES"	"non polar"	"0.22"	"3"	"2011-12-03 14:31:20"	"14.2025"	"-116.6433"	"375"	"28"	"8.887131"	"0.832313"	""	"34.5882"	""	"0.0093"	"34.551"	"35.049476"	"2.9545"	"0.01620017908"	"0.00000421"	""	""	""	"11.86308208"	"0.032361"	"46.6245"	"40"	"40"	"0.075315"	"0"	""	"0.3853"	"3.389521"	"26.820475"	"351"	"14"	""	""	""	"[NPO] North Pacific Ocean (MRGID:1908)"	""
"TSC219"	"TARA_B100001287"	"TARA_137"	"SRF"	"EPI"	"non polar"	"0.22"	"3"	"2011-12-02 14:12"	"14.2035"	"-116.6261"	"5"	"29"	"26.478605"	"195.77195"	"0.251665"	"33.84798"	"0.0081"	"0.067"	"2.444"	"3.740793"	"0.456"	"0.01620017908"	"0.00000421"	"0.0044"	"0.0118"	""	"8.203493421"	"0.032361"	"2.538"	"44"	"39"	"0.075315"	"0"	""	"0.40468"	"1.755806"	"22.01524"	"630"	"13"	"1.278263"	"16.24094628"	"457.785"	"[NPO] North Pacific Ocean (MRGID:1908)"	"B5"
"TSC220"	"TARA_B100001996"	"TARA_138"	"DCM"	"EPI"	"non polar"	"0.22"	"3"	"2011-12-11 13:27:34"	"6.3378"	"-102.9538"	"60"	"42"	"17.291965"	"41.52515"	"0.219944"	"34.664045"	"0.0132"	"0.464"	"12.904"	"25.65001"	"1.108"	"0.01317254656"	"0.00000469"	"0.0089"	"0.0475"	""	"23.14982852"	"0.020154"	"8.073"	"48"	"53"	"-0.002795"	"0"	""	"0.22659"	"2.388755"	"25.194555"	"120"	"14"	""	""	"234.6485"	"[NPO] North Pacific Ocean (MRGID:1908)"	""
"TSC221"	"TARA_B100002003"	"TARA_138"	"MES"	"MES"	"non polar"	"0.22"	"3"	"2011-12-11 20:37:22"	"6.3559"	"-103.0598"	"450"	"38"	"8.149894"	"1.013313"	""	"34.608919"	"0.0018"	"0.0078"	"36.219"	"36.753654"	"3.155"	"0.01317254656"	"0.00000469"	""	""	""	"11.64933566"	"0.020154"	"52.9225"	"49"	"49"	"-0.002795"	"0"	""	"0.17526"	"3.439414"	"26.951444"	"482"	"15"	""	""	""	"[NPO] North Pacific Ocean (MRGID:1908)"	""
"TSC222"	"TARA_B100001989"	"TARA_138"	"SRF"	"EPI"	"non polar"	"0.22"	"3"	"2011-12-10 14:08"	"6.3332"	"-102.9432"	"5"	"45"	"26.605515"	"196.2029"	"0.125361"	"33.52041"	"0.0032"	"0.003"	"0.002"	"0.803918"	"0.1575"	"0.01317254656"	"0.00000469"	""	"0.0059"	""	"5.10424127"	"0.020154"	"1.1855"	"64"	"57"	"-0.002795"	"0"	""	"0.37589"	"1.444322"	"21.72899"	"483"	"13"	"1.839439"	"6.08371488"	"234.775"	"[NPO] North Pacific Ocean (MRGID:1908)"	"B3"
"TSC223"	"TARA_B100002019"	"TARA_140"	"SRF"	"EPI"	"non polar"	"0.22"	"3"	"2011-12-21 16:20"	"7.4122"	"-79.3017"	"5"	"26"	"26.555663"	"205.411"	"0.182274"	"28.922675"	"0.04365"	"0.0043"	"0.00275"	""	"0.09345"	"0.01784556669"	"0.0000348"	"0.0037"	"0.01655"	""	""	""	"0.63375"	"52"	"42"	"0.254223"	"2"	""	"0.52326"	"1.782691"	"18.28625"	"360"	"14"	"6.201284"	"3.910561374"	"346.295"	"[NPO] North Pacific Ocean (MRGID:1908)"	"B3"
"TSC224"	"TARA_B100001939"	"TARA_141"	"SRF"	"EPI"	"non polar"	"0.22"	"3"	"2011-12-30 13:35"	"9.8481"	"-80.0454"	"5"	"34"	"27.1673"	"195.502875"	"0.094165"	"34.80515"	""	"0.00205"	"0.0005"	""	"0.0132"	"0.008022052624"	"0.001378918474"	""	""	""	""	""	"1.1195"	"968"	"66"	""	"0"	""	"0.2852"	"1.82175"	"22.518037"	"488"	"13"	"18.283473"	"1.783837916"	"227.9515"	"[NAO] North Atlantic Ocean (MRGID:1912)"	"B5"
"TSC225"	"TARA_B100002052"	"TARA_142"	"DCM"	"EPI"	"non polar"	"0.22"	"3"	"2012-01-09 20:17:16"	"25.6168"	"-88.4532"	"125"	"145"	"24.961605"	"193.38225"	"0.114913"	"36.17927"	"0.0189"	"0.0175"	"0.0615"	""	"0.02"	"0.009340255676"	"0.001168249602"	"0.001"	"0.041"	""	""	"0.044572"	"1.168"	"321"	"154"	"-2.922481"	"25.75"	""	"0.27169"	"1.681699"	"24.25287"	"205"	"14"	"4.063066"	""	"323.202"	"[NAO] North Atlantic Ocean (MRGID:1912)"	""
"TSC226"	"TARA_B100002049"	"TARA_142"	"MES"	"MES"	"non polar"	"0.22"	"3"	"2012-01-10 14:49:35"	"25.6236"	"-88.45"	"640"	"147"	"9.735075"	"108.231313"	""	"35.165212"	""	""	""	"31.001404"	"1.2175"	"0.009340255676"	"0.001168249602"	""	""	""	"25.4631655"	"0.044572"	"8.624"	"740"	"156"	"-2.922481"	"25.75"	""	"0.26197"	"2.638681"	"27.13905"	"654"	"14"	""	""	""	"[NAO] North Atlantic Ocean (MRGID:1912)"	""
"TSC227"	"TARA_B100002051"	"TARA_142"	"SRF"	"EPI"	"non polar"	"0.22"	"3"	"2012-01-09 13:41"	"25.5264"	"-88.394"	"5"	"151"	"24.98456"	"195.54125"	"0.123459"	"36.177285"	"0.018"	"0.0195"	"0.049"	""	"0.003"	"0.009340255676"	"0.001168249602"	"0.001"	"0.0392"	""	""	"0.044572"	"1.218"	"975"	"160"	"-2.922481"	"25.75"	""	"0.30297"	"1.604851"	"24.236425"	"606"	"13"	"5.325081"	"22.33385254"	"320.2775"	"[NAO] North Atlantic Ocean (MRGID:1912)"	"B5"
"TSC228"	"TARA_B100001146"	"TARA_145"	"MES"	"MES"	"non polar"	"0.22"	"3"	"2012-02-02 18:36:58"	"39.2392"	"-70.0343"	"590"	"125"	"5.004169"	"232.660562"	""	"34.963392"	""	""	""	"19.964889"	""	"0.01313080499"	"0.0008945992158"	""	""	""	""	"0.144593"	""	"92"	"100"	"-0.044917"	"3.472222"	""	"2.7923"	"2.860482"	"27.649883"	"176"	"696"	""	""	""	"[NAO] North Atlantic Ocean (MRGID:1912)"	""
"TSC229"	"TARA_B100001142"	"TARA_145"	"SRF"	"EPI"	"non polar"	"0.22"	"3"	"2012-02-02 11:52"	"39.2305"	"-70.0377"	"5"	"128"	"13.993715"	"236.78925"	"0.169817"	"35.12152"	"0.10205"	"0.093"	"3.7925"	"5.013141"	"0.33275"	"0.01313080499"	"0.0008945992158"	"0.0164"	"0.0266"	""	"15.06578813"	"0.144593"	"2.41425"	"105"	"100"	"-0.044917"	"3.472222"	""	"2.1983"	"2.515102"	"26.282555"	"212"	"1026"	"0.977217"	"1.468749847"	"378.0515"	"[NAO] North Atlantic Ocean (MRGID:1912)"	"B5"
"TSC230"	"TARA_B100001167"	"TARA_146"	"MES"	"MES"	"non polar"	"0.22"	"3"	"2012-02-16 12:01:25"	"34.6663"	"-71.2907"	"640"	"194"	"10.6855"	"137.3344"	"0.007712"	"35.36729"	""	""	"20.025"	"21.943329"	"1.3135"	"0.005640432006"	"0.001105931102"	""	""	""	"16.70599848"	"0.04793"	"13.2415"	"772"	"210"	"-4.060752"	"91"	""	"0.76677"	"2.690263"	"27.13082"	"637"	"27"	""	""	""	"[NAO] North Atlantic Ocean (MRGID:1912)"	""
"TSC231"	"TARA_B100001540"	"TARA_146"	"SRF"	"EPI"	"non polar"	"0.22"	"3"	"2012-02-15 12:54"	"34.6712"	"-71.3093"	"5"	"0"	"19.312775"	"213.9635"	"0.126112"	"36.513137"	""	"0.2225"	"0.7375"	"1.279722"	""	"0.005640432006"	"0.001105931102"	""	""	""	""	"0.04793"	"0.944"	"220"	"218"	"-4.060752"	"91"	""	"0.9972"	"1.78383"	"26.097587"	"623"	"956"	"0.496762"	"2.025266857"	"391.969"	"[NAO] North Atlantic Ocean (MRGID:1912)"	"B5"
"TSC232"	"TARA_B100001750"	"TARA_148"	"MES"	"MES"	"non polar"	"0.22"	"3"	"2012-02-27 15:28:31"	"34.1504"	"-56.9684"	"250"	"177"	"18.129194"	"192.246187"	""	"36.565812"	""	"0.0305"	"4.1285"	"3.578039"	"0.179"	"0.00940477817"	"0.0009707277544"	""	""	""	"19.98904469"	""	"1.6225"	"171"	"180"	""	"0"	""	"0.80521"	"2.077387"	"26.450856"	"781"	"13"	""	""	""	"[NAO] North Atlantic Ocean (MRGID:1912)"	""
"TSC233"	"TARA_B100001741"	"TARA_148"	"SRF"	"EPI"	"non polar"	"0.22"	"3"	"2012-02-24 11:40"	"31.6948"	"-64.2489"	"5"	"134"	"20.481195"	"213.6889"	"0.120903"	"36.596745"	""	"0.093"	"0.1505"	"1.009924"	"0.0015"	"0.006396831479"	"0.001041270967"	""	""	""	"673.2826667"	"0.085786"	"0.728"	""	"186"	"0.069438"	"1.333333"	""	"0.12223"	"1.674064"	"25.85157"	"824"	"16"	"1.789729"	"8.035063198"	"382.043"	"[NAO] North Atlantic Ocean (MRGID:1912)"	"B5"
"TSC234"	"TARA_B100001765"	"TARA_149"	"MES"	"MES"	"non polar"	"0.22"	"3"	"2012-03-01 18:50:26"	"34.0771"	"-49.8233"	"740"	"150"	"10.496305"	"152.7195"	"0.00482"	"35.369805"	""	"0.00725"	"20.924"	"20.172519"	"1.34475"	"0.01127437657"	"0.0009838437739"	""	""	""	"15.00094367"	"0.079308"	""	"878"	"150"	"0.275561"	"0"	""	"0.59747"	"2.634028"	"27.170345"	"750"	"14"	""	""	""	"[NAO] North Atlantic Ocean (MRGID:1912)"	""
"TSC235"	"TARA_B100001758"	"TARA_149"	"SRF"	"EPI"	"non polar"	"0.22"	"3"	"2012-03-01 10:48"	"34.1132"	"-49.9181"	"5"	"167"	"18.82554"	"220.9492"	"0.156401"	"36.41274"	""	"0.25"	"0.68"	"0.808032"	"0.06"	"0.01127437657"	"0.0009838437739"	""	""	""	"13.4672"	"0.079308"	""	"165"	"171"	"0.275561"	"0"	""	"0.34844"	"1.734471"	"26.146925"	"748"	"14"	"5.539553"	"3.073442594"	"601.62"	"[NAO] North Atlantic Ocean (MRGID:1912)"	"B5"
"TSC236"	"TARA_B100001778"	"TARA_150"	"DCM"	"EPI"	"non polar"	"0.22"	"3"	"2012-03-05 17:34"	"35.8427"	"-37.1526"	"40"	"61"	"17.585567"	"229.097917"	"0.21402"	"36.285033"	""	"0.04"	"0.1745"	"0.61356"	""	"0.0134359668"	"0.001100776843"	""	""	""	""	"0.073051"	"0.8423"	"129"	"105"	"-0.032539"	"1.388889"	""	"0.44063"	"1.79022"	"26.360683"	"547"	"13"	"0.201174"	"3.03088659"	"627.014"	"[NAO] North Atlantic Ocean (MRGID:1912)"	""
"TSC237"	"TARA_B100001769"	"TARA_150"	"SRF"	"EPI"	"non polar"	"0.22"	"3"	"2012-03-05 9:25"	"35.9346"	"-37.3032"	"5"	"77"	"17.627142"	"229.368083"	"0.191003"	"36.285292"	""	"0.0355"	"0.1695"	"0.120853"	"0.0055"	"0.0134359668"	"0.001100776843"	""	""	""	"21.97327273"	"0.073051"	"0.8358"	"90"	"92"	"-0.032539"	"1.388889"	""	"0.54808"	"1.79022"	"26.349408"	"632"	"15"	"0.412354"	"9.709899984"	"573.697"	"[NAO] North Atlantic Ocean (MRGID:1912)"	"B5"
"TSC238"	"TARA_B100001559"	"TARA_151"	"DCM"	"EPI"	"non polar"	"0.22"	"3"	"2012-03-09 17:42:29"	"36.1811"	"-28.9373"	"80"	"48"	"16.74703"	"228.11655"	"0.16463"	"36.182395"	""	"0.0415"	"0.142"	"1.005795"	"0.022"	"0.02104487177"	"0.001299509817"	""	""	""	"45.71795455"	"0.025897"	"0.6335"	"108"	"108"	"-0.157861"	"37.583333"	""	"0.75617"	"1.900875"	"26.48531"	"170"	"52"	"1.379385"	""	"466.322"	"[NAO] North Atlantic Ocean (MRGID:1912)"	""
"TSC239"	"TARA_B100001564"	"TARA_151"	"SRF"	"EPI"	"non polar"	"0.22"	"3"	"2012-03-09 8:59"	"36.1715"	"-29.023"	"5"	"56"	"17.303005"	"232.28725"	"0.111686"	"36.229605"	""	"0.019"	"0.02"	"0.296016"	"0.0125"	"0.02104487177"	"0.001299509817"	""	""	""	"23.68128"	"0.025897"	"0.6545"	"993"	"118"	"-0.157861"	"37.583333"	""	"1.5662"	"1.76176"	"26.38564"	"699"	"14"	"4.591674"	"16.2495242"	"444.0935"	"[NAO] North Atlantic Ocean (MRGID:1912)"	"B5"
"TSC240"	"TARA_B100001179"	"TARA_152"	"MES"	"MES"	"non polar"	"0.22"	"3"	"2012-03-19 14:59:48"	"43.7182"	"-16.8714"	"800"	"138"	"10.167675"	"174.851333"	""	"35.570583"	""	""	""	"17.58633"	""	"0.0225599464"	"0.0009947619304"	""	""	""	""	"0.033926"	""	"922"	"922"	"-0.093316"	"6.083333"	""	"0.60333"	"2.708962"	"27.385592"	"883"	"13"	""	""	""	"[NAO] North Atlantic Ocean (MRGID:1912)"	""
"TSC242"	"TARA_B100001173"	"TARA_152"	"SRF"	"EPI"	"non polar"	"0.22"	"3"	"2012-03-19 8:18"	"43.6792"	"-16.8344"	"5"	"144"	"14.31675"	"242.8405"	"0.191493"	"35.99167"	""	"0.3105"	"2.159"	"3.209219"	"0.1595"	"0.0225599464"	"0.0009947619304"	""	""	""	"20.1204953"	"0.033926"	"1.236"	"521"	"505"	"-0.093316"	"6.083333"	""	"0.63127"	"1.931107"	"26.88634"	"523"	"14"	"1.522932"	"7.975531073"	"423.271"	"[NAO] North Atlantic Ocean (MRGID:1912)"	"B7"
"TSC245"	"TARA_B110000003"	"TARA_155"	"SRF"	"EPI"	"polar"	"0.22"	"3"	"2013-05-24 5:36:00"	"54.5305"	"-16.9377"	"5"	"64"	"11.09547"	"271.064125"	"0.772148"	"35.32522"	"0.1019"	"0.237125"	"8.035625"	"4.467439"	"0.401861"	"0.007189204509"	"0.0004261557624"	"0.00735"	"0.01065"	"0.02345"	"11.11687623"	"0.101888"	"0.967928"	"561"	"37"	"0.157922"	"0"	"178.103734"	"0.54836"	"1.773811"	"27.01156"	"720"	"16"	""	""	""	"[NAO] North Atlantic Ocean (MRGID:1912)"	"B6"
"TSC246"	"TARA_B110000008"	"TARA_155"	"DCM"	"EPI"	"polar"	"0.22"	"3"	"2013-05-25 9:07:00"	"54.5451"	"-16.7943"	"40"	"31"	"10.79018"	"266.473125"	"0.789471"	"35.335155"	"0.0298"	"0.071"	"10.158"	"7.129639"	"0.566253"	"0.007189204509"	"0.0004261557624"	"0.0004"	"0.0044"	"0.0121"	"12.59090724"	"0.101888"	"3.554362"	"1021"	"32"	"0.157922"	"0"	"14.280855"	"0.28477"	"1.814179"	"27.07531"	"743"	"16"	""	""	""	"[NAO] North Atlantic Ocean (MRGID:1912)"	""
"TSC247"	"TARA_B110000014"	"TARA_155"	"MES"	"MES"	"polar"	"0.22"	"3"	"2013-05-24 13:15:00"	"54.5742"	"-16.8345"	"751"	"343"	"8.923581"	"208.76175"	""	"35.40565"	""	""	""	"13.716288"	""	"0.007189204509"	"0.0004261557624"	""	""	""	""	"0.101888"	""	"825"	"32"	"0.157922"	"0"	"0.000362"	"0.34844"	"1.960961"	"27.460706"	"773"	"15"	""	""	""	"[NAO] North Atlantic Ocean (MRGID:1912)"	""
"TSC248"	"TARA_B110000027"	"TARA_168"	"SRF"	"EPI"	"polar"	"0.22"	"3"	"2013-07-01 3:20:00"	"72.5128"	"44.0775"	"5"	"15"	"7.48766"	"299.0073"	"0.825342"	"34.92331"	"0.217"	""	"0.0595"	""	""	"0.006979311196"	"0.0004300054085"	"0.00275"	"0.01695"	""	""	"0.011037"	"1.725127"	"244"	"31"	"-0.011538"	"1.222222"	"217.805071"	"0.45599"	"2.102862"	"27.289205"	"154"	"35"	""	""	""	"[AO] Arctic Ocean (MRGID:1906)"	"B8"
"TSC250"	"TARA_B110000046"	"TARA_168"	"DCM"	"EPI"	"polar"	"0.22"	"3"	"2013-07-01 12:34:00"	"72.5432"	"44.102"	"40"	"19"	"3.824545"	"326.3609"	"1.1063"	"34.975345"	"0.1971"	"0.063"	"0.821"	""	"0.098435"	"0.006979311196"	"0.0004300054085"	"0.0094"	""	"0.0103"	""	"0.011037"	"1.135333"	"103"	"35"	"-0.011538"	"1.222222"	"2.474629"	"0.92917"	"2.454789"	"27.784685"	"245"	"36"	""	""	""	"[AO] Arctic Ocean (MRGID:1906)"	""
"TSC251"	"TARA_B110000090"	"TARA_173"	"SRF"	"EPI"	"polar"	"0.22"	"3"	"2013-07-08 4:12:00"	"78.9564"	"79.4201"	"5"	"15"	"-0.160312"	"385.28075"	"0.417069"	"33.613775"	"0.43265"	"0.0015"	"0.441"	"2.099614"	"0.056871"	"0.004081616285"	"0.001215531471"	"0.00325"	"0.00095"	"0.0218"	"36.9188866"	""	"0.273079"	"46"	"19"	""	"4.833333"	"161.90166"	"0.84307"	"2.28495"	"26.994413"	"47"	"14"	""	""	""	"[AO] Arctic Ocean (MRGID:1906)"	"B8"
"TSC252"	"TARA_B110000091"	"TARA_173"	"DCM"	"EPI"	"polar"	"0.22"	"3"	"2013-07-08 11:00:00"	"78.9354"	"79.0604"	"35"	"15"	"-1.29785"	"348.000625"	"2.003142"	"34.4561"	"1.3839"	"0.026"	"1.709"	"4.427788"	"0.209065"	"0.004081616285"	"0.001215531471"	"0.0037"	""	"0.0542"	"21.17900175"	""	"0.231772"	"46"	"19"	""	"4.833333"	"2.853256"	"0.84307"	"3.166069"	"27.72345"	"47"	"14"	""	""	""	"[AO] Arctic Ocean (MRGID:1906)"	""
"TSC254"	"TARA_B110000114"	"TARA_175"	"SRF"	"EPI"	"polar"	"0.22"	"3"	"2013-07-10 3:58:00"	"79.2233"	"66.3435"	"5"	"374"	"1.365705"	"369.289812"	"1.019477"	"34.264755"	"0.21605"	"0.001"	"0.3685"	"2.150477"	"0.063634"	"0.0005893733287"	"0.001093379765"	"0.01165"	"0.01385"	"0.0054"	"33.79446522"	""	"0.523062"	"377"	"34"	""	"0"	"79.822933"	"1.0604"	"2.134432"	"27.429195"	"322"	"13"	""	""	""	"[AO] Arctic Ocean (MRGID:1906)"	"B8"
"TSC256"	"TARA_B110000196"	"TARA_163"	"MES"	"MES"	"polar"	"0.22"	"3"	"2013-06-10 8:38:00"	"76.1246"	"1.3648"	"499"	"0"	"0.099535"	"315.37205"	""	"34.94578"	""	""	""	"13.010683"	""	"0.01455705236"	"0.0008741565398"	""	""	""	""	"0.058176"	""	"607"	"573"	"-0.007624"	"3.277778"	"0.000227"	"1.1058"	"2.250862"	"28.05824"	"104"	"584"	""	""	""	"[AO] Arctic Ocean (MRGID:1906)"	""
"TSC257"	"TARA_B110000208"	"TARA_178"	"SRF"	"EPI"	"polar"	"0.22"	"3"	"2013-07-15 2:11:00"	"77.1604"	"73.2057"	"5"	"16"	"1.325833"	"348.196667"	"0.119264"	"34.142392"	"0.023975"	"0.008333"	"0.278"	""	"0.047034"	"0.003428314017"	"0.0013285035"	"0.0034"	"0.00305"	""	""	""	"0.244154"	""	"25"	"-0.040917"	"0"	"174.469782"	"3.0358"	"2.15788"	"27.333308"	"310"	"28"	""	""	""	"[AO] Arctic Ocean (MRGID:1906)"	"B8"
"TSC258"	"TARA_B110000211"	"TARA_180"	"DCM"	"EPI"	"polar"	"0.22"	"3"	"2013-07-18 8:27:00"	"74.8283"	"76.2096"	"30"	"11"	"-1.533492"	"356.223917"	"0.509085"	"33.646092"	"0.6226"	"0.075667"	"2.080833"	""	"0.482771"	"0.003474399098"	"0.00138765591"	""	""	"0.0112"	""	""	"8.877352"	""	"5"	"0.010402"	"3.777778"	"3.869806"	""	"6.974842"	"27.072625"	"34"	"23"	""	""	""	"[AO] Arctic Ocean (MRGID:1906)"	""
"TSC259"	"TARA_B110000238"	"TARA_188"	"SRF"	"EPI"	"polar"	"0.22"	"3"	"2013-08-15 0:30:00"	"78.2518"	"91.8557"	"5"	"27"	"-1.649738"	"388.303875"	"1.417326"	"32.950844"	"1.68195"	"0.074"	"0.513"	""	"0.216027"	"0.002257904109"	"0.001304139053"	"0.0316"	""	"0.2274"	""	""	"0.465648"	""	"20"	"-0.072783"	"0"	"82.927971"	"2.8604"	"2.853854"	"26.511331"	"27"	"14"	""	""	""	"[AO] Arctic Ocean (MRGID:1906)"	"B8"
"TSC260"	"TARA_B110000240"	"TARA_188"	"DCM"	"EPI"	"polar"	"0.22"	"3"	"2013-08-15 7:54:00"	"78.3555"	"91.6084"	"17"	"27"	"-1.647244"	"373.061"	"1.375654"	"33.436706"	"1.7308"	"0.124"	"1.227"	""	"0.307592"	"0.002257904109"	"0.001304139053"	"0.0164"	""	"0.1738"	""	""	"0.851791"	""	"20"	"-0.072783"	"0"	"13.783597"	"2.8604"	"2.982844"	"26.906337"	"27"	"14"	""	""	""	"[AO] Arctic Ocean (MRGID:1906)"	""
"TSC261"	"TARA_B110000259"	"TARA_189"	"SRF"	"EPI"	"polar"	"0.22"	"3"	"2013-08-27 1:53:00"	"77.9028"	"117.1545"	"5"	"150"	"0.10149"	"363.6485"	"0.815481"	"28.82053"	""	""	""	""	""	"0.0006205835392"	"0.00127005092"	""	""	""	""	""	""	""	"6"	""	"0"	"36.980174"	""	"5.496034"	"23.11621"	"1010"	"13"	""	""	""	"[AO] Arctic Ocean (MRGID:1906)"	"B8"
"TSC262"	"TARA_B110000261"	"TARA_189"	"DCM"	"EPI"	"polar"	"0.22"	"3"	"2013-08-27 11:40:00"	"77.9668"	"116.6556"	"20"	"499"	"-0.607125"	"371.05845"	"0.892787"	"32.726735"	""	""	""	""	""	"0.0006205835392"	"0.00127005092"	""	""	""	""	""	""	""	"5"	""	"0"	"5.979815"	"0.68124"	"4.162668"	"26.29815"	"618"	"13"	""	""	""	"[AO] Arctic Ocean (MRGID:1906)"	""
"TSC263"	"TARA_B110000263"	"TARA_189"	"MES"	"MES"	"polar"	"0.22"	"3"	"2013-08-28 0:47:00"	"78.0391"	"116.4105"	"299"	"499"	"1.59404"	"293.889"	""	"34.92558"	""	""	""	""	""	"0.0006205835392"	"0.00127005092"	""	""	""	""	""	""	""	"4"	""	"0"	"0.000272"	"3.8218"	"2.592579"	"27.94409"	"844"	"16"	""	""	""	"[AO] Arctic Ocean (MRGID:1906)"	""
"TSC264"	"TARA_B110000285"	"TARA_191"	"SRF"	"EPI"	"polar"	"0.22"	"3"	"2013-09-02 22:37:00"	"71.5955"	"160.9383"	"5"	"0"	"1.48885"	"340.44375"	"0.431723"	"28.41685"	"0.05735"	"0.07525"	"1.06325"	"0"	"1.195806"	"0.0002604432583"	"0.001360622002"	"0.00085"	"0.0039"	"0.0083"	""	""	"19.646147"	""	""	"-0.089788"	"2.777778"	"4.612347"	""	"6.44771"	"22.7306"	"0"	"0"	""	""	""	"[AO] Arctic Ocean (MRGID:1906)"	"B8"
"TSC265"	"TARA_B110000305"	"TARA_196"	"SRF"	"EPI"	"polar"	"0.22"	"3"	"2013-09-14 17:30:00"	"71.8895"	"-154.9101"	"5"	"14"	"2.5694"	"336.04075"	"0.485962"	"28.60925"	"0.22775"	"0.0865"	"0.4235"	"1.604622"	"0.430504"	"0.02845389955"	"0.0002410705996"	"0.02025"	"0.00885"	"0.00425"	"3.727310315"	""	"2.822912"	"43"	"21"	""	"0"	"30.661175"	"1.3129"	"4.533623"	"22.8182"	"173"	"27"	""	""	""	"[AO] Arctic Ocean (MRGID:1906)"	"B8"
"TSC266"	"TARA_B110000438"	"TARA_210"	"MES"	"MES"	"polar"	"0.22"	"3"	"2013-10-27 16:30:00"	"61.5754"	"-55.9846"	"391"	"274"	"4.791395"	"271.8744"	""	"34.939595"	"0.0023"	"0.134"	"9.908"	"16.017641"	"0.851461"	"0.03517930644"	"0.000208521468"	""	"0.0011"	"0.0024"	"18.81194911"	"0.078105"	"4.07817"	"73"	"79"	"0.215913"	"0"	"0.000362"	"0.64044"	"2.284852"	"27.65512"	"317"	"13"	""	""	""	"[AO] Arctic Ocean (MRGID:1906)"	""
"TSC267"	"TARA_B110000444"	"TARA_210"	"SRF"	"EPI"	"polar"	"0.22"	"3"	"2013-10-27 10:16:00"	"61.5427"	"-55.9869"	"5"	"147"	"5.295265"	"293.84675"	"0.613636"	"34.212769"	"0.1275"	"0.31575"	"5.8035"	"8.286479"	"0.511975"	"0.03517930644"	"0.000208521468"	"0.00775"	"0.04545"	"0.0063"	"16.1853196"	"0.078105"	"2.252584"	"95"	"82"	"0.215913"	"0"	"26.400442"	"0.82664"	"2.274721"	"27.017281"	"135"	"14"	""	""	""	"[AO] Arctic Ocean (MRGID:1906)"	"B8"
"TSC268"	"TARA_B110000459"	"TARA_209"	"SRF"	"EPI"	"polar"	"0.22"	"3"	"2013-10-23 10:25:00"	"64.7127"	"-53.0106"	"5"	"17"	"2.496125"	"323.901563"	"0.825917"	"32.603119"	""	""	""	"6.131005"	""	"0.02943357639"	"0.0004888308031"	""	""	""	""	""	""	"498"	"94"	"-0.050291"	"5.666667"	"6.417754"	"3.0908"	"2.723684"	"26.011175"	"498"	"15"	""	""	""	"[AO] Arctic Ocean (MRGID:1906)"	"B8"
"TSC269"	"TARA_B110000467"	"TARA_209"	"MES"	"MES"	"polar"	"0.22"	"3"	"2013-10-23 17:36:00"	"64.7"	"-52.996"	"351"	"17"	"4.20173"	"273.02835"	""	"34.59923"	"0.0102"	""	""	"10.622333"	""	"0.02943357639"	"0.0004888308031"	""	"0.0019"	"0.009"	""	""	""	"426"	"89"	"-0.050291"	"5.666667"	"0.000362"	"0.89078"	"2.548801"	"27.448865"	"424"	"14"	""	""	""	"[AO] Arctic Ocean (MRGID:1906)"	""
"TSC270"	"TARA_B110000483"	"TARA_206"	"SRF"	"EPI"	"polar"	"0.22"	"3"	"2013-10-12 11:09:00"	"70.9574"	"-53.5989"	"5"	"231"	"1.445315"	"328.54665"	"0.771475"	"32.08329"	"0.1842"	"0.128"	"1.24175"	"3.615087"	"0.220883"	"0.02279375462"	"0.0004943356374"	"0.02145"	"0.0607"	"0.0084"	"16.36652436"	""	"1.04231"	"55"	"58"	""	"0"	"25.803359"	""	"2.515363"	"25.673125"	"249"	"13"	""	""	""	"[AO] Arctic Ocean (MRGID:1906)"	"B8"
"TSC271"	"TARA_B110000495"	"TARA_206"	"MES"	"MES"	"polar"	"0.22"	"3"	"2013-10-12 18:02:00"	"70.9433"	"-53.5127"	"411"	"205"	"3.03554"	"230.0861"	""	"34.50669"	""	""	""	"13.409788"	""	"0.02279375462"	"0.0004943356374"	""	""	""	""	""	""	"505"	"35"	""	"0"	"0.000362"	""	"3.097493"	"27.488995"	"472"	"15"	""	""	""	"[AO] Arctic Ocean (MRGID:1906)"	""
"TSC272"	"TARA_B110000503"	"TARA_180"	"SRF"	"EPI"	"polar"	"0.22"	"3"	"2013-07-18 2:04:00"	"74.8023"	"76.1478"	"5"	"11"	"2.507887"	"357.164917"	"0.547446"	"22.980169"	"0.085767"	"0.014667"	"0.247333"	"0"	"0.238302"	"0.003474399098"	"0.00138765591"	"0.005267"	"0.003333"	"0.006183"	""	""	"11.775524"	""	"5"	"0.010402"	"3.777778"	"63.66473"	""	"19.191431"	"18.339325"	"34"	"23"	""	""	""	"[AO] Arctic Ocean (MRGID:1906)"	"B8"
"TSC273"	"TARA_B110000858"	"TARA_208"	"SRF"	"EPI"	"polar"	"0.22"	"3"	"2013-10-20 10:34:00"	"69.1136"	"-51.5086"	"5"	"141"	"3.1965"	"303.326"	"0.39292"	"32.99175"	"0.08585"	"0.1665"	"1.916"	"1.791002"	"0.312072"	"0.02045362753"	"0.0004531370311"	"0.0072"	"0.0221"	"0.01"	"5.739066626"	""	"0.819597"	"342"	"112"	"-0.016382"	"0"	"2.751917"	"1.5239"	"2.6962"	"26.265"	"316"	"13"	""	""	""	"[AO] Arctic Ocean (MRGID:1906)"	"B8"
"TSC274"	"TARA_B110000879"	"TARA_205"	"SRF"	"EPI"	"polar"	"0.22"	"3"	"2013-10-08 12:15:00"	"72.4693"	"-71.892"	"5"	"239"	"-0.479225"	"353.1935"	"1.1319"	"31.99537"	"0.8194"	"0.0895"	"0.411"	"3.880872"	"0.560568"	"0.01894751595"	"0.0005964232793"	"0.00315"	""	"0.08155"	"6.923106563"	"0.113334"	"0.298067"	"51"	"47"	"0.189964"	"0"	"31.503042"	""	"3.112706"	"25.7008"	"983"	"16"	""	""	""	"[AO] Arctic Ocean (MRGID:1906)"	"B8"
"TSC275"	"TARA_B110000881"	"TARA_205"	"MES"	"MES"	"polar"	"0.22"	"3"	"2013-10-08 18:24:00"	"72.4456"	"-71.8814"	"491"	"243"	"1.230869"	"227.316"	""	"34.378169"	""	""	""	"22.810319"	""	"0.01894751595"	"0.0005964232793"	""	""	""	""	"0.113334"	""	"53"	"48"	"0.189964"	"0"	"0.000362"	"0.5022"	"3.058539"	"27.531506"	"481"	"13"	""	""	""	"[AO] Arctic Ocean (MRGID:1906)"	""
"TSC276"	"TARA_B110000902"	"TARA_201"	"SRF"	"EPI"	"polar"	"0.22"	"3"	"2013-09-30 15:02:00"	"74.2987"	"-85.7806"	"5"	"20"	"-1.32986"	"368.52475"	"0.79676"	"30.70185"	"0.3843"	"0.0775"	"1.328"	"3.75923"	"0.526245"	"0.0007474114367"	"0.0009587591727"	"0.0038"	"0.0088"	"0.071"	"7.1434978"	""	"2.062045"	"44"	"29"	""	"0"	"20.479241"	""	"3.00669"	"24.678167"	"506"	"13"	""	""	""	"[AO] Arctic Ocean (MRGID:1906)"	"B8"
"TSC277"	"TARA_B110000908"	"TARA_201"	"DCM"	"EPI"	"polar"	"0.22"	"3"	"2013-09-30 22:33:00"	"74.3386"	"-85.6208"	"36"	"150"	"-0.409335"	"343.877833"	"0.879487"	"31.947283"	"0.5729"	"0.025"	"2.133"	"5.355932"	"0.6443"	"0.0007474114367"	"0.0009587591727"	""	""	"0.0445"	"8.312792178"	""	"4.087196"	"42"	"8"	""	"0"	"0.546445"	""	"3.403455"	"25.654808"	"146"	"13"	""	""	""	"[AO] Arctic Ocean (MRGID:1906)"	""
"TSC278"	"TARA_B110000914"	"TARA_201"	"MES"	"MES"	"polar"	"0.22"	"3"	"2013-09-29 16:37:00"	"74.305"	"-85.6552"	"441"	"14"	"0.994025"	"233.314"	""	"34.342505"	"0.0118"	""	""	"10.238791"	""	"0.0007474114367"	"0.0009587591727"	""	""	""	""	""	""	"99"	"9"	""	"0"	"0.000362"	""	""	"27.51832"	"520"	"13"	""	""	""	"[AO] Arctic Ocean (MRGID:1906)"	""
"TSC279"	"TARA_B110000967"	"TARA_194"	"DCM"	"EPI"	"polar"	"0.22"	"3"	"2013-09-12 3:59:00"	"73.3275"	"-168.8142"	"35"	"14"	"-0.987833"	"396.848083"	"0.544297"	"31.56495"	"0.2799"	"0.441"	"1.9045"	"0"	"0.866194"	"0.002943427089"	"0.0007138094807"	"0.0017"	""	"0.0212"	""	""	"5.566842"	"39"	"10"	""	"0"	"4.803126"	"1.8125"	"3.843304"	"25.370225"	"81"	"25"	""	""	""	"[AO] Arctic Ocean (MRGID:1906)"	""
"TSC280"	"TARA_B110000971"	"TARA_194"	"SRF"	"EPI"	"polar"	"0.22"	"3"	"2013-09-11 20:00:00"	"73.3833"	"-168.1333"	"5"	"33"	"-0.585333"	"368.662625"	"0.404899"	"27.442"	"0.0658"	"0.126"	"0.2285"	"0"	"0.361653"	"0.002943427089"	"0.0007138094807"	"0.0032"	"0.0037"	""	""	""	"1.424261"	"61"	"4"	""	"0"	"71.887758"	"2.2379"	"2.417638"	"22.016175"	"74"	"26"	""	""	""	"[AO] Arctic Ocean (MRGID:1906)"	"B8"
"TSC281"	"TARA_B110000977"	"TARA_193"	"SRF"	"EPI"	"polar"	"0.22"	"3"	"2013-09-08 2:45:00"	"71.0704"	"174.9916"	"5"	"17"	"2.4534"	"339.4475"	"0.58652"	"29.0291"	"0.1744"	"0.125"	"6.2695"	"0"	"1.614977"	"0.006029852705"	"0.0007025373316"	"0.0031"	"0.0072"	"0.002"	""	""	"30.149509"	"30"	"25"	""	"0"	"74.279057"	"2.0072"	"2.524221"	"23.1614"	"35"	"27"	""	""	""	"[AO] Arctic Ocean (MRGID:1906)"	"B8"
"TSC282"	"TARA_B110001450"	"TARA_158"	"SRF"	"EPI"	"polar"	"0.22"	"3"	"2013-06-03 7:31:00"	"67.141"	"0.2355"	"5"	"11"	"8.47447"	"311.7827"	"1.174328"	"35.145165"	"0.1674"	"0.13475"	"5.1155"	"5.218798"	"0.356899"	"0.02370138494"	"0.0005994842504"	""	"0.02345"	"0.00185"	"14.62261872"	"0.121118"	"4.012069"	"1033"	"5"	"0.189385"	"0"	"207.933573"	"0.2687"	"1.888199"	"27.314165"	"451"	"13"	""	""	""	"[AO] Arctic Ocean (MRGID:1906)"	"B8"
"TSC283"	"TARA_B110001452"	"TARA_158"	"DCM"	"EPI"	"polar"	"0.22"	"3"	"2013-06-03 15:27:00"	"67.161"	"0.3964"	"25"	"10"	"6.73489"	"304.0473"	"0.764172"	"35.15072"	"0.0482"	"0.309"	"11.784"	"8.063879"	"0.709183"	"0.02370138494"	"0.0005994842504"	"0.0021"	"0.0165"	""	"11.37066032"	"0.121118"	"4.95809"	"519"	"7"	"0.189385"	"0"	"30.74362"	"1.4377"	"1.946281"	"27.572895"	"46"	"14"	""	""	""	"[AO] Arctic Ocean (MRGID:1906)"	""
"TSC284"	"TARA_B110001454"	"TARA_158"	"MES"	"MES"	"polar"	"0.22"	"3"	"2013-06-04 9:05:00"	"67.1675"	"0.2177"	"651"	"13"	"0.22498"	"295.31095"	""	"34.90349"	""	""	""	"14.950381"	""	"0.02370138494"	"0.0005994842504"	""	""	""	""	"0.121118"	""	"768"	"18"	"0.189385"	"0"	"0.000362"	"2.1369"	""	"28.01768"	"53"	"15"	""	""	""	"[AO] Arctic Ocean (MRGID:1906)"	""
"TSC285"	"TARA_B110001469"	"TARA_163"	"SRF"	"EPI"	"polar"	"0.22"	"3"	"2013-06-09 7:39:00"	"76.1825"	"1.3918"	"5"	"111"	"1.899612"	"363.000813"	"2.780097"	"34.888656"	""	"0.101"	"2.7725"	"4.980653"	"0.290483"	"0.01455705236"	"0.0008741565398"	""	""	""	"17.14610838"	"0.058176"	"4.18531"	"996"	"25"	"-0.007624"	"3.277778"	"84.13911"	"0.38918"	"2.258868"	"27.890469"	"91"	"14"	""	""	""	"[AO] Arctic Ocean (MRGID:1906)"	"B8"