	acr3	amt1	amtb	arsr	cara	carb	chra	cira	cyns	dada	dpsa	expd	fepc	foca	fur	futa	gap1	gdha	glna	glnb	glsf	isib	moaa	moab	moac	moad	moae	moba	moea	nadb	napa	narb	nira	ntca	phnd	phoa	phob	phoe	phor	phox	ppa	ppk	ppx	psta	pstb	pstc	psts	ptra	spea	speb	sqdb	thio	tolq	tonb	urea	ureb	urec	ured	uree	uref	ureg	urta
TSC000	0.0	0.0	1085.4379	0.0	59.9279	0.0	0.0	0.0	0.0	0.0	0.0	0.0	0.0	0.0	227.7514	0.0	0.0	30.6685	332.2838	444.1149	0.0	0.0	13.6098	0.0	25.4982	0.0	0.0	0.0	61.7212	0.0	0.0	0.0	0.0	0.0	0.0	0.0	19.467	0.0	0.0	0.0	0.0	0.0	69.4875	0.0	0.0	73.1762	0.0	0.0	0.0	20.893	0.0	0.0	0.0	0.0	28.7092	0.0	0.0	105.6734	0.0	0.0	0.0	0.0
TSC001	0.0	0.0	1756.8878000000002	0.0	170.8915	44.906	28.1837	0.0	190.6129	546.393	0.0	0.0	0.0	0.0	14.2035	0.0	0.0	0.0	333.42639999999994	209.1945	0.0	0.0	17.8659	0.0	63.5431	0.0	63.5431	50.3382	40.5637	0.0	0.0	0.0	0.0	0.0	0.0	0.0	16.3769	0.0	0.0	0.0	0.0	56.6724	0.0	180.27	0.0	180.27	16.6061	0.0	0.0	0.0	0.0	0.0	33.3994	0.0	0.0	68.8285	68.8285	175.76999999999998	0.0	0.0	0.0	56.1546
TSC002	0.0	0.0	240.2933	0.0	121.9927	0.0	20.4788	0.0	92.7695	19.266	0.0	0.0	0.0	0.0	249.4988	0.0	0.0	0.0	269.2323	69.657	0.0	0.0	33.6399	0.0	71.5752	0.0	0.0	0.0	100.4886	0.0	0.0	0.0	0.0	0.0	0.0	0.0	44.8676	0.0	0.0	0.0	0.0	0.0	25.917	13.44	0.0	0.0	0.0	0.0	0.0	0.0	0.0	0.0	0.0	0.0	28.1787	28.1787	28.1787	28.1787	28.1787	28.1787	28.1787	21.489
TSC003	0.0	0.0	427.1758	0.0	49.099999999999994	24.7916	0.0	0.0	22.566	0.0	0.0	0.0	0.0	0.0	139.3429	0.0	0.0	0.0	413.9392	271.9605	0.0	0.0	0.0	0.0	43.4807	0.0	43.4807	0.0	36.361	0.0	0.0	0.0	0.0	0.0	0.0	0.0	0.0	0.0	0.0	0.0	0.0	0.0	32.494	32.5743	19.9783	161.3478	31.7441	0.0	0.0	0.0	0.0	0.0	10.2911	0.0	120.287	0.0	0.0	120.287	0.0	0.0	0.0	47.4353
TSC004	0.0	0.0	438.9665	0.0	179.9753	96.054	0.0	0.0	0.0	0.0	0.0	0.0	0.0	0.0	336.3995	0.0	0.0	0.0	376.3662	132.9988	0.0	23.7924	29.8565	0.0	0.0	0.0	0.0	176.9683	25.1902	0.0	0.0	0.0	0.0	0.0	12.673	29.2358	0.0	0.0	0.0	0.0	0.0	34.840900000000005	19.6749	0.0	0.0	0.0	0.0	0.0	0.0	21.6772	0.0	19.0179	12.0851	0.0	0.0	0.0	0.0	7.89902	0.0	0.0	0.0	127.7048
TSC005	0.0	0.0	1069.3257	0.0	258.35179999999997	0.0	0.0	0.0	113.6865	19.3199	0.0	0.0	0.0	0.0	69.9605	0.0	0.0	81.1594	797.9590000000001	1052.8599999999997	0.0	0.0	73.4124	0.0	0.0	86.1129	0.0	0.0	149.8742	15.2456	0.0	0.0	45.8488	0.0	0.0	28.4455	0.0	0.0	18.0973	0.0	34.4877	0.0	126.5575	0.0	0.0	0.0	47.4749	0.0	0.0	0.0	0.0	29.7701	29.2487	0.0	39.0815	0.0	0.0	181.5237	0.0	0.0	0.0	106.9497
TSC006	0.0	0.0	943.594	0.0	140.29399999999998	0.0	84.1207	0.0	11.9659	0.0	0.0	0.0	0.0	0.0	78.092	0.0	0.0	80.5913	235.917	183.13097	0.0	0.0	11.8714	0.0	29.8985	70.628	29.8985	0.0	19.0897	0.0	0.0	0.0	0.0	0.0	0.0	0.0	0.0	0.0	0.0	0.0	0.0	0.0	86.3324	0.0	0.0	0.0	48.0383	0.0	0.0	0.0	0.0	0.0	31.312600000000003	0.0	0.0	0.0	0.0	21.5071	2132.5	0.0	0.0	127.7964
TSC008	0.0	0.0	878.3348000000001	0.0	177.7539	63.6639	82.2348	0.0	0.0	0.0	0.0	0.0	0.0	0.0	69.1158	0.0	0.0	100.867	282.6006	300.93289999999996	0.0	82.0525	12.5391	0.0	0.0	59.0908	0.0	0.0	10.5913	0.0	0.0	0.0	0.0	0.0	8.18875	0.0	0.0	0.0	0.0	0.0	0.0	0.0	52.5651	0.0	0.0	11.9281	38.2182	0.0	0.0	0.0	0.0	13.0059	16.4279	0.0	0.0	0.0	0.0	39.6894	0.0	13.2414	0.0	199.00860000000003
TSC011	0.0	0.0	577.37712	0.0	109.7135	0.0	0.0	11.4872	33.826	0.0	0.0	0.0	0.0	0.0	13.1493	0.0	0.0	0.0	401.1446	230.6359	0.0	0.0	0.0	0.0	0.0	0.0	0.0	0.0	10.8175	19.0099	0.0	0.0	32.2444	0.0	0.0	0.0	0.0	0.0	0.0	0.0	0.0	22.9123	0.0	0.0	0.0	24.47795	0.0	0.0	0.0	0.0	0.0	0.0	0.0	0.0	0.0	0.0	0.0	0.0	0.0	0.0	0.0	0.0
TSC013	0.0	0.0	274.88030000000003	0.0	147.735	91.0795	0.0	0.0	0.0	0.0	0.0	0.0	0.0	0.0	0.0	0.0	0.0	90.3655	425.4169	230.9363	0.0	0.0	0.0	0.0	0.0	0.0	11.7068	26.6003	15.2868	0.0	0.0	0.0	0.0	0.0	11.3475	0.0	0.0	0.0	0.0	0.0	0.0	76.6524	62.68262	0.0	0.0	93.6781	0.0	0.0	0.0	0.0	0.0	0.0	31.6006	0.0	0.0	0.0	0.0	10.6846	74.6442	74.6442	74.6442	35.6814
TSC014	0.0	0.0	448.0555099999999	0.0	137.178	19.6483	120.9854	0.0	0.0	27.1063	0.0	0.0	0.0	0.0	55.8234	0.0	0.0	31.2406	392.44979	128.22199999999998	0.0	0.0	0.0	0.0	0.0	0.0	0.0	43.2394	0.0	40.4986	0.0	0.0	47.7587	0.0	0.0	0.0	22.0861	0.0	12.1917	0.0	0.0	0.0	0.0	34.7049	34.7049	34.7049	12.5339	0.0	0.0	49.977	0.0	16.9959	52.3577	0.0	35.1038	35.1038	0.0	35.1038	0.0	24.1385	24.1385	71.6713
TSC016	0.0	0.0	804.2046299999998	0.0	527.4555	70.6011	32.2876	0.0	128.408	0.0	0.0	0.0	0.0	0.0	155.5347	0.0	0.0	146.1525	1339.0354	1054.4136	173.47660000000002	0.0	0.0	0.0	0.0	19.1667	0.0	13.7705	57.6856	0.0	0.0	0.0	113.804	0.0	57.94	0.0	0.0	0.0	0.0	0.0	0.0	0.0	18.9583	0.0	0.0	52.1806	20.6509	0.0	81.474	0.0	0.0	0.0	41.606480000000005	0.0	27.9556	45.4793	45.4793	27.9556	430.4383	45.4793	45.4793	290.6696
TSC018	0.0	0.0	739.0603	0.0	478.29855	51.0649	0.0	0.0	56.2099	0.0	0.0	0.0	0.0	0.0	123.47649	0.0	0.0	0.0	540.5462	511.9333	0.0	13.1651	7.08681	0.0	0.0	15.7792	0.0	0.0	15.7792	0.0	0.0	0.0	105.5743	0.0	0.0	0.0	30.9066	0.0	0.0	0.0	0.0	91.5618	91.5618	0.0	0.0	35.1203	49.0198	0.0	0.0	0.0	0.0	0.0	78.5008	0.0	0.0	0.0	0.0	35.1542	0.0	0.0	0.0	83.3955
TSC020	0.0	0.0	422.16181	0.0	604.5087999999998	0.0	0.0	0.0	85.2086	0.0	0.0	0.0	0.0	0.0	0.0	0.0	0.0	0.0	387.0555	254.89328	0.0	0.0	134.0411	0.0	0.0	0.0	0.0	0.0	17.6012	9.35915	0.0	0.0	0.0	0.0	0.0	0.0	0.0	0.0	0.0	0.0	0.0	0.0	0.0	0.0	0.0	0.0	0.0	0.0	0.0	0.0	0.0	0.0	110.5747	0.0	0.0	0.0	0.0	9.52393	0.0	0.0	0.0	10.9189
TSC021	0.0	0.0	402.5534	0.0	0.0	44.1555	0.0	0.0	0.0	36.8276	0.0	0.0	0.0	0.0	0.0	0.0	0.0	0.0	227.7167	261.0158	0.0	16.8769	0.0	0.0	0.0	162.3982	43.1881	0.0	0.0	118.2319	0.0	0.0	0.0	0.0	0.0	0.0	0.0	0.0	0.0	0.0	0.0	0.0	0.0	0.0	0.0	55.4015	22.3776	5.69494	0.0	0.0	0.0	0.0	46.3624	0.0	0.0	0.0	0.0	97.4581	0.0	20.3541	0.0	27.1588
TSC023	0.0	0.0	98.62399999999998	0.0	99.971	131.4849	38.6071	0.0	0.0	0.0	0.0	0.0	0.0	0.0	23.6522	0.0	0.0	70.1677	73.3823	230.8	0.0	0.0	0.0	0.0	16.5182	117.2849	117.2849	0.0	0.0	0.0	0.0	0.0	0.0	0.0	0.0	0.0	82.1781	0.0	32.4441	0.0	0.0	0.0	0.0	71.5728	71.5728	0.0	0.0	0.0	0.0	0.0	0.0	0.0	0.0	0.0	0.0	0.0	0.0	31.1451	0.0	0.0	0.0	68.3669
TSC025	0.0	0.0	155.2454	0.0	0.0	28.384	0.0	0.0	0.0	0.0	0.0	0.0	0.0	0.0	21.6696	0.0	0.0	57.4965	16.8448	94.7326	0.0	37.467	24.2551	0.0	0.0	0.0	0.0	0.0	0.0	0.0	0.0	0.0	0.0	0.0	0.0	0.0	0.0	0.0	47.9215	0.0	0.0	0.0	15.6282	0.0	0.0	16.5084	0.0	0.0	0.0	0.0	0.0	0.0	45.346	0.0	48.1308	48.1308	25.8026	52.5482	0.0	0.0	0.0	0.0
TSC027	0.0	0.0	326.1062	0.0	0.0	0.0	0.0	0.0	0.0	111.362	0.0	0.0	0.0	0.0	36.5727	0.0	0.0	0.0	184.2083	209.7967	0.0	0.0	0.0	0.0	21.2974	137.3904	57.2088	115.765	0.0	0.0	0.0	0.0	0.0	0.0	0.0	0.0	43.8484	0.0	63.6117	0.0	0.0	0.0	76.9665	0.0	0.0	0.0	24.1317	39.3371	0.0	0.0	0.0	0.0	0.0	0.0	50.1299	0.0	0.0	104.3559	0.0	0.0	0.0	0.0
TSC028	0.0	0.0	340.61226	0.0	19.6928	13.4174	41.0521	0.0	29.282	19.712	0.0	0.0	0.0	0.0	10.0541	0.0	0.0	84.88300000000001	332.80737	157.1555	0.0	27.7788	73.3908	0.0	0.0	82.0922	47.215900000000005	25.88236	13.7988	0.0	0.0	0.0	0.0	0.0	67.8083	0.0	5.89222	0.0	18.13381	0.0	0.0	0.0	0.0	0.0	0.0	0.0	21.3824	0.0	17.8656	0.0	0.0	0.0	0.0	0.0	32.2433	32.2433	32.2433	0.0	0.0	0.0	0.0	71.8639
TSC031	0.0	0.0	295.10209999999995	0.0	0.0	0.0	0.0	0.0	0.0	61.4115	0.0	0.0	0.0	0.0	0.0	0.0	0.0	0.0	0.0	143.1746	0.0	212.212	0.0	0.0	0.0	135.563	0.0	148.115	0.0	0.0	0.0	0.0	0.0	0.0	0.0	0.0	0.0	0.0	52.3867	0.0	0.0	0.0	48.1858	0.0	0.0	481.153	0.0	38.5918	0.0	0.0	0.0	0.0	0.0	0.0	0.0	0.0	0.0	91.3957	0.0	0.0	0.0	0.0
TSC033	0.0	0.0	664.8618	0.0	11.8446	0.0	0.0	0.0	0.0	0.0	0.0	0.0	0.0	0.0	39.8564	0.0	0.0	0.0	685.5754999999999	486.162	0.0	0.0	0.0	0.0	36.4597	0.0	79.5891	0.0	0.0	22.4121	0.0	0.0	0.0	0.0	0.0	0.0	0.0	0.0	73.7913	0.0	17.5236	0.0	0.0	0.0	0.0	0.0	0.0	0.0	0.0	0.0	0.0	21.9774	37.7688	0.0	0.0	0.0	0.0	412.6706	0.0	0.0	0.0	13.5635
TSC036	0.0	0.0	403.4438999999999	0.0	71.7263	0.0	0.0	0.0	0.0	0.0	0.0	0.0	0.0	0.0	0.0	0.0	0.0	0.0	339.4407	600.4911999999999	0.0	0.0	0.0	0.0	0.0	0.0	0.0	0.0	0.0	0.0	0.0	0.0	0.0	0.0	0.0	0.0	0.0	0.0	29.4913	0.0	0.0	0.0	0.0	0.0	0.0	0.0	0.0	0.0	0.0	0.0	0.0	21.8934	0.0	0.0	0.0	0.0	0.0	313.08910000000003	0.0	0.0	0.0	0.0
TSC039	0.0	0.0	445.4226	0.0	0.0	21.2672	0.0	0.0	0.0	116.974	0.0	0.0	0.0	0.0	0.0	0.0	0.0	0.0	330.2703	302.34169999999995	0.0	0.0	18.1592	0.0	7.62513	20.3691	0.0	103.891	55.0226	0.0	0.0	0.0	0.0	0.0	0.0	0.0	0.0	0.0	0.0	0.0	0.0	0.0	20.5279	0.0	0.0	0.0	0.0	28.3775	0.0	46.0545	0.0	12.3109	12.037	1350.65	0.0	0.0	0.0	0.0	0.0	0.0	0.0	25.8728
TSC040	0.0	0.0	169.7491	0.0	48.8663	48.8663	0.0	0.0	0.0	0.0	0.0	0.0	0.0	0.0	61.5062	0.0	0.0	0.0	148.0427	52.5502	0.0	0.0	67.8495	0.0	0.0	62.186	36.8688	0.0	0.0	0.0	0.0	0.0	0.0	0.0	0.0	0.0	0.0	0.0	115.172	0.0	0.0	0.0	63.6796	0.0	0.0	0.0	0.0	0.0	0.0	0.0	0.0	0.0	0.0	0.0	155.1618	81.4252	81.4252	336.7398	0.0	0.0	0.0	0.0
TSC043	0.0	0.0	237.2112	0.0	105.1449	41.2675	0.0	0.0	0.0	0.0	0.0	0.0	0.0	0.0	0.0	0.0	0.0	0.0	452.2943	304.5763	0.0	0.0	211.7262	0.0	211.7262	0.0	0.0	74.3445	184.613	0.0	0.0	0.0	0.0	0.0	114.146	0.0	0.0	0.0	0.0	0.0	0.0	0.0	0.0	0.0	0.0	0.0	0.0	0.0	0.0	25.799	0.0	6.76283	17.9879	393.743	0.0	0.0	0.0	0.0	0.0	0.0	0.0	26.595
TSC045	0.0	0.0	239.5412	0.0	57.6599	0.0	0.0	0.0	0.0	0.0	0.0	0.0	0.0	0.0	31.5823	0.0	0.0	0.0	189.7178	62.9232	0.0	0.0	0.0	0.0	0.0	0.0	0.0	94.6845	0.0	0.0	0.0	61.8197	0.0	0.0	0.0	0.0	0.0	0.0	0.0	0.0	0.0	0.0	0.0	0.0	0.0	0.0	0.0	0.0	0.0	0.0	0.0	0.0	0.0	0.0	121.223	0.0	0.0	213.4375	0.0	0.0	0.0	0.0
TSC047	0.0	0.0	100.1934	0.0	16.8183	0.0	0.0	0.0	0.0	0.0	0.0	0.0	0.0	0.0	0.0	0.0	0.0	0.0	105.415	190.5174	0.0	0.0	159.7949	0.0	0.0	108.638	0.0	0.0	13.6255	0.0	0.0	103.711	0.0	0.0	0.0	0.0	0.0	0.0	25.128	0.0	0.0	0.0	0.0	0.0	0.0	0.0	33.8336	0.0	0.0	0.0	0.0	0.0	0.0	0.0	55.7298	55.7298	0.0	55.7298	0.0	0.0	0.0	0.0
TSC050	0.0	0.0	244.8224	0.0	21.6692	21.6692	0.0	0.0	8.2314	0.0	0.0	0.0	0.0	0.0	0.0	0.0	0.0	0.0	506.6334000000001	344.43435000000005	0.0	0.0	207.672	0.0	207.672	0.0	0.0	32.9059	207.672	0.0	0.0	0.0	0.0	0.0	0.0	0.0	0.0	0.0	0.0	0.0	0.0	0.0	0.0	0.0	0.0	0.0	0.0	36.53699	0.0	40.529	0.0	0.0	57.5453	461.589	0.0	0.0	0.0	0.0	0.0	0.0	0.0	56.526
TSC053	0.0	0.0	150.81	0.0	76.57650000000001	37.0204	0.0	0.0	18.3548	31.5891	0.0	0.0	0.0	0.0	0.0	0.0	0.0	26.0878	341.44999999999993	231.92199999999997	0.0	0.0	20.911	0.0	47.6554	25.4474	73.1028	134.829	25.4474	0.0	0.0	0.0	0.0	0.0	0.0	0.0	0.0	0.0	0.0	0.0	0.0	0.0	0.0	0.0	0.0	0.0	0.0	0.0	0.0	0.0	0.0	0.0	15.7984	0.0	46.562	0.0	0.0	80.8358	0.0	0.0	0.0	0.0
TSC056	0.0	0.0	192.2167	0.0	0.0	0.0	0.0	0.0	0.0	0.0	0.0	0.0	0.0	0.0	24.6712	0.0	0.0	83.79375999999999	354.69090000000006	467.6647	0.0	50.1329	38.0078	0.0	0.0	0.0	0.0	0.0	0.0	0.0	0.0	0.0	0.0	0.0	0.0	0.0	0.0	0.0	0.0	0.0	0.0	0.0	0.0	0.0	0.0	0.0	0.0	0.0	0.0	0.0	0.0	0.0	0.0	0.0	0.0	0.0	0.0	41.4608	0.0	0.0	0.0	0.0
TSC058	0.0	0.0	289.382	0.0	24.2264	0.0	0.0	0.0	0.0	0.0	0.0	0.0	0.0	0.0	46.1682	0.0	0.0	0.0	166.5888	139.76773	0.0	0.0	131.629	0.0	0.0	88.5167	28.805	0.0	0.0	8.80741	0.0	89.8273	0.0	0.0	0.0	0.0	0.0	0.0	0.0	0.0	0.0	0.0	0.0	0.0	0.0	0.0	0.0	0.0	0.0	0.0	0.0	0.0	0.0	0.0	54.1012	54.1012	54.1012	54.1012	54.1012	54.1012	0.0	0.0
TSC060	0.0	0.0	348.21909999999997	0.0	0.0	0.0	0.0	0.0	0.0	0.0	0.0	0.0	0.0	0.0	15.7398	0.0	0.0	56.1569	182.6972	100.995	0.0	0.0	37.2098	0.0	0.0	0.0	0.0	0.0	0.0	28.2395	0.0	0.0	0.0	0.0	0.0	0.0	0.0	0.0	0.0	0.0	0.0	0.0	32.7514	0.0	0.0	23.8416	0.0	0.0	0.0	0.0	0.0	0.0	49.6258	0.0	41.7256	0.0	0.0	264.3112	0.0	0.0	0.0	0.0
TSC062	0.0	0.0	608.9909	0.0	0.0	0.0	0.0	0.0	0.0	0.0	0.0	0.0	0.0	0.0	0.0	0.0	0.0	0.0	145.6345	290.3215	0.0	0.0	130.153	0.0	0.0	114.962	0.0	0.0	0.0	22.3937	0.0	11.6853	0.0	0.0	0.0	0.0	0.0	0.0	0.0	0.0	0.0	0.0	0.0	0.0	0.0	0.0	0.0	0.0	0.0	0.0	0.0	0.0	28.5572	0.0	26.7186	26.7186	26.7186	108.7222	0.0	0.0	0.0	0.0
TSC065	0.0	0.0	459.31700000000006	0.0	0.0	0.0	0.0	0.0	0.0	0.0	0.0	0.0	0.0	0.0	0.0	0.0	0.0	34.7027	310.37190000000004	1176.0515	0.0	0.0	0.0	0.0	0.0	0.0	0.0	0.0	110.351	0.0	0.0	0.0	0.0	0.0	0.0	0.0	0.0	0.0	0.0	0.0	0.0	0.0	0.0	0.0	0.0	25.8919	0.0	0.0	0.0	0.0	0.0	0.0	22.3462	0.0	0.0	0.0	0.0	21.5558	0.0	0.0	0.0	0.0
TSC066	0.0	0.0	176.28369999999998	0.0	0.0	0.0	0.0	0.0	0.0	0.0	0.0	0.0	0.0	0.0	0.0	0.0	0.0	23.4282	81.6243	76.0393	0.0	0.0	133.108	0.0	0.0	0.0	0.0	19.463	0.0	0.0	0.0	0.0	181.1414	0.0	0.0	0.0	0.0	0.0	0.0	0.0	0.0	0.0	0.0	0.0	0.0	0.0	0.0	0.0	0.0	0.0	0.0	0.0	32.2403	0.0	0.0	0.0	0.0	59.594100000000005	0.0	0.0	0.0	19.5866
TSC068	0.0	0.0	800.8873999999998	0.0	14.0855	0.0	0.0	0.0	0.0	0.0	0.0	0.0	0.0	0.0	0.0	0.0	0.0	90.5643	107.5019	384.526	0.0	17.3157	126.929	0.0	0.0	0.0	0.0	150.593	0.0	0.0	0.0	83.374	42.7128	0.0	0.0	0.0	0.0	0.0	0.0	0.0	0.0	0.0	0.0	0.0	0.0	0.0	0.0	0.0	0.0	0.0	0.0	0.0	0.0	0.0	12.0906	0.0	0.0	181.3166	0.0	0.0	0.0	0.0
TSC069	0.0	0.0	55.0546	0.0	0.0	29.3241	0.0	0.0	0.0	0.0	0.0	0.0	0.0	0.0	211.63159999999996	0.0	0.0	38.6364	201.5816	215.349	0.0	0.0	194.115	0.0	0.0	0.0	0.0	0.0	0.0	0.0	0.0	0.0	0.0	0.0	0.0	5.62876	53.7385	0.0	43.6475	0.0	0.0	0.0	0.0	53.7385	53.7385	53.7385	0.0	0.0	24.4069	0.0	0.0	0.0	0.0	0.0	47.3701	95.4858	47.3701	116.6781	47.3701	47.3701	47.3701	0.0
TSC070	0.0	0.0	172.24670000000003	0.0	0.0	0.0	0.0	0.0	0.0	0.0	0.0	0.0	0.0	0.0	0.0	0.0	0.0	23.2517	242.2605	170.40130000000002	0.0	18.1791	51.0574	0.0	0.0	32.7722	41.70541	90.9097	0.0	0.0	0.0	13.8345	0.0	0.0	0.0	0.0	0.0	0.0	0.0	0.0	0.0	0.0	14.5159	0.0	0.0	0.0	19.0484	0.0	0.0	0.0	0.0	0.0	0.0	0.0	0.0	0.0	0.0	67.5938	0.0	0.0	0.0	0.0
TSC071	0.0	0.0	285.7093	0.0	0.0	0.0	0.0	0.0	44.1761	0.0	0.0	0.0	0.0	0.0	0.0	0.0	0.0	0.0	292.1785	133.9225	0.0	38.0017	50.6895	0.0	48.9334	0.0	0.0	26.3077	48.9334	0.0	0.0	0.0	0.0	0.0	0.0	0.0	39.3382	0.0	52.5046	0.0	0.0	0.0	43.8194	0.0	0.0	0.0	0.0	0.0	0.0	0.0	0.0	0.0	21.0436	0.0	0.0	0.0	0.0	123.6384	0.0	0.0	0.0	123.318
TSC072	0.0	0.0	186.2321	0.0	19.9241	0.0	0.0	0.0	0.0	0.0	0.0	0.0	0.0	0.0	61.1663	0.0	0.0	16.677	148.1993	688.2756	0.0	33.8306	36.6978	0.0	0.0	0.0	0.0	0.0	0.0	0.0	0.0	0.0	0.0	0.0	0.0	0.0	0.0	0.0	67.2991	0.0	8.14232	0.0	0.0	0.0	0.0	0.0	0.0	0.0	0.0	0.0	0.0	0.0	23.1905	0.0	42.2145	42.2145	0.0	118.7129	0.0	42.3809	0.0	0.0
TSC073	0.0	0.0	196.6262	0.0	0.0	0.0	0.0	0.0	108.736	0.0	0.0	0.0	0.0	0.0	0.0	0.0	0.0	0.0	81.293	93.7327	0.0	12.9382	25.8442	0.0	0.0	139.3147	28.6727	0.0	0.0	0.0	0.0	0.0	0.0	0.0	0.0	0.0	0.0	0.0	47.9392	0.0	0.0	0.0	30.9109	0.0	0.0	0.0	22.4971	0.0	0.0	0.0	0.0	0.0	0.0	0.0	0.0	0.0	0.0	107.6387	0.0	0.0	0.0	0.0
TSC075	0.0	0.0	151.12279999999998	0.0	33.4881	0.0	0.0	0.0	328.239	0.0	0.0	0.0	0.0	0.0	24.6879	0.0	0.0	13.396	208.7316	124.4481	0.0	0.0	0.0	0.0	0.0	411.329	107.602	0.0	0.0	0.0	0.0	0.0	0.0	0.0	0.0	0.0	0.0	0.0	0.0	0.0	0.0	0.0	0.0	0.0	0.0	0.0	0.0	0.0	0.0	0.0	0.0	0.0	0.0	0.0	46.5562	46.5562	46.5562	60.28189999999999	46.5562	46.5562	46.5562	0.0
TSC077	0.0	0.0	111.7454	0.0	56.9743	56.9743	0.0	0.0	0.0	34.3337	0.0	0.0	0.0	0.0	0.0	0.0	0.0	0.0	215.48907	87.1877	0.0	0.0	28.4931	0.0	0.0	0.0	0.0	0.0	0.0	0.0	0.0	0.0	0.0	0.0	0.0	0.0	0.0	0.0	12.6932	0.0	0.0	0.0	0.0	0.0	0.0	0.0	0.0	0.0	0.0	0.0	0.0	0.0	0.0	0.0	0.0	0.0	0.0	30.9183	0.0	0.0	0.0	0.0
TSC078	0.0	0.0	285.44710999999995	0.0	15.8515	67.9242	0.0	0.0	0.0	0.0	0.0	0.0	0.0	0.0	98.4151	0.0	0.0	0.0	125.22974	117.0593	0.0	20.7485	0.0	0.0	0.0	127.3923	0.0	54.0383	0.0	0.0	0.0	0.0	0.0	0.0	0.0	0.0	0.0	0.0	0.0	0.0	0.0	0.0	0.0	0.0	0.0	0.0	0.0	0.0	0.0	0.0	0.0	0.0	65.6946	0.0	112.294	39.953	39.953	112.294	4251.7	0.0	0.0	19.1173
TSC081	0.0	0.0	272.8716	0.0	0.0	0.0	0.0	0.0	0.0	0.0	0.0	0.0	0.0	0.0	18.3461	0.0	0.0	0.0	98.2987	80.0318	0.0	0.0	18.1979	0.0	0.0	103.571	0.0	31.1253	0.0	0.0	0.0	80.1655	0.0	0.0	0.0	0.0	0.0	0.0	73.7296	0.0	0.0	0.0	0.0	0.0	0.0	35.1753	0.0	0.0	0.0	0.0	0.0	0.0	0.0	0.0	0.0	0.0	0.0	29.3933	0.0	0.0	0.0	0.0
TSC083	0.0	0.0	133.3265	0.0	18.3441	0.0	0.0	0.0	14.7148	0.0	0.0	0.0	0.0	0.0	62.0202	0.0	0.0	95.1463	359.49840000000006	343.20349999999996	0.0	0.0	116.7802	0.0	0.0	0.0	0.0	51.224500000000006	49.8718	0.0	0.0	0.0	0.0	0.0	0.0	0.0	0.0	0.0	17.2724	0.0	0.0	0.0	0.0	0.0	0.0	0.0	0.0	0.0	0.0	0.0	0.0	0.0	0.0	0.0	0.0	0.0	0.0	177.3881	0.0	21.0971	0.0	41.9418
TSC085	0.0	0.0	173.8915	0.0	34.1243	0.0	0.0	0.0	0.0	0.0	0.0	0.0	0.0	0.0	0.0	0.0	0.0	0.0	52.80159999999999	0.0	0.0	0.0	75.4276	0.0	0.0	0.0	0.0	17.8376	0.0	0.0	0.0	0.0	0.0	0.0	0.0	0.0	0.0	0.0	0.0	0.0	0.0	0.0	0.0	0.0	0.0	0.0	0.0	0.0	0.0	0.0	0.0	0.0	36.9021	0.0	0.0	0.0	0.0	69.7027	0.0	0.0	0.0	50.278
TSC087	0.0	0.0	167.76579999999998	0.0	0.0	0.0	0.0	0.0	0.0	0.0	0.0	0.0	0.0	0.0	0.0	0.0	0.0	0.0	62.4623	20.5993	0.0	0.0	0.0	0.0	0.0	30.1064	0.0	12.2982	0.0	0.0	0.0	0.0	0.0	0.0	0.0	0.0	0.0	0.0	0.0	0.0	0.0	0.0	0.0	0.0	0.0	0.0	0.0	0.0	0.0	0.0	0.0	0.0	0.0	0.0	0.0	0.0	0.0	0.0	0.0	0.0	0.0	0.0
TSC089	0.0	0.0	326.80179999999996	0.0	115.3006	0.0	0.0	0.0	0.0	45.9584	0.0	0.0	0.0	0.0	0.0	0.0	0.0	0.0	88.7213	57.5624	0.0	0.0	17.763	0.0	0.0	0.0	0.0	0.0	0.0	0.0	0.0	0.0	0.0	0.0	0.0	0.0	0.0	0.0	0.0	0.0	0.0	0.0	26.1556	35.7983	0.0	0.0	0.0	0.0	0.0	25.2442	0.0	0.0	0.0	0.0	0.0	0.0	0.0	13.5152	91.5888	41.6207	0.0	0.0
TSC092	0.0	0.0	313.6574	0.0	56.1323	0.0	0.0	0.0	0.0	0.0	0.0	0.0	0.0	0.0	100.711	0.0	0.0	45.8219	201.8824	270.3368	0.0	0.0	18.2028	0.0	0.0	0.0	0.0	0.0	0.0	0.0	0.0	0.0	0.0	0.0	0.0	0.0	0.0	0.0	0.0	0.0	0.0	0.0	43.6723	0.0	0.0	14.7905	0.0	0.0	0.0	0.0	0.0	0.0	60.1145	0.0	0.0	0.0	0.0	0.0	0.0	41.7807	0.0	11.5119
TSC096	0.0	0.0	129.33780000000002	0.0	0.0	0.0	0.0	0.0	0.0	0.0	0.0	0.0	0.0	0.0	0.0	0.0	0.0	0.0	139.2313	0.0	0.0	0.0	0.0	0.0	0.0	0.0	20.0893	16.1005	0.0	0.0	0.0	0.0	0.0	0.0	0.0	0.0	0.0	0.0	0.0	0.0	0.0	0.0	0.0	0.0	0.0	0.0	0.0	0.0	0.0	0.0	162.009	0.0	32.8071	0.0	0.0	0.0	0.0	13.7696	0.0	0.0	0.0	0.0
TSC099	0.0	0.0	69.5886	0.0	0.0	0.0	9.54532	0.0	45.5255	0.0	0.0	0.0	0.0	0.0	0.0	0.0	0.0	0.0	279.93449999999996	40.1348	0.0	0.0	28.0414	0.0	0.0	0.0	0.0	0.0	0.0	0.0	0.0	0.0	0.0	0.0	0.0	0.0	0.0	0.0	0.0	0.0	0.0	0.0	0.0	0.0	0.0	0.0	0.0	0.0	0.0	0.0	0.0	8.81969	0.0	0.0	43.869	43.869	43.869	43.869	43.869	62.9123	43.869	61.6521
TSC102	0.0	0.0	62.107	0.0	0.0	0.0	0.0	0.0	10.5466	45.2336	0.0	0.0	0.0	0.0	0.0	0.0	0.0	0.0	204.385	69.1759	0.0	0.0	0.0	0.0	0.0	0.0	0.0	0.0	0.0	10.1277	0.0	0.0	0.0	0.0	0.0	0.0	0.0	0.0	0.0	0.0	0.0	0.0	0.0	0.0	0.0	0.0	0.0	0.0	0.0	0.0	168.522	0.0	0.0	0.0	0.0	0.0	0.0	27.9508	0.0	21.8454	0.0	0.0
TSC106	0.0	0.0	1383.7871	0.0	27.2224	0.0	0.0	0.0	837.1818000000001	126.707	0.0	0.0	0.0	0.0	71.46610000000001	0.0	0.0	180.88645	2481.1855	153.654	0.0	0.0	0.0	115.205	115.205	19.7209	0.0	35.5822	0.0	11.28	0.0	0.0	0.0	0.0	0.0	0.0	0.0	0.0	0.0	0.0	0.0	0.0	17.2248	0.0	0.0	47.3095	0.0	0.0	0.0	0.0	0.0	10.1675	0.0	0.0	778.7295	778.7295	757.601	893.2418999999999	757.601	757.601	757.601	80.0384
TSC110	0.0	0.0	75.61082	0.0	31.4081	0.0	0.0	0.0	26.1906	0.0	0.0	0.0	0.0	0.0	0.0	0.0	0.0	0.0	65.3086	152.192	0.0	0.0	0.0	0.0	35.863	0.0	30.39	0.0	0.0	0.0	0.0	0.0	74.6817	0.0	0.0	0.0	0.0	0.0	0.0	0.0	0.0	0.0	0.0	0.0	0.0	0.0	0.0	0.0	0.0	24.8639	0.0	0.0	0.0	0.0	26.1796	26.1796	26.1796	68.97749999999999	26.1796	26.1796	26.1796	0.0
TSC113	0.0	0.0	276.06793999999996	0.0	152.4412	23.887	11.0986	0.0	0.0	31.8794	0.0	0.0	0.0	0.0	0.0	0.0	0.0	0.0	136.83632999999998	9.43725	0.0	20.176	107.6388	13.3963	0.0	27.5433	27.5433	45.6951	10.5701	0.0	0.0	0.0	0.0	0.0	0.0	0.0	0.0	0.0	13.8138	0.0	0.0	0.0	0.0	0.0	0.0	0.0	0.0	0.0	0.0	0.0	0.0	0.0	0.0	0.0	0.0	0.0	0.0	6.9121	0.0	0.0	0.0	0.0
TSC115	0.0	0.0	360.3503	0.0	0.0	0.0	0.0	0.0	40.9235	16.2243	0.0	0.0	0.0	0.0	0.0	0.0	0.0	0.0	589.3463	15.5577	0.0	0.0	0.0	0.0	0.0	0.0	0.0	0.0	0.0	0.0	0.0	0.0	0.0	0.0	0.0	0.0	0.0	0.0	17.2368	0.0	0.0	0.0	0.0	57.5472	57.5472	57.5472	0.0	0.0	0.0	0.0	0.0	14.8784	0.0	0.0	21.0354	21.0354	21.0354	33.3794	21.0354	21.0354	21.0354	0.0
TSC117	0.0	0.0	151.6485	0.0	0.0	0.0	11.6829	0.0	12.7736	0.0	0.0	0.0	0.0	0.0	0.0	0.0	0.0	51.6811	82.80279999999999	90.2369	0.0	27.4804	0.0	0.0	22.4729	0.0	0.0	48.4897	0.0	0.0	0.0	0.0	0.0	0.0	0.0	0.0	0.0	0.0	43.4646	0.0	0.0	0.0	0.0	0.0	0.0	0.0	0.0	0.0	0.0	0.0	0.0	0.0	20.5275	0.0	151.64679999999998	49.9618	158.9228	151.64679999999998	49.9618	49.9618	0.0	54.255
TSC120	0.0	0.0	143.78199999999998	0.0	0.0	0.0	0.0	0.0	39.4695	0.0	0.0	0.0	0.0	0.0	44.5811	0.0	0.0	21.0253	281.94766	19.6951	0.0	25.2116	22.7856	37.3733	37.3733	37.3733	52.8554	72.1267	0.0	0.0	0.0	0.0	0.0	0.0	0.0	0.0	0.0	0.0	0.0	0.0	0.0	0.0	0.0	0.0	49.7607	49.7607	0.0	0.0	0.0	0.0	0.0	0.0	0.0	0.0	20.871	0.0	0.0	63.4117	0.0	16.2923	0.0	71.1516
TSC123	0.0	0.0	131.5951	0.0	0.0	15.9696	0.0	0.0	31.056310000000003	8.24955	0.0	0.0	0.0	0.0	65.0688	0.0	0.0	180.9077	288.609	188.8823	0.0	0.0	65.3629	0.0	0.0	0.0	0.0	72.1809	0.0	0.0	0.0	0.0	0.0	0.0	0.0	12.0669	0.0	0.0	0.0	0.0	0.0	0.0	0.0	0.0	0.0	0.0	0.0	0.0	61.3258	0.0	0.0	0.0	0.0	0.0	74.2807	74.2807	74.2807	267.37559999999996	0.0	11.9575	0.0	154.0091
TSC126	0.0	0.0	0.0	0.0	18.1613	0.0	0.0	0.0	0.0	0.0	0.0	0.0	0.0	0.0	0.0	0.0	0.0	0.0	172.57549999999998	25.9307	0.0	0.0	0.0	19.7372	0.0	0.0	19.8489	0.0	0.0	0.0	0.0	0.0	0.0	0.0	0.0	0.0	0.0	0.0	44.8253	0.0	0.0	0.0	0.0	0.0	0.0	28.976	0.0	0.0	0.0	0.0	0.0	0.0	0.0	0.0	0.0	0.0	0.0	0.0	0.0	0.0	0.0	79.5181
TSC130	0.0	0.0	313.24906999999996	19.4329	171.5984	68.8709	0.0	0.0	0.0	0.0	0.0	0.0	0.0	0.0	49.4776	0.0	0.0	48.7546	187.0601	53.3741	0.0	0.0	0.0	0.0	0.0	60.0613	0.0	0.0	0.0	0.0	0.0	0.0	0.0	0.0	0.0	0.0	0.0	0.0	0.0	0.0	0.0	9.89575	0.0	0.0	33.3625	33.3625	0.0	0.0	0.0	29.6232	0.0	0.0	52.6409	0.0	0.0	0.0	0.0	0.0	0.0	0.0	0.0	170.32689999999997
TSC132	0.0	0.0	70.694	0.0	88.48949999999999	27.1392	0.0	0.0	0.0	0.0	0.0	0.0	0.0	0.0	180.9827	0.0	0.0	0.0	330.9314	24.357	0.0	0.0	101.14	0.0	0.0	0.0	0.0	18.9987	0.0	0.0	26.4661	0.0	0.0	0.0	0.0	0.0	102.647	0.0	0.0	0.0	0.0	0.0	0.0	0.0	0.0	25.68418	11.1297	0.0	24.3013	0.0	0.0	0.0	0.0	0.0	0.0	0.0	0.0	47.5272	0.0	0.0	0.0	0.0
TSC135	0.0	0.0	423.8547	0.0	75.8195	0.0	0.0	0.0	0.0	0.0	0.0	0.0	0.0	0.0	123.1377	0.0	0.0	0.0	263.8147	263.65880000000004	0.0	0.0	0.0	0.0	0.0	0.0	0.0	0.0	0.0	0.0	0.0	0.0	0.0	0.0	0.0	0.0	0.0	0.0	0.0	0.0	21.549	0.0	0.0	136.805	0.0	136.805	0.0	0.0	0.0	0.0	0.0	0.0	35.1169	0.0	0.0	0.0	0.0	0.0	0.0	0.0	0.0	205.1784
TSC138	0.0	0.0	1903.2898	0.0	193.8412	8.55143	0.0	0.0	0.0	49.5869	0.0	0.0	0.0	0.0	257.891	0.0	0.0	201.8208	952.01208	887.4154000000001	0.0	64.326	0.0	0.0	0.0	0.0	0.0	219.82	219.82	17.1412	0.0	0.0	0.0	0.0	0.0	91.8162	17.3049	0.0	66.7621	0.0	217.622	0.0	133.1633	0.0	0.0	0.0	15.627	0.0	0.0	20.6022	0.0	121.743	0.0	0.0	0.0	0.0	0.0	0.0	0.0	0.0	0.0	0.0
TSC140	0.0	0.0	896.9093	0.0	0.0	0.0	0.0	0.0	0.0	39.1967	0.0	0.0	0.0	0.0	662.061	0.0	0.0	143.38534	581.4784	507.5451000000001	0.0	0.0	0.0	0.0	21.1086	218.0	218.0	89.4304	89.4304	68.27459999999999	0.0	0.0	0.0	0.0	0.0	56.0562	0.0	0.0	37.4192	0.0	144.99435	15.9839	118.009	0.0	0.0	0.0	22.761899999999997	0.0	0.0	0.0	0.0	122.056	0.0	0.0	0.0	0.0	0.0	0.0	0.0	0.0	0.0	0.0
TSC141	0.0	0.0	1302.9172	0.0	0.0	0.0	0.0	0.0	20.7308	0.0	0.0	0.0	0.0	0.0	0.0	0.0	0.0	154.256	1341.3212799999997	684.6642999999999	0.0	0.0	0.0	18.723	18.723	18.723	0.0	0.0	0.0	0.0	0.0	0.0	0.0	0.0	0.0	59.5389	0.0	0.0	0.0	0.0	0.0	0.0	170.55130000000003	0.0	0.0	0.0	0.0	0.0	0.0	0.0	0.0	99.9905	0.0	0.0	0.0	0.0	0.0	0.0	0.0	0.0	0.0	0.0
TSC142	0.0	0.0	522.8919	0.0	0.0	0.0	0.0	0.0	0.0	0.0	0.0	0.0	0.0	0.0	12.6965	0.0	0.0	63.8182	335.9539	120.5399	0.0	0.0	0.0	0.0	0.0	0.0	0.0	0.0	0.0	0.0	0.0	0.0	0.0	0.0	0.0	0.0	0.0	0.0	0.0	0.0	0.0	0.0	180.318	0.0	0.0	0.0	0.0	0.0	0.0	0.0	0.0	0.0	0.0	0.0	0.0	0.0	0.0	0.0	0.0	0.0	0.0	0.0
TSC144	0.0	0.0	548.5659	0.0	0.0	60.0828	0.0	0.0	0.0	0.0	0.0	0.0	0.0	0.0	107.7926	0.0	0.0	137.2457	208.33989999999997	263.61089999999996	0.0	0.0	223.7677	13.7615	0.0	9.23495	0.0	0.0	0.0	0.0	0.0	0.0	0.0	0.0	0.0	0.0	0.0	0.0	0.0	0.0	0.0	0.0	18.391	0.0	0.0	0.0	0.0	0.0	0.0	0.0	0.0	37.6061	0.0	0.0	18.0147	0.0	18.0147	25.1194	0.0	23.8898	14.8292	65.3003
TSC145	0.0	0.0	96.4551	0.0	0.0	0.0	0.0	0.0	0.0	0.0	0.0	0.0	0.0	0.0	0.0	0.0	0.0	210.584	63.94001	159.1053	0.0	0.0	36.2516	0.0	0.0	0.0	0.0	0.0	0.0	0.0	0.0	0.0	0.0	0.0	0.0	0.0	0.0	0.0	0.0	0.0	0.0	0.0	88.0407	0.0	0.0	0.0	0.0	0.0	0.0	0.0	0.0	0.0	0.0	0.0	0.0	0.0	0.0	0.0	0.0	0.0	0.0	0.0
TSC146	0.0	0.0	954.2642	0.0	88.319	64.4544	0.0	0.0	0.0	52.1828	0.0	0.0	0.0	53.8551	71.0705	0.0	0.0	117.5874	1098.5829	260.0721	0.0	0.0	77.3447	0.0	0.0	0.0	8.46097	0.0	0.0	0.0	0.0	0.0	0.0	0.0	0.0	0.0	0.0	0.0	0.0	78.8864	0.0	0.0	0.0	0.0	0.0	76.50110000000001	0.0	25.7972	0.0	23.0068	0.0	0.0	15.9048	0.0	82.6634	65.2482	65.2482	114.5966	65.2482	65.2482	65.2482	94.9346
TSC147	0.0	0.0	443.1946900000001	0.0	105.9345	49.3528	0.0	116.979	27.96396	20.1684	0.0	0.0	0.0	26.3137	117.7737	0.0	0.0	0.0	769.57751	166.5163	0.0	0.0	0.0	37.0278	37.0278	37.0278	37.0278	0.0	0.0	36.043	0.0	0.0	0.0	0.0	0.0	0.0	11.1096	0.0	28.302	41.7367	0.0	0.0	21.8809	45.1478	0.0	188.9661	0.0	0.0	22.131	0.0	0.0	0.0	0.0	0.0	21.1331	21.1331	21.1331	93.71872	0.0	0.0	0.0	54.30422
TSC148	0.0	0.0	1346.77674	0.0	109.48860000000002	260.7301	30.3169	27.0766	0.0	0.0	0.0	0.0	0.0	0.0	83.9575	0.0	0.0	114.5838	698.9361000000001	831.9387999999999	0.0	0.0	71.94254000000001	0.0	63.1572	63.1572	63.1572	0.0	83.297	0.0	0.0	0.0	0.0	0.0	0.0	0.0	32.1648	0.0	9.43872	0.0	0.0	0.0	0.0	61.3797	61.3797	134.0848	0.0	0.0	0.0	0.0	98.6472	0.0	39.9319	0.0	0.0	0.0	0.0	302.1053	0.0	0.0	0.0	142.0211
TSC149	0.0	0.0	67.0601	0.0	0.0	121.3347	0.0	0.0	15.7058	191.4964	0.0	0.0	0.0	0.0	0.0	0.0	0.0	253.106	260.10339999999997	418.6501	0.0	0.0	0.0	0.0	0.0	115.0866	87.9668	0.0	115.0866	0.0	0.0	0.0	0.0	0.0	0.0	0.0	12.8559	0.0	0.0	0.0	0.0	0.0	81.6951	0.0	0.0	62.3893	0.0	0.0	0.0	0.0	0.0	0.0	0.0	0.0	109.0922	63.4556	63.4556	88.8642	63.4556	63.4556	63.4556	263.7839
TSC150	0.0	0.0	129.7663	0.0	0.0	0.0	0.0	0.0	0.0	0.0	0.0	0.0	0.0	0.0	22.1542	0.0	0.0	28.889	27.2461	32.1654	0.0	27.7184	0.0	0.0	0.0	0.0	0.0	58.1317	73.0754	0.0	0.0	0.0	271.284	0.0	0.0	0.0	0.0	0.0	0.0	0.0	0.0	0.0	44.0346	0.0	0.0	0.0	0.0	0.0	0.0	0.0	0.0	0.0	60.8458	0.0	0.0	0.0	0.0	183.389	183.389	0.0	0.0	0.0
TSC151	0.0	0.0	88.1665	0.0	30.6045	0.0	0.0	0.0	15.1113	0.0	0.0	0.0	0.0	0.0	18.6779	0.0	0.0	22.1863	204.5424	76.97800000000001	0.0	0.0	30.2158	15.2648	0.0	0.0	0.0	57.7759	0.0	0.0	0.0	0.0	0.0	0.0	0.0	0.0	0.0	0.0	13.7439	0.0	0.0	0.0	0.0	0.0	0.0	0.0	0.0	0.0	0.0	11.7911	0.0	0.0	0.0	0.0	0.0	0.0	0.0	116.316	0.0	0.0	0.0	31.2265
TSC152	0.0	0.0	75.4628	0.0	44.0632	0.0	0.0	0.0	0.0	0.0	0.0	0.0	0.0	0.0	26.3076	0.0	0.0	0.0	46.6314	62.7117	0.0	0.0	109.2607	0.0	0.0	0.0	0.0	0.0	0.0	0.0	0.0	0.0	0.0	0.0	0.0	0.0	0.0	0.0	0.0	0.0	10.1647	0.0	64.0722	0.0	0.0	0.0	0.0	0.0	0.0	0.0	0.0	0.0	0.0	0.0	0.0	0.0	0.0	33.216770000000004	0.0	0.0	0.0	14.1279
TSC153	0.0	0.0	119.1664	0.0	40.2681	38.0996	0.0	0.0	0.0	0.0	0.0	0.0	0.0	0.0	0.0	0.0	0.0	0.0	202.0712	258.0351	0.0	70.5104	117.875	0.0	0.0	0.0	0.0	0.0	0.0	0.0	0.0	0.0	0.0	0.0	0.0	0.0	0.0	0.0	0.0	0.0	0.0	0.0	0.0	30.3034	0.0	30.3034	0.0	20.2901	0.0	0.0	0.0	0.0	52.4359	0.0	0.0	0.0	0.0	20.3981	0.0	0.0	17.6102	15.7093
TSC154	0.0	0.0	548.61162	0.0	43.1704	0.0	0.0	0.0	38.6365	0.0	0.0	0.0	0.0	0.0	176.3477	0.0	0.0	155.43	421.17959999999994	563.5484	0.0	29.8645	55.1052	0.0	50.2396	26.3241	26.3241	0.0	31.6412	0.0	0.0	0.0	0.0	0.0	0.0	0.0	0.0	0.0	10.388	0.0	0.0	0.0	0.0	0.0	0.0	0.0	0.0	0.0	12.5038	8.28285	53.6034	0.0	17.7534	0.0	28.558	28.558	28.558	81.96809999999999	0.0	0.0	0.0	72.19040000000001
TSC155	0.0	0.0	409.7774	0.0	21.6184	208.2807	0.0	0.0	15.3005	0.0	0.0	0.0	0.0	0.0	17.1114	0.0	0.0	68.9114	454.7111	596.1667000000001	0.0	0.0	373.8888	21.8753	307.0948	84.0515	66.1808	57.4689	170.566	0.0	0.0	0.0	0.0	0.0	52.6705	10.8261	0.0	0.0	0.0	68.0607	0.0	0.0	0.0	0.0	0.0	0.0	0.0	0.0	82.7772	181.68641	0.0	0.0	37.3055	20.4442	0.0	97.307	97.307	176.62720000000002	0.0	0.0	0.0	120.9891
TSC156	0.0	0.0	615.0631300000001	0.0	39.2321	61.5261	0.0	0.0	30.6564	67.83250000000001	0.0	0.0	0.0	0.0	0.0	0.0	0.0	0.0	290.57	402.6365	0.0	0.0	0.0	32.708	32.708	32.708	43.5034	20.538	0.0	0.0	0.0	0.0	0.0	0.0	0.0	0.0	0.0	0.0	0.0	0.0	0.0	0.0	0.0	0.0	0.0	10.2585	0.0	0.0	0.0	0.0	0.0	23.0858	0.0	0.0	0.0	0.0	0.0	22.356	0.0	0.0	0.0	0.0
TSC157	0.0	0.0	391.8322	0.0	379.0153	195.3471	0.0	0.0	9.21031	0.0	0.0	0.0	0.0	0.0	62.7966	0.0	0.0	72.4092	239.8112	329.6628	0.0	0.0	80.46350000000001	0.0	10.0706	0.0	0.0	104.4442	0.0	0.0	0.0	165.7656	0.0	0.0	0.0	0.0	0.0	0.0	0.0	0.0	0.0	0.0	0.0	0.0	0.0	0.0	71.8628	7.98633	71.4655	15.6929	0.0	11.3346	140.812	30.7137	0.0	0.0	0.0	71.5189	0.0	0.0	0.0	0.0
TSC158	0.0	0.0	278.1499	0.0	73.2624	51.8694	0.0	0.0	37.4604	0.0	0.0	0.0	0.0	0.0	48.6566	0.0	0.0	22.5723	694.2142	134.2172	0.0	0.0	223.8252	34.7362	317.9656	34.7362	34.7362	53.9693	211.2234	0.0	0.0	0.0	0.0	0.0	0.0	0.0	0.0	0.0	0.0	0.0	0.0	0.0	0.0	0.0	0.0	0.0	0.0	0.0	34.0241	0.0	0.0	0.0	0.0	0.0	0.0	0.0	0.0	0.0	0.0	47.218599999999995	19.3968	22.6114
TSC159	0.0	0.0	698.7389999999999	0.0	74.60430000000001	43.9834	0.0	0.0	0.0	0.0	0.0	0.0	0.0	0.0	37.7772	0.0	0.0	24.3447	204.62983	81.9496	0.0	0.0	117.466	0.0	37.229	30.3934	0.0	0.0	0.0	10.6191	0.0	0.0	0.0	0.0	0.0	0.0	0.0	0.0	0.0	0.0	0.0	0.0	0.0	0.0	0.0	0.0	0.0	0.0	0.0	0.0	76.8062	0.0	30.8284	0.0	0.0	0.0	0.0	0.0	0.0	0.0	0.0	0.0
TSC160	0.0	0.0	425.2487	0.0	25.9993	63.7761	0.0	0.0	0.0	0.0	0.0	0.0	0.0	0.0	0.0	0.0	0.0	283.26439999999997	112.1308	100.0432	0.0	0.0	0.0	0.0	0.0	0.0	0.0	0.0	0.0	0.0	0.0	57.1654	0.0	0.0	0.0	0.0	0.0	0.0	0.0	0.0	0.0	0.0	56.1933	0.0	0.0	0.0	0.0	10.8226	0.0	0.0	0.0	0.0	0.0	0.0	0.0	0.0	0.0	234.77802	0.0	0.0	0.0	0.0
TSC162	0.0	0.0	159.06459999999998	0.0	0.0	0.0	0.0	0.0	0.0	56.5363	0.0	0.0	0.0	0.0	79.5517	0.0	0.0	0.0	1116.1787000000002	192.33570000000003	0.0	0.0	98.8326	255.3697	0.0	0.0	0.0	147.717	145.155	28.2436	0.0	0.0	0.0	0.0	0.0	0.0	0.0	0.0	30.1775	0.0	0.0	0.0	0.0	0.0	0.0	0.0	28.5725	0.0	54.842	31.9475	0.0	0.0	0.0	0.0	0.0	0.0	0.0	58.484	0.0	22.8311	0.0	161.1338
TSC163	0.0	0.0	481.59719999999993	0.0	18.0484	100.446	0.0	0.0	0.0	0.0	0.0	0.0	0.0	0.0	0.0	0.0	0.0	18.271	216.1265	463.1152000000001	0.0	0.0	0.0	0.0	0.0	0.0	0.0	0.0	9.74963	0.0	0.0	0.0	0.0	0.0	0.0	0.0	0.0	0.0	0.0	0.0	0.0	0.0	0.0	0.0	0.0	20.9459	0.0	0.0	0.0	0.0	0.0	0.0	0.0	0.0	0.0	0.0	0.0	142.332	0.0	0.0	0.0	0.0
TSC165	0.0	0.0	803.4918	0.0	136.7517	211.6946	44.8063	0.0	0.0	0.0	0.0	0.0	0.0	0.0	0.0	0.0	0.0	14.9568	391.53349999999995	37.4804	0.0	0.0	16.5233	33.9304	0.0	25.6034	150.4878	0.0	54.511	0.0	0.0	52.1136	152.474	0.0	0.0	0.0	0.0	0.0	0.0	0.0	0.0	0.0	0.0	0.0	0.0	0.0	0.0	0.0	0.0	0.0	52.2987	0.0	0.0	0.0	0.0	0.0	0.0	0.0	0.0	0.0	0.0	0.0
TSC166	0.0	0.0	221.5699	0.0	10.2706	0.0	0.0	0.0	0.0	0.0	0.0	0.0	0.0	0.0	8.15675	0.0	0.0	14.5045	594.5249	30.9574	0.0	0.0	193.6709	8.99317	86.6478	0.0	38.6417	88.3969	90.3195	0.0	0.0	16.9654	0.0	0.0	0.0	0.0	0.0	0.0	0.0	0.0	0.0	0.0	0.0	0.0	0.0	0.0	0.0	0.0	0.0	23.2477	72.9937	0.0	0.0	0.0	0.0	0.0	0.0	0.0	0.0	0.0	0.0	15.2374
TSC167	15.205	0.0	320.1074	0.0	31.2442	99.4377	0.0	0.0	21.4996	0.0	0.0	0.0	0.0	0.0	0.0	0.0	0.0	43.9809	123.7755	45.5308	0.0	0.0	91.494	23.0753	47.3188	0.0	47.3188	0.0	23.5158	0.0	0.0	66.5953	0.0	0.0	0.0	0.0	0.0	0.0	0.0	0.0	0.0	0.0	0.0	0.0	22.2771	0.0	0.0	0.0	0.0	0.0	0.0	22.2242	0.0	0.0	153.898	0.0	0.0	153.898	0.0	0.0	0.0	0.0
TSC168	0.0	0.0	279.11121	0.0	54.7859	18.6003	0.0	0.0	0.0	16.618	0.0	0.0	0.0	0.0	0.0	0.0	0.0	38.3974	132.26426999999998	200.92414	0.0	15.3703	40.6918	0.0	0.0	33.615	0.0	52.5359	43.7309	0.0	0.0	0.0	297.188	104.345	0.0	14.3741	0.0	0.0	0.0	0.0	0.0	0.0	0.0	0.0	0.0	0.0	0.0	0.0	0.0	0.0	0.0	0.0	22.9089	11.9088	0.0	0.0	0.0	23.2661	0.0	0.0	0.0	0.0
TSC169	0.0	0.0	20.5331	0.0	178.38663	0.0	0.0	0.0	0.0	0.0	0.0	0.0	0.0	0.0	0.0	0.0	0.0	0.0	649.82059	30.2286	0.0	0.0	189.9658	0.0	76.7585	0.0	0.0	36.6207	203.5384	11.5798	0.0	0.0	0.0	0.0	0.0	0.0	0.0	0.0	0.0	0.0	0.0	0.0	0.0	0.0	0.0	10.2243	0.0	0.0	86.2172	0.0	0.0	0.0	0.0	451.335	0.0	0.0	0.0	105.171	0.0	0.0	0.0	0.0
TSC170	0.0	0.0	482.26212	0.0	0.0	23.0172	0.0	0.0	0.0	33.114	0.0	0.0	0.0	0.0	0.0	0.0	0.0	11.2599	322.0762	167.14639999999997	0.0	0.0	135.16410000000002	30.4666	51.9915	0.0	51.9915	0.0	0.0	0.0	0.0	154.5886	0.0	0.0	0.0	0.0	0.0	0.0	0.0	0.0	0.0	0.0	0.0	0.0	0.0	0.0	0.0	0.0	0.0	0.0	0.0	0.0	0.0	10.639	0.0	0.0	0.0	0.0	0.0	0.0	0.0	0.0
TSC171	0.0	0.0	175.8493	0.0	48.4	48.4	0.0	0.0	0.0	0.0	0.0	0.0	0.0	0.0	0.0	0.0	0.0	55.224900000000005	128.3751	35.7489	0.0	0.0	38.0064	0.0	0.0	22.2171	22.2171	0.0	18.6077	0.0	0.0	0.0	489.735	0.0	0.0	0.0	0.0	0.0	0.0	0.0	0.0	0.0	0.0	0.0	13.2654	13.2654	0.0	0.0	0.0	0.0	0.0	0.0	89.9395	0.0	0.0	0.0	0.0	53.0066	0.0	0.0	0.0	0.0
TSC172	12.3953	0.0	102.13305	0.0	27.00282	19.0016	0.0	0.0	0.0	0.0	0.0	0.0	0.0	0.0	46.622	0.0	0.0	0.0	63.45157	64.3177	0.0	0.0	43.6603	0.0	0.0	0.0	0.0	10.7069	7.94313	0.0	0.0	0.0	0.0	0.0	0.0	15.3189	62.0497	0.0	0.0	0.0	0.0	0.0	9.89877	27.5436	27.5436	27.5436	0.0	0.0	18.4614	0.0	0.0	0.0	0.0	0.0	0.0	0.0	0.0	24.70451	0.0	28.1595	0.0	14.7591
TSC173	0.0	0.0	85.44850000000001	0.0	61.1091	39.158	0.0	0.0	0.0	23.2982	0.0	0.0	0.0	0.0	55.891	0.0	0.0	235.60949999999997	146.0607	39.0744	0.0	33.9239	22.617	0.0	0.0	0.0	0.0	0.0	0.0	0.0	0.0	0.0	0.0	0.0	0.0	0.0	0.0	0.0	0.0	0.0	0.0	0.0	0.0	0.0	0.0	0.0	232.985	0.0	0.0	0.0	0.0	0.0	0.0	0.0	0.0	0.0	0.0	0.0	0.0	0.0	0.0	0.0
TSC176	0.0	0.0	274.04839	0.0	69.42070000000001	46.650400000000005	0.0	0.0	10.2197	0.0	0.0	0.0	0.0	0.0	8.45308	0.0	0.0	0.0	341.64118	98.59839	0.0	71.6709	17.4275	0.0	38.54777	16.2332	16.2332	0.0	36.7841	75.23640999999999	0.0	11.2372	0.0	0.0	0.0	0.0	0.0	0.0	46.0621	0.0	0.0	0.0	0.0	0.0	12.8522	12.8522	0.0	0.0	0.0	60.1631	0.0	0.0	25.9546	0.0	0.0	0.0	0.0	12.8915	0.0	0.0	0.0	15.4633
TSC180	0.0	0.0	136.6105	0.0	38.97118	23.5436	0.0	0.0	0.0	0.0	0.0	0.0	0.0	0.0	165.28382	0.0	0.0	50.7899	111.4386	275.73519999999996	0.0	0.0	19.8604	0.0	9.98214	21.5581	9.98214	54.675	0.0	0.0	0.0	23.8826	0.0	0.0	0.0	0.0	0.0	0.0	0.0	0.0	0.0	0.0	0.0	0.0	14.6334	27.6994	0.0	0.0	39.1649	24.4892	0.0	0.0	14.566	0.0	24.7068	24.7068	24.7068	24.7068	24.7068	45.624300000000005	24.7068	67.2978
TSC184	0.0	0.0	310.3995	0.0	0.0	18.0521	0.0	0.0	14.8442	0.0	0.0	0.0	0.0	0.0	0.0	0.0	0.0	0.0	34.1202	67.9406	0.0	18.9843	42.8839	18.4243	123.0433	58.321200000000005	123.0433	0.0	0.0	0.0	0.0	0.0	0.0	0.0	0.0	0.0	0.0	0.0	0.0	0.0	32.4157	0.0	0.0	0.0	0.0	0.0	0.0	0.0	0.0	0.0	0.0	0.0	0.0	0.0	0.0	0.0	0.0	0.0	0.0	0.0	0.0	8.03907
TSC191	0.0	0.0	204.1278	0.0	0.0	0.0	0.0	0.0	0.0	0.0	0.0	0.0	0.0	0.0	0.0	0.0	0.0	9.22334	189.73031000000003	196.86669	0.0	0.0	69.1994	26.4339	130.568	6.90084	116.5064	0.0	34.2282	0.0	0.0	133.084	0.0	0.0	0.0	0.0	0.0	0.0	0.0	0.0	0.0	0.0	0.0	0.0	0.0	0.0	73.4868	0.0	0.0	0.0	0.0	0.0	0.0	22.7082	0.0	0.0	0.0	56.0701	0.0	0.0	0.0	21.6359
TSC199	0.0	0.0	590.4983999999998	0.0	58.92623	32.0413	0.0	0.0	6.87536	56.9866	0.0	0.0	0.0	0.0	0.0	0.0	0.0	57.8526	315.59832000000006	800.75634	0.0	0.0	89.9033	0.0	76.9556	42.8937	76.9556	0.0	14.2038	17.3076	0.0	17.478	0.0	76.9072	0.0	0.0	0.0	0.0	36.4121	0.0	17.628	29.2963	0.0	0.0	0.0	0.0	45.3324	0.0	0.0	0.0	0.0	0.0	19.0275	14.9872	57.7175	57.7175	57.7175	57.7175	39.2782	39.2782	39.2782	30.9983
TSC207	0.0	0.0	375.94029	0.0	0.0	26.6562	0.0	0.0	0.0	40.6339	0.0	0.0	0.0	0.0	0.0	0.0	0.0	86.72949	343.8824	332.45026000000007	0.0	0.0	232.2663	0.0	15.0743	45.5461	37.6621	0.0	91.5166	0.0	0.0	0.0	0.0	98.2773	0.0	0.0	0.0	0.0	0.0	0.0	0.0	0.0	0.0	0.0	0.0	0.0	14.4241	0.0	0.0	0.0	0.0	0.0	0.0	0.0	0.0	0.0	0.0	0.0	0.0	0.0	0.0	26.5216
TSC209	0.0	0.0	509.65821	0.0	25.9103	131.9762	0.0	0.0	0.0	0.0	0.0	0.0	0.0	0.0	0.0	0.0	0.0	27.4863	388.61299999999994	231.9173	0.0	0.0	49.3222	23.0141	24.309	30.2634	43.9789	0.0	0.0	0.0	0.0	0.0	0.0	0.0	0.0	0.0	0.0	0.0	0.0	0.0	0.0	0.0	0.0	0.0	0.0	0.0	0.0	0.0	0.0	0.0	0.0	0.0	0.0	0.0	0.0	27.3262	0.0	0.0	0.0	0.0	0.0	0.0
TSC210	0.0	0.0	276.1679	0.0	9.64865	0.0	0.0	0.0	0.0	0.0	0.0	0.0	0.0	0.0	0.0	0.0	0.0	30.8076	163.92093	204.0323	0.0	0.0	9.73546	22.192	42.9486	34.4575	42.9486	0.0	0.0	0.0	0.0	0.0	0.0	0.0	0.0	0.0	21.7145	0.0	0.0	0.0	0.0	0.0	0.0	0.0	0.0	0.0	0.0	0.0	0.0	0.0	0.0	0.0	0.0	0.0	0.0	0.0	0.0	89.4029	0.0	0.0	0.0	0.0
TSC211	0.0	0.0	350.4616	0.0	76.98780000000001	81.8063	0.0	0.0	0.0	54.9986	0.0	0.0	0.0	0.0	46.5501	0.0	0.0	81.9898	168.8034	43.8037	0.0	0.0	32.8818	24.9592	0.0	0.0	0.0	206.0908	0.0	9.51238	0.0	0.0	0.0	0.0	0.0	0.0	0.0	0.0	0.0	0.0	0.0	32.1035	0.0	0.0	0.0	0.0	0.0	0.0	0.0	0.0	0.0	23.3864	0.0	0.0	0.0	0.0	0.0	38.3396	0.0	0.0	0.0	29.3992
TSC212	0.0	0.0	19.52	0.0	259.3127	259.3127	0.0	0.0	26.1235	0.0	0.0	0.0	0.0	0.0	35.0812	0.0	0.0	41.9144	961.6825	47.985600000000005	0.0	0.0	14.5329	0.0	0.0	0.0	0.0	34.8742	0.0	0.0	0.0	8.92035	0.0	0.0	0.0	0.0	0.0	0.0	22.1909	0.0	0.0	0.0	0.0	0.0	0.0	0.0	0.0	0.0	22.5243	0.0	0.0	0.0	0.0	0.0	0.0	0.0	0.0	17.3832	0.0	27.4007	0.0	40.714
TSC213	0.0	0.0	101.7977	0.0	0.0	0.0	0.0	0.0	0.0	50.943	0.0	0.0	0.0	0.0	0.0	0.0	0.0	0.0	120.7038	304.86060000000003	0.0	0.0	108.121	0.0	53.0633	0.0	34.2564	0.0	34.0751	0.0	0.0	0.0	0.0	0.0	0.0	0.0	0.0	0.0	0.0	0.0	0.0	0.0	0.0	0.0	0.0	0.0	0.0	0.0	17.4539	0.0	0.0	0.0	0.0	0.0	21.3951	21.3951	21.3951	31.09845	0.0	0.0	0.0	143.3095
TSC214	0.0	0.0	367.1532299999999	0.0	105.822	36.3984	25.752	0.0	0.0	0.0	0.0	0.0	0.0	0.0	20.3883	0.0	0.0	23.6692	134.91084	54.5504	0.0	0.0	0.0	0.0	0.0	0.0	0.0	0.0	29.921080000000003	0.0	0.0	0.0	0.0	0.0	0.0	9.54321	0.0	0.0	0.0	0.0	0.0	0.0	0.0	0.0	0.0	0.0	0.0	0.0	0.0	0.0	0.0	0.0	13.2426	0.0	22.5419	0.0	0.0	14.4658	0.0	0.0	0.0	13.1852
TSC215	0.0	0.0	107.27041	0.0	155.79958	72.9589	0.0	0.0	0.0	0.0	0.0	0.0	0.0	0.0	28.243519999999997	0.0	0.0	66.3523	330.00300000000004	112.98669999999998	0.0	0.0	83.49369999999999	0.0	0.0	17.6016	0.0	14.9025	0.0	13.8348	0.0	0.0	0.0	0.0	0.0	0.0	0.0	0.0	0.0	0.0	0.0	0.0	0.0	17.8579	0.0	17.8579	0.0	0.0	24.3137	0.0	0.0	0.0	0.0	0.0	0.0	0.0	0.0	39.65641	0.0	81.2453	48.9052	74.60470000000001
TSC216	0.0	0.0	1663.25322	0.0	202.64379999999997	0.0	0.0	0.0	0.0	0.0	0.0	0.0	0.0	0.0	115.90869999999998	0.0	0.0	0.0	349.3338	264.59619999999995	0.0	10.6607	38.1608	30.5825	0.0	0.0	0.0	77.1565	0.0	0.0	0.0	0.0	0.0	0.0	0.0	0.0	13.7012	0.0	38.367999999999995	0.0	24.6078	65.5852	168.2182	0.0	0.0	60.4406	0.0	0.0	0.0	0.0	13.3153	53.4254	20.5942	0.0	36.9673	17.8522	0.0	129.3263	0.0	0.0	0.0	41.58125
TSC217	0.0	0.0	244.76116	0.0	0.0	14.0677	0.0	0.0	0.0	0.0	0.0	0.0	0.0	0.0	0.0	0.0	0.0	51.8681	341.29429999999996	595.128	0.0	0.0	188.2492	43.6311	160.457	58.55460000000001	0.0	57.7099	170.9032	0.0	0.0	0.0	0.0	0.0	78.7661	0.0	0.0	0.0	0.0	36.3761	0.0	0.0	0.0	0.0	13.7566	0.0	0.0	0.0	74.4805	0.0	0.0	0.0	242.551	0.0	29.2405	29.2405	29.2405	86.253	0.0	0.0	0.0	61.3539
TSC218	0.0	0.0	524.2063	0.0	9.82977	19.879	0.0	0.0	40.843999999999994	0.0	0.0	0.0	0.0	0.0	0.0	0.0	0.0	43.5603	865.9788000000002	173.7375	0.0	0.0	226.9833	155.042	180.656	10.248	0.0	31.09946	190.904	0.0	0.0	8.54596	0.0	0.0	0.0	0.0	0.0	0.0	0.0	16.3759	0.0	0.0	0.0	0.0	0.0	0.0	0.0	0.0	14.942	88.84970000000001	0.0	0.0	0.0	0.0	0.0	186.277	186.277	57.461	0.0	25.4226	0.0	62.42863
TSC219	0.0	0.0	301.98220000000003	0.0	21.105	0.0	0.0	0.0	0.0	0.0	0.0	0.0	0.0	0.0	41.1872	0.0	0.0	0.0	140.3254	209.7016	0.0	0.0	46.2421	0.0	0.0	0.0	0.0	0.0	0.0	0.0	0.0	43.5584	0.0	0.0	0.0	0.0	0.0	0.0	0.0	0.0	0.0	0.0	0.0	0.0	0.0	0.0	0.0	0.0	0.0	0.0	0.0	0.0	0.0	0.0	0.0	0.0	0.0	33.2133	0.0	0.0	0.0	0.0
TSC220	0.0	0.0	107.818	29.1514	36.9432	36.9432	0.0	0.0	16.9762	23.3494	0.0	0.0	0.0	0.0	0.0	0.0	0.0	11.75	351.9037	103.8611	0.0	11.8268	49.0141	0.0	0.0	264.7895	44.244	93.3605	0.0	0.0	0.0	0.0	333.256	0.0	0.0	0.0	0.0	0.0	0.0	0.0	0.0	18.6028	0.0	0.0	0.0	0.0	0.0	0.0	0.0	25.6209	0.0	0.0	34.3393	0.0	0.0	0.0	0.0	0.0	0.0	10.2947	0.0	0.0
TSC221	0.0	0.0	408.4265400000001	0.0	37.597	25.4299	0.0	0.0	0.0	0.0	0.0	0.0	0.0	0.0	0.0	0.0	0.0	115.8091	553.1783	440.2397	0.0	0.0	414.1537	0.0	366.882	45.523700000000005	0.0	0.0	273.1747	8.91206	0.0	0.0	0.0	0.0	30.5867	7.69265	17.9268	0.0	0.0	12.4404	0.0	0.0	0.0	0.0	0.0	0.0	13.8338	0.0	0.0	51.7022	0.0	0.0	0.0	0.0	0.0	0.0	0.0	336.3155	0.0	0.0	0.0	146.4153
TSC222	0.0	0.0	77.7002	0.0	0.0	0.0	0.0	0.0	0.0	0.0	0.0	0.0	0.0	0.0	0.0	0.0	0.0	6.58431	80.9066	96.487	0.0	19.3282	32.3865	0.0	0.0	0.0	20.3758	88.5073	0.0	0.0	0.0	0.0	0.0	0.0	0.0	0.0	0.0	0.0	0.0	0.0	0.0	0.0	0.0	0.0	0.0	0.0	0.0	0.0	0.0	0.0	0.0	0.0	0.0	0.0	0.0	0.0	0.0	167.2746	0.0	0.0	0.0	990.554
TSC223	0.0	0.0	1267.0467	0.0	0.0	0.0	0.0	0.0	0.0	53.7247	0.0	0.0	0.0	0.0	0.0	0.0	0.0	50.8746	298.80141999999995	209.0268	0.0	0.0	0.0	0.0	0.0	0.0	0.0	0.0	0.0	0.0	0.0	0.0	0.0	0.0	0.0	8.02192	0.0	0.0	0.0	0.0	0.0	0.0	0.0	0.0	0.0	20.5997	34.0127	90.5625	0.0	0.0	0.0	21.439	0.0	0.0	0.0	0.0	0.0	143.9363	0.0	0.0	0.0	0.0
TSC224	0.0	0.0	527.67489	19.0	19.6546	158.911	0.0	0.0	35.98	10.5181	0.0	0.0	0.0	0.0	254.53868	0.0	0.0	0.0	333.04979000000003	341.3234	15.5257	0.0	0.0	22.5142	0.0	0.0	0.0	0.0	0.0	0.0	0.0	0.0	0.0	0.0	0.0	0.0	133.268	0.0	21.641	0.0	0.0	0.0	13.0536	133.268	153.2057	161.2551	0.0	0.0	202.688	0.0	0.0	0.0	0.0	0.0	119.6715	55.7427	0.0	279.20029999999997	0.0	0.0	0.0	0.0
TSC225	0.0	0.0	121.6748	0.0	0.0	0.0	0.0	0.0	27.0481	0.0	0.0	0.0	0.0	0.0	63.76936	0.0	0.0	0.0	262.7006	212.3882	0.0	0.0	87.1319	0.0	0.0	0.0	0.0	93.881	0.0	0.0	0.0	0.0	0.0	0.0	0.0	0.0	0.0	0.0	36.5255	0.0	0.0	0.0	0.0	0.0	14.3764	21.93676	29.5939	0.0	0.0	0.0	0.0	0.0	26.0937	0.0	27.9978	0.0	55.9956	41.0733	0.0	0.0	0.0	21.8112
TSC226	0.0	0.0	115.0825	0.0	0.0	0.0	0.0	0.0	68.9123	0.0	0.0	0.0	0.0	0.0	89.09732000000001	0.0	0.0	76.5542	499.44369	83.5567	0.0	0.0	47.6058	0.0	0.0	0.0	0.0	201.8712	0.0	172.172	0.0	0.0	0.0	0.0	0.0	9.17547	0.0	0.0	12.4613	0.0	0.0	0.0	0.0	0.0	77.6558	9.6582	0.0	0.0	0.0	0.0	0.0	0.0	0.0	0.0	70.4575	70.4575	70.4575	199.26779999999997	70.4575	70.4575	70.4575	129.7433
TSC227	0.0	0.0	149.98922000000002	0.0	0.0	0.0	0.0	0.0	68.425	13.3863	0.0	0.0	0.0	0.0	14.7216	0.0	0.0	0.0	320.77200000000005	1280.6634	0.0	0.0	23.6729	0.0	0.0	0.0	0.0	94.3004	0.0	0.0	0.0	0.0	0.0	0.0	0.0	0.0	37.0245	0.0	74.9436	0.0	0.0	0.0	0.0	0.0	0.0	9.20661	36.8983	0.0	0.0	0.0	0.0	0.0	25.5488	0.0	21.5219	21.5219	21.5219	40.1716	0.0	0.0	0.0	41.0034
TSC228	0.0	0.0	37.2376	0.0	36.2799	24.0936	0.0	0.0	0.0	0.0	0.0	0.0	0.0	0.0	84.9948	0.0	0.0	18.085	46.3843	74.2153	0.0	0.0	63.4896	7.67044	0.0	21.1479	0.0	0.0	0.0	0.0	0.0	0.0	0.0	0.0	0.0	13.7143	0.0	0.0	0.0	0.0	0.0	0.0	0.0	0.0	27.762	0.0	0.0	0.0	19.1595	0.0	0.0	0.0	0.0	0.0	33.3046	33.3046	33.3046	33.3046	0.0	0.0	0.0	21.4424
TSC229	0.0	0.0	363.8116	0.0	163.7644	105.7655	0.0	0.0	9.06187	0.0	0.0	0.0	0.0	0.0	33.30532	0.0	0.0	0.0	210.0991	182.94286	0.0	0.0	12.2199	0.0	0.0	33.9426	21.8305	19.4847	19.0934	23.229	0.0	0.0	53.0126	0.0	0.0	0.0	30.0193	0.0	37.0269	0.0	0.0	0.0	0.0	0.0	0.0	12.2068	0.0	0.0	0.0	0.0	0.0	0.0	0.0	0.0	0.0	0.0	0.0	0.0	0.0	27.4885	0.0	60.509
TSC230	0.0	0.0	12.1464	0.0	11.6223	0.0	0.0	0.0	0.0	0.0	0.0	0.0	0.0	0.0	39.4435	0.0	0.0	0.0	231.8619	60.9243	0.0	0.0	0.0	0.0	0.0	0.0	0.0	0.0	0.0	0.0	0.0	0.0	0.0	0.0	0.0	0.0	0.0	0.0	0.0	0.0	0.0	0.0	0.0	0.0	0.0	0.0	0.0	0.0	0.0	0.0	0.0	0.0	0.0	0.0	0.0	0.0	0.0	74.4313	0.0	0.0	0.0	56.2617
TSC231	0.0	0.0	374.47398	0.0	0.0	0.0	31.9686	0.0	0.0	0.0	0.0	0.0	0.0	0.0	0.0	0.0	0.0	40.1222	152.49403	90.7684	0.0	0.0	0.0	0.0	15.7854	81.5453	36.742999999999995	66.6218	10.0197	0.0	0.0	0.0	60.9836	0.0	105.2113	17.1578	0.0	0.0	63.2949	0.0	0.0	0.0	0.0	0.0	0.0	24.8494	0.0	0.0	0.0	0.0	0.0	0.0	0.0	0.0	44.7197	0.0	0.0	25.4959	0.0	0.0	0.0	0.0
TSC232	0.0	0.0	44.4058	0.0	52.6135	23.9155	0.0	0.0	0.0	36.4476	0.0	0.0	0.0	0.0	28.3353	0.0	0.0	30.1182	222.79479999999995	39.2446	0.0	0.0	50.5442	0.0	0.0	58.0705	124.4176	103.9998	150.7815	0.0	0.0	0.0	0.0	0.0	0.0	36.5911	0.0	0.0	12.0189	0.0	0.0	0.0	0.0	0.0	0.0	0.0	0.0	0.0	0.0	33.6791	0.0	0.0	0.0	0.0	43.9996	43.9996	43.9996	43.9996	43.9996	69.2498	43.9996	25.5393
TSC233	0.0	0.0	298.29518	0.0	0.0	0.0	0.0	0.0	0.0	0.0	0.0	0.0	0.0	0.0	39.0102	0.0	0.0	18.4012	135.83602000000002	78.2859	0.0	0.0	25.1645	0.0	40.5179	9.94013	40.5179	34.8422	8.52927	0.0	0.0	0.0	0.0	0.0	0.0	0.0	0.0	0.0	78.75819	0.0	0.0	0.0	0.0	0.0	0.0	26.9396	0.0	0.0	0.0	0.0	0.0	0.0	29.1296	0.0	54.7832	37.024	37.024	70.7567	0.0	0.0	0.0	28.481
TSC234	0.0	0.0	118.0081	0.0	369.1431	0.0	0.0	0.0	0.0	0.0	0.0	0.0	0.0	0.0	79.3925	0.0	0.0	42.6546	475.43808	58.279700000000005	0.0	0.0	25.3884	0.0	0.0	0.0	0.0	0.0	0.0	0.0	0.0	0.0	0.0	0.0	0.0	14.2853	0.0	0.0	25.3884	0.0	0.0	0.0	0.0	0.0	0.0	0.0	0.0	0.0	0.0	0.0	0.0	0.0	0.0	0.0	0.0	0.0	0.0	155.2106	0.0	0.0	0.0	75.9522
TSC235	0.0	0.0	179.555	0.0	101.0048	43.798	0.0	0.0	0.0	40.9526	0.0	0.0	0.0	0.0	57.142	0.0	0.0	44.4457	35.5114	75.159	0.0	0.0	39.7305	13.5495	102.9337	10.0384	30.6103	26.2194	82.3618	0.0	0.0	0.0	0.0	0.0	0.0	0.0	0.0	0.0	52.4199	0.0	0.0	17.3476	0.0	0.0	0.0	0.0	34.377	0.0	0.0	37.368	0.0	0.0	32.4871	0.0	30.1813	0.0	0.0	30.1813	0.0	0.0	0.0	33.5418
TSC236	0.0	0.0	505.4624	0.0	50.2818	84.0088	0.0	0.0	0.0	0.0	0.0	0.0	0.0	0.0	0.0	0.0	0.0	9.34345	446.1224	18.9063	0.0	27.531	12.5216	0.0	47.0823	0.0	40.9594	18.5019	47.0823	0.0	0.0	0.0	0.0	0.0	0.0	0.0	0.0	0.0	0.0	0.0	0.0	0.0	0.0	0.0	0.0	0.0	0.0	0.0	0.0	50.4805	0.0	0.0	41.4042	0.0	40.7162	0.0	0.0	40.7162	0.0	0.0	0.0	33.96642
TSC237	0.0	0.0	440.7732	0.0	102.9549	55.5884	0.0	0.0	12.5297	0.0	0.0	0.0	0.0	0.0	75.49799999999999	0.0	0.0	0.0	202.113	18.4382	0.0	0.0	14.7336	0.0	0.0	0.0	0.0	52.04364	0.0	0.0	0.0	0.0	0.0	0.0	0.0	0.0	0.0	0.0	0.0	0.0	0.0	0.0	64.482	0.0	0.0	0.0	0.0	0.0	0.0	55.4069	0.0	0.0	27.2607	0.0	0.0	0.0	0.0	15.3133	0.0	26.9705	0.0	9.0943
TSC238	0.0	0.0	383.83638	0.0	177.7934	49.656400000000005	0.0	0.0	22.796750000000003	0.0	0.0	0.0	0.0	0.0	23.6025	0.0	0.0	0.0	166.18086	114.9128	0.0	0.0	37.1807	0.0	0.0	0.0	24.8534	68.0626	28.9629	0.0	0.0	0.0	0.0	0.0	0.0	0.0	14.5402	0.0	11.6908	0.0	0.0	0.0	35.9468	0.0	0.0	27.218	21.5136	0.0	0.0	52.6532	0.0	0.0	0.0	0.0	56.814	0.0	0.0	70.6892	0.0	59.5583	0.0	60.15706
TSC239	0.0	0.0	908.57869	0.0	203.2411	47.9458	0.0	0.0	0.0	0.0	0.0	0.0	0.0	0.0	48.6704	0.0	0.0	0.0	228.21479999999997	265.4712	0.0	29.1162	91.3397	0.0	45.9278	0.0	9.09451	0.0	68.4216	0.0	0.0	0.0	0.0	0.0	0.0	0.0	20.7609	0.0	0.0	0.0	0.0	0.0	0.0	24.1997	24.1997	24.1997	12.01	0.0	0.0	229.15	0.0	0.0	47.6119	0.0	0.0	0.0	0.0	64.5235	0.0	11.0019	0.0	30.3759
TSC240	0.0	0.0	16.4059	257.055	0.0	0.0	0.0	0.0	0.0	0.0	0.0	0.0	0.0	0.0	69.4528	0.0	0.0	41.6342	249.4834	68.37813	0.0	0.0	0.0	0.0	0.0	0.0	0.0	84.4676	0.0	0.0	0.0	0.0	0.0	0.0	0.0	14.6849	0.0	0.0	0.0	0.0	0.0	0.0	0.0	0.0	0.0	10.1163	0.0	0.0	0.0	0.0	0.0	0.0	0.0	0.0	0.0	21.6219	43.9661	33.4718	21.6219	13.7616	0.0	343.971
TSC242	0.0	0.0	499.1917	0.0	139.4429	119.4034	0.0	0.0	0.0	0.0	0.0	0.0	0.0	0.0	41.7806	0.0	0.0	0.0	33.1479	0.0	0.0	0.0	0.0	0.0	0.0	0.0	0.0	58.9012	0.0	0.0	0.0	0.0	81.33104	0.0	0.0	0.0	0.0	0.0	9.19103	0.0	0.0	38.2477	18.6248	0.0	0.0	0.0	9.40095	0.0	0.0	0.0	71.1972	0.0	0.0	0.0	0.0	0.0	0.0	20.8342	0.0	0.0	0.0	0.0
TSC245	0.0	0.0	782.8996	0.0	71.88835999999999	0.0	0.0	0.0	0.0	0.0	0.0	0.0	0.0	0.0	0.0	0.0	0.0	34.8057	570.7967	409.71579999999994	0.0	55.9472	0.0	0.0	102.451	0.0	0.0	0.0	171.824	0.0	67.2505	0.0	79.5075	0.0	0.0	0.0	0.0	0.0	0.0	0.0	23.6382	0.0	90.9088	0.0	0.0	0.0	0.0	0.0	0.0	76.363	0.0	0.0	168.971	0.0	100.204	100.204	100.204	110.17198	0.0	15.0326	0.0	126.342
TSC246	0.0	0.0	916.0051	0.0	639.1429	391.277	0.0	0.0	33.2989	0.0	0.0	0.0	0.0	0.0	29.6089	0.0	0.0	35.9872	410.0318999999999	227.0497	0.0	11.2961	0.0	0.0	27.2804	0.0	0.0	0.0	219.3469	0.0	0.0	0.0	30.1007	0.0	0.0	0.0	0.0	0.0	0.0	0.0	0.0	0.0	72.6647	0.0	0.0	18.2678	0.0	0.0	0.0	29.2127	0.0	0.0	0.0	0.0	114.052	114.052	114.052	146.755	0.0	0.0	0.0	114.052
TSC247	0.0	0.0	84.4037	0.0	90.38004	16.2758	0.0	0.0	0.0	0.0	0.0	0.0	0.0	0.0	34.69603	0.0	0.0	10.8673	224.86956000000004	184.5514	0.0	0.0	0.0	0.0	607.403	33.1369	32.2727	86.1824	92.834	174.863	0.0	0.0	0.0	0.0	0.0	0.0	0.0	0.0	24.8241	20.3674	0.0	0.0	0.0	0.0	0.0	0.0	15.9234	0.0	0.0	0.0	0.0	0.0	0.0	0.0	0.0	0.0	0.0	0.0	0.0	0.0	0.0	54.4885
TSC248	0.0	0.0	277.56600000000003	0.0	225.3225	178.49	0.0	0.0	18.4799	0.0	0.0	0.0	0.0	0.0	143.136	0.0	0.0	18.9616	163.6365	195.1864	0.0	0.0	40.1527	0.0	0.0	0.0	0.0	0.0	0.0	0.0	0.0	0.0	0.0	0.0	0.0	0.0	0.0	0.0	8.83815	0.0	0.0	0.0	0.0	0.0	0.0	0.0	0.0	0.0	48.2263	36.5497	0.0	20.9129	0.0	0.0	54.0954	54.0954	54.0954	87.4082	54.0954	54.0954	54.0954	27.653
TSC250	0.0	0.0	565.6403	0.0	136.7513	117.3698	0.0	0.0	0.0	0.0	0.0	0.0	0.0	0.0	203.4418	0.0	0.0	90.6368	601.3404	408.1299	0.0	0.0	66.7769	21.1716	21.1716	225.4016	225.4016	225.4016	225.6234	261.521	0.0	0.0	0.0	0.0	0.0	0.0	0.0	0.0	37.5994	0.0	11.7983	0.0	21.8929	0.0	0.0	0.0	0.0	0.0	0.0	0.0	0.0	87.6088	60.6627	0.0	98.4262	98.4262	98.4262	98.4262	98.4262	98.4262	98.4262	76.13570000000001
TSC251	0.0	0.0	852.0979000000001	0.0	62.1418	47.4906	0.0	0.0	0.0	0.0	0.0	0.0	0.0	0.0	0.0	0.0	0.0	56.5151	909.94851	529.2837999999999	0.0	0.0	576.555	26.7054	126.224	126.224	0.0	0.0	0.0	10.4866	0.0	0.0	0.0	0.0	0.0	0.0	0.0	0.0	0.0	0.0	137.5294	0.0	962.2156	0.0	0.0	0.0	0.0	0.0	0.0	183.813	0.0	0.0	111.65	0.0	373.9247	373.9247	373.9247	373.9247	176.16969999999998	176.16969999999998	176.16969999999998	0.0
TSC252	0.0	0.0	1084.4699900000005	0.0	74.47710000000001	99.0862	0.0	0.0	0.0	50.5988	0.0	0.0	0.0	0.0	629.917	0.0	0.0	13.6012	1347.6153000000002	109.88966	0.0	0.0	124.6719	0.0	109.894	109.894	109.894	0.0	0.0	0.0	0.0	0.0	0.0	0.0	0.0	0.0	0.0	0.0	9.40205	0.0	111.3714	0.0	387.179	0.0	0.0	0.0	0.0	0.0	0.0	127.2804	0.0	0.0	202.185	0.0	157.2378	157.2378	157.2378	167.99810000000002	128.2444	128.2444	128.2444	22.43
TSC254	0.0	0.0	514.53898	0.0	49.1125	49.1125	0.0	0.0	0.0	0.0	0.0	0.0	0.0	0.0	1297.3	0.0	0.0	0.0	495.9178	552.8054	0.0	0.0	0.0	0.0	130.667	130.667	46.1452	0.0	0.0	0.0	0.0	0.0	0.0	0.0	0.0	0.0	0.0	0.0	0.0	0.0	43.7403	0.0	594.5978	52.3616	0.0	52.3616	0.0	0.0	0.0	94.7075	0.0	0.0	33.5614	0.0	228.1626	228.1626	228.1626	228.1626	103.3286	103.3286	103.3286	78.9485
TSC256	0.0	0.0	331.09540000000004	0.0	147.72700000000003	90.4245	0.0	0.0	0.0	24.9579	0.0	0.0	0.0	0.0	75.16812	0.0	0.0	178.25480000000002	923.45679	129.33960000000002	0.0	0.0	0.0	0.0	0.0	0.0	12.5498	0.0	10.5101	0.0	0.0	0.0	0.0	0.0	0.0	0.0	0.0	0.0	28.095	0.0	0.0	0.0	34.0903	0.0	0.0	0.0	0.0	0.0	0.0	0.0	0.0	0.0	11.9054	0.0	0.0	0.0	0.0	327.0687	0.0	0.0	0.0	52.7591
TSC257	0.0	0.0	1155.272	0.0	0.0	0.0	0.0	0.0	0.0	0.0	0.0	0.0	0.0	0.0	418.168	0.0	0.0	137.972	1860.3624	631.5436	0.0	0.0	0.0	0.0	0.0	0.0	0.0	0.0	0.0	0.0	0.0	0.0	0.0	0.0	0.0	0.0	0.0	0.0	0.0	0.0	248.3276	0.0	118.357	0.0	0.0	0.0	0.0	0.0	0.0	84.442	0.0	0.0	99.0907	96.5435	495.9379	452.7621	452.7621	476.0798999999999	433.794	311.591	311.591	11.0913
TSC258	0.0	0.0	2061.4099	0.0	48.0451	114.5644	0.0	0.0	46.8001	52.1779	0.0	0.0	0.0	0.0	80.9543	0.0	0.0	20.865630000000003	1388.07279	595.3186499999999	0.0	0.0	64.5536	131.391	0.0	35.9022	35.9022	0.0	0.0	50.9044	0.0	0.0	0.0	0.0	0.0	30.7069	0.0	0.0	77.2787	0.0	114.4408	0.0	243.71069999999995	0.0	0.0	0.0	0.0	0.0	94.7254	305.3605	0.0	0.0	183.89	0.0	1004.7983	1004.7983	498.83129999999994	743.5801999999999	411.4503	411.4503	411.4503	0.0
TSC259	0.0	0.0	1138.898	0.0	32.9645	32.9645	0.0	0.0	0.0	31.5648	0.0	0.0	0.0	0.0	335.603	0.0	0.0	19.3327	1286.0996299999997	392.5766	0.0	0.0	146.9124	91.7137	105.308	143.9055	143.9055	105.308	91.7137	0.0	0.0	0.0	0.0	0.0	0.0	0.0	11.9601	0.0	0.0	0.0	0.0	0.0	145.8447	0.0	0.0	0.0	0.0	0.0	0.0	69.8635	0.0	0.0	41.4061	0.0	268.435	277.18746	277.18746	243.9271	243.9271	268.435	268.435	45.2593
TSC260	0.0	0.0	887.3302999999999	0.0	30.7026	52.611	0.0	0.0	0.0	33.3645	0.0	0.0	0.0	0.0	167.177	0.0	0.0	45.7839	872.4753900000001	133.3901	0.0	0.0	195.2053	57.0493	57.0493	96.2222	96.2222	57.0493	57.0493	11.7163	0.0	0.0	0.0	0.0	0.0	0.0	38.8343	0.0	0.0	0.0	164.966	18.8432	57.6403	8.08095	0.0	0.0	0.0	0.0	0.0	75.2989	0.0	0.0	22.8936	0.0	118.8595	118.8595	118.8595	132.6038	101.802	101.802	101.802	0.0
TSC261	0.0	0.0	1104.65917	0.0	17.7498	0.0	0.0	0.0	0.0	0.0	0.0	0.0	0.0	0.0	0.0	0.0	0.0	0.0	1034.27648	171.45300000000003	0.0	0.0	79.8398	79.8398	79.8398	167.4846	167.4846	79.8398	79.8398	12.1604	0.0	0.0	0.0	0.0	0.0	0.0	0.0	0.0	27.7656	0.0	86.2273	0.0	319.0574	0.0	0.0	0.0	0.0	0.0	0.0	27.494	0.0	0.0	45.3206	0.0	465.8464	399.6007	399.6007	399.6007	346.4294	346.4294	346.4294	24.62888
TSC262	0.0	0.0	477.3727	0.0	24.2688	0.0	0.0	0.0	0.0	0.0	0.0	0.0	0.0	0.0	0.0	0.0	0.0	0.0	1077.40638	233.957	0.0	0.0	243.773	113.957	113.957	113.957	113.957	113.957	113.957	19.7264	0.0	0.0	0.0	0.0	0.0	0.0	0.0	0.0	22.1375	0.0	64.6554	0.0	44.201	0.0	0.0	0.0	0.0	0.0	0.0	16.7125	0.0	0.0	19.5207	0.0	128.7723	128.7723	128.7723	128.7723	128.7723	128.7723	128.7723	0.0
TSC263	0.0	0.0	531.7829999999999	0.0	35.8066	49.9327	0.0	0.0	0.0	0.0	0.0	0.0	0.0	0.0	81.2524	0.0	0.0	39.4725	482.0336999999999	113.5073	0.0	0.0	15.6479	0.0	0.0	77.0043	53.903	0.0	0.0	7.89407	0.0	0.0	0.0	0.0	0.0	0.0	0.0	0.0	0.0	0.0	0.0	0.0	0.0	0.0	0.0	0.0	0.0	0.0	0.0	0.0	0.0	0.0	0.0	0.0	0.0	0.0	0.0	0.0	0.0	0.0	0.0	50.5648
TSC264	0.0	0.0	633.2904000000001	0.0	61.733900000000006	16.0064	0.0	0.0	0.0	23.6183	0.0	0.0	0.0	0.0	16.6847	0.0	0.0	40.1234	678.0829300000001	87.3505	0.0	0.0	0.0	27.9301	24.3766	24.3766	0.0	0.0	7.09349	95.1286	0.0	0.0	0.0	0.0	0.0	0.0	0.0	0.0	34.9744	0.0	32.2206	0.0	204.70998	0.0	0.0	0.0	17.1494	0.0	10.1212	26.5339	0.0	0.0	11.5156	25.4152	120.4689	120.4689	120.4689	120.4689	120.4689	120.4689	90.4468	62.2949
TSC265	0.0	0.0	942.66369	0.0	238.6327	238.6327	0.0	0.0	44.0178	25.7022	0.0	0.0	0.0	0.0	70.8272	0.0	0.0	25.6772	1118.298	380.2766	0.0	0.0	95.86703	45.3513	45.3513	45.3513	45.3513	45.3513	51.92948	77.2207	0.0	0.0	0.0	0.0	0.0	0.0	24.6324	0.0	45.0715	0.0	31.2391	59.9775	163.4807	0.0	0.0	0.0	0.0	0.0	31.911499999999997	87.06767	0.0	20.1481	0.0	0.0	250.8225	231.4719	73.9577	231.4719	0.0	0.0	0.0	99.4476
TSC266	0.0	0.0	345.0521	0.0	202.284	177.6979	0.0	0.0	0.0	92.7486	0.0	0.0	0.0	0.0	72.155	0.0	0.0	42.5065	281.60359	267.4922	0.0	0.0	15.8275	15.8275	0.0	0.0	0.0	105.6183	9.15704	0.0	0.0	0.0	0.0	0.0	0.0	0.0	0.0	0.0	12.2183	16.197	15.3246	0.0	0.0	0.0	0.0	10.2231	0.0	14.1001	0.0	12.5759	0.0	0.0	0.0	0.0	0.0	0.0	0.0	10.0279	0.0	0.0	0.0	0.0
TSC267	0.0	0.0	484.95591	0.0	890.5939000000001	44.7778	0.0	0.0	0.0	0.0	0.0	0.0	0.0	0.0	229.263	0.0	0.0	21.6751	428.3108899999999	363.8631	0.0	9.52761	37.9424	0.0	19.1485	39.7364	39.7364	394.281	0.0	0.0	0.0	0.0	0.0	0.0	0.0	0.0	0.0	0.0	11.7295	0.0	38.1132	0.0	28.2574	0.0	0.0	0.0	0.0	0.0	0.0	7.40629	0.0	0.0	0.0	0.0	0.0	0.0	0.0	0.0	0.0	0.0	0.0	46.19123
TSC268	0.0	0.0	457.4628	0.0	237.6671	233.8848	0.0	0.0	0.0	16.7081	0.0	0.0	0.0	0.0	0.0	0.0	0.0	10.7176	441.30796	282.211	0.0	0.0	33.3999	0.0	0.0	50.6994	50.6994	0.0	0.0	0.0	0.0	0.0	0.0	0.0	0.0	0.0	0.0	0.0	29.1224	0.0	31.2382	30.0716	62.9825	0.0	0.0	0.0	0.0	0.0	14.0963	0.0	0.0	0.0	10.717	0.0	100.2685	100.2685	100.2685	100.2685	100.2685	114.7241	100.2685	0.0
TSC269	0.0	0.0	303.4273	0.0	219.9463	136.193	0.0	0.0	0.0	16.332	0.0	0.0	0.0	0.0	0.0	0.0	0.0	74.3027	505.5524	405.96793999999994	0.0	0.0	0.0	0.0	0.0	0.0	0.0	0.0	38.6612	0.0	0.0	0.0	0.0	0.0	0.0	0.0	0.0	0.0	29.3105	0.0	0.0	0.0	54.8906	0.0	0.0	0.0	0.0	0.0	0.0	165.8407	0.0	32.2359	13.7859	0.0	29.7991	29.7991	29.7991	43.1372	29.7991	29.7991	29.7991	12.765
TSC270	0.0	0.0	1810.6162099999997	0.0	0.0	0.0	0.0	0.0	0.0	0.0	0.0	0.0	0.0	0.0	42.4431	0.0	0.0	11.2688	606.0576	373.0095	0.0	0.0	81.403	12.0134	0.0	0.0	0.0	0.0	14.0219	0.0	0.0	0.0	0.0	0.0	0.0	0.0	0.0	0.0	0.0	0.0	46.6876	28.5032	65.4835	0.0	0.0	0.0	0.0	0.0	0.0	0.0	0.0	12.7125	0.0	0.0	215.674	215.674	215.674	215.674	215.674	215.674	62.458	36.083200000000005
TSC271	0.0	0.0	340.7541	0.0	105.801	91.0072	0.0	0.0	0.0	0.0	0.0	0.0	0.0	0.0	66.7915	0.0	0.0	235.5248	653.3148000000001	334.99541999999997	0.0	0.0	24.8675	0.0	15.2905	109.9959	94.7054	0.0	8.9505	0.0	0.0	0.0	0.0	0.0	0.0	0.0	0.0	0.0	0.0	0.0	17.0745	0.0	80.23634	0.0	0.0	0.0	0.0	0.0	0.0	23.8755	0.0	14.6929	40.0696	0.0	26.4712	26.4712	26.4712	26.4712	26.4712	26.4712	26.4712	52.2275
TSC272	0.0	0.0	1605.71511	0.0	114.4554	104.9393	0.0	0.0	0.0	0.0	0.0	0.0	0.0	0.0	36.0498	0.0	0.0	0.0	793.34903	678.2337	0.0	0.0	0.0	0.0	8.63756	0.0	0.0	0.0	0.0	59.3405	0.0	0.0	0.0	0.0	0.0	0.0	0.0	0.0	0.0	0.0	76.2467	0.0	241.16185	0.0	0.0	0.0	204.36809999999997	40.3589	202.38155	313.2523	0.0	0.0	7.514	0.0	239.9268	127.745	127.745	127.745	127.745	127.745	127.745	272.22565
TSC273	0.0	0.0	573.5952	0.0	806.614	0.0	0.0	0.0	0.0	0.0	0.0	0.0	0.0	0.0	30.5755	0.0	0.0	0.0	562.82969	228.1597	0.0	0.0	0.0	0.0	0.0	87.9299	87.9299	0.0	0.0	0.0	0.0	0.0	0.0	0.0	0.0	0.0	0.0	0.0	0.0	0.0	12.4787	0.0	25.0661	0.0	0.0	0.0	19.4188	0.0	26.1325	13.0044	0.0	0.0	0.0	0.0	78.8633	78.8633	78.8633	78.8633	78.8633	78.8633	78.8633	0.0
TSC274	0.0	0.0	1497.56785	0.0	130.1619	15.6581	0.0	0.0	53.7865	0.0	0.0	0.0	0.0	0.0	0.0	0.0	0.0	0.0	1849.2029	689.3125	0.0	0.0	28.5245	0.0	105.655	105.655	105.655	105.655	0.0	59.4772	0.0	0.0	0.0	0.0	0.0	0.0	27.3855	0.0	44.6283	0.0	185.4589	0.0	445.6848	0.0	0.0	0.0	0.0	0.0	14.1498	78.987	0.0	0.0	0.0	0.0	673.4406	673.4406	637.3876	701.129	637.3876	637.3875999999999	560.0628	58.2241
TSC275	0.0	0.0	971.4693	0.0	0.0	8.45847	0.0	0.0	0.0	157.5272	0.0	0.0	0.0	0.0	140.355	0.0	0.0	12.5656	650.4115999999999	314.74440000000004	0.0	0.0	255.166	57.6733	57.6733	151.4416	151.4416	57.6733	57.6733	0.0	0.0	0.0	0.0	0.0	0.0	0.0	17.4915	0.0	14.1796	0.0	67.5476	0.0	173.0007	0.0	0.0	0.0	26.8012	0.0	0.0	0.0	0.0	0.0	37.3349	0.0	46.521	46.521	46.521	66.6363	46.521	46.521	46.521	71.1781
TSC276	0.0	0.0	1298.1227000000003	0.0	144.85039999999998	0.0	0.0	0.0	49.3818	150.923	0.0	0.0	0.0	0.0	342.825	0.0	0.0	21.014	2182.91478	322.7715	0.0	0.0	191.662	0.0	243.543	260.915	260.915	262.15	0.0	0.0	0.0	0.0	0.0	0.0	0.0	0.0	0.0	0.0	0.0	0.0	188.5559	12.8454	942.4541	0.0	55.7485	0.0	47.6289	0.0	0.0	189.4544	0.0	0.0	216.859	187.566	246.39299999999997	246.39299999999997	226.8462	262.6192	226.8462	226.8462	226.8462	223.8231
TSC277	0.0	0.0	1635.6191	0.0	26.2375	0.0	0.0	0.0	0.0	0.0	0.0	0.0	0.0	0.0	0.0	0.0	0.0	72.112	1637.6330999999998	531.5175999999999	0.0	0.0	101.7777	74.5016	74.5016	74.5016	74.5016	74.5016	74.5016	13.9866	0.0	0.0	0.0	0.0	0.0	0.0	93.7454	0.0	0.0	0.0	260.44530000000003	0.0	641.5513000000001	0.0	0.0	0.0	44.4207	0.0	28.2033	98.6289	0.0	0.0	269.104	0.0	781.2405	781.2405	781.2405	814.8276	781.2405	781.2405	781.2405	372.7449
TSC278	0.0	0.0	755.0660700000001	13.03	0.0	19.78	0.0	0.0	0.0	143.722	0.0	0.0	0.0	0.0	164.1587	0.0	0.0	29.7949	720.8275000000001	238.2405	0.0	0.0	228.346	88.6461	88.6461	88.6461	117.0015	88.6461	88.6461	0.0	0.0	0.0	0.0	0.0	0.0	0.0	21.6245	0.0	21.6245	0.0	56.8885	0.0	277.3876	0.0	0.0	0.0	0.0	0.0	0.0	39.156	0.0	0.0	64.3792	0.0	29.3003	29.3003	29.3003	45.6142	29.3003	29.3003	29.3003	0.0
TSC279	0.0	0.0	1654.6892000000005	0.0	205.2083	151.5443	0.0	0.0	70.2663	148.881	0.0	0.0	0.0	0.0	329.1603	0.0	0.0	74.458	1765.93221	100.3772	0.0	0.0	134.7375	46.7521	0.0	0.0	0.0	0.0	0.0	13.2007	0.0	0.0	0.0	0.0	0.0	118.145	18.0484	0.0	26.1154	0.0	332.853	0.0	642.453	0.0	0.0	0.0	102.447	0.0	0.0	52.0171	0.0	0.0	202.0403	0.0	68.1002	48.339	48.339	314.9032	48.339	48.339	48.339	0.0
TSC280	0.0	0.0	1066.07571	0.0	84.9222	84.9222	0.0	0.0	42.9027	0.0	0.0	0.0	0.0	0.0	168.474	0.0	0.0	151.975	1084.9937000000002	187.9158	0.0	0.0	251.167	0.0	0.0	27.7091	27.7091	0.0	0.0	0.0	0.0	0.0	0.0	0.0	0.0	0.0	19.1173	0.0	19.1173	0.0	82.6244	0.0	625.183	0.0	0.0	0.0	0.0	0.0	11.129	44.4429	0.0	0.0	0.0	0.0	394.08040000000005	206.7334	206.7334	206.7334	206.7334	206.7334	206.7334	169.1629
TSC281	0.0	0.0	1214.6577	0.0	17.3168	0.0	0.0	0.0	43.6863	0.0	0.0	0.0	0.0	0.0	76.6291	0.0	0.0	47.1291	1009.2949000000004	412.024	0.0	0.0	23.23899	0.0	14.4635	14.4635	14.4635	9.30057	0.0	67.4588	0.0	0.0	0.0	0.0	0.0	0.0	49.765	0.0	147.3988	0.0	153.9784	0.0	285.2582	0.0	0.0	0.0	86.6379	55.9537	0.0	0.0	0.0	0.0	0.0	0.0	255.9103	214.4738	214.4738	803.2948	184.5014	184.5014	184.5014	224.8747
TSC282	0.0	0.0	2091.9359	0.0	175.8	156.458	0.0	0.0	0.0	55.2208	0.0	0.0	0.0	0.0	626.253	0.0	0.0	21.7777	969.2692199999998	741.7062	0.0	0.0	23.1346	0.0	0.0	0.0	0.0	0.0	0.0	0.0	0.0	0.0	0.0	0.0	0.0	0.0	0.0	0.0	0.0	0.0	664.305	0.0	0.0	0.0	0.0	0.0	25.4413	0.0	0.0	0.0	0.0	0.0	29.1253	0.0	379.6437	379.6437	354.202	379.6437	354.202	354.202	0.0	46.1215
TSC283	0.0	0.0	275.7826	0.0	82.51076	74.6097	0.0	0.0	0.0	0.0	0.0	0.0	0.0	0.0	94.5934	0.0	0.0	17.3528	383.25136	235.1993	0.0	0.0	13.9607	0.0	0.0	0.0	0.0	0.0	0.0	0.0	0.0	0.0	0.0	0.0	0.0	0.0	0.0	0.0	0.0	0.0	0.0	18.9041	0.0	0.0	0.0	0.0	0.0	0.0	0.0	30.1245	0.0	0.0	0.0	0.0	17.7557	17.7557	17.7557	17.7557	0.0	0.0	0.0	0.0
TSC284	0.0	0.0	144.76275	0.0	101.3552	55.586200000000005	0.0	0.0	0.0	0.0	0.0	0.0	0.0	0.0	20.0648	0.0	0.0	13.7067	640.73885	154.79850000000002	0.0	0.0	0.0	0.0	0.0	13.2479	0.0	0.0	0.0	0.0	0.0	0.0	0.0	0.0	0.0	0.0	0.0	0.0	0.0	0.0	0.0	0.0	0.0	0.0	0.0	0.0	0.0	0.0	0.0	0.0	0.0	0.0	0.0	13.3172	0.0	0.0	0.0	28.6563	0.0	0.0	0.0	19.4293
TSC285	0.0	0.0	1363.94931	0.0	0.0	0.0	0.0	0.0	0.0	0.0	0.0	0.0	0.0	0.0	756.109	0.0	0.0	11.0362	1280.02281	186.7901	0.0	0.0	0.0	0.0	0.0	0.0	0.0	7.04417	0.0	0.0	0.0	0.0	0.0	0.0	0.0	0.0	0.0	0.0	0.0	0.0	52.9986	0.0	512.979	0.0	0.0	0.0	0.0	0.0	0.0	239.134	0.0	0.0	168.412	0.0	162.39690000000002	162.39690000000002	162.39690000000002	162.39690000000002	162.39690000000002	162.39690000000002	162.39690000000002	0.0
