Samples	AcnR	AgaR	AmtR	AraR	ArgR	BioQ	BirA	CadR-PbrR	CblR	CcpA	CsoR	CueR	CzrA	DasR	ExuR_UxuR	FabR	FadP	FadR	FixJ	FnrN_FixK	FruR	FUR	GguR	GlcC	GntR	GulR	HcpR	HexR	HisR	HrcA	HutC	HypR	Irr	IscR	KdgR	LexA	LiuQ	LiuR	LldR	LtbR	MerR	MetJ	MetR	MntR	ModE	NadQ	NagC	NagQ	NagR	NarP	NiaR	NifA	NikR	NmlR	NnrR	NorR	NrdR	NrtR	NsrR	NtrC	PaaR	PdhR	PdxR	PhnF	PhnR	Phr	PhrR	PhsR	PrpR	PsrA	PurR	QorR	RbkR	RbsR	Rex	RutR	SahR_SamR	SdaR	SiaR	SoxR	ThiR	TrpR	TtrR	TyrR	VanR	XylR	ZntR	Zur
TSC039	39592.09993000004	150511.21872000015	80645.98067000014	76241.90513999999	590902.8095699986	49239.011409999985	359041.83274000115	143672.34740000026	84303.61161999995	131133.4043299999	48968.59421999992	206132.68789000015	252012.37884999876	48379.537220000115	108495.88648000016	97756.44793999995	27855.499249999983	67991.15799999995	32234.071769999988	131727.8717299997	87506.35876	630636.3448200008	27736.033640000012	89335.97848999973	135628.70765999993	60226.93438000001	164605.30276	155084.51740999962	112497.88999000004	220245.42386000056	181721.66700000063	101910.0202400002	52700.83534000003	369138.8497599987	225964.9570199998	434313.3192899991	49329.59903000001	116534.37551000011	234734.51409000036	85013.18000999998	57566.84035999997	32694.64949999999	372514.9528700002	428300.4386799993	470946.7270699996	152982.7990700001	446624.78906999936	179498.1021200004	142040.40381999998	42795.78707000002	75909.62615000004	59826.301029999995	81844.42705999996	76828.4176099999	90396.73403000012	121993.81189000006	314097.4734199999	709933.3973800001	424452.1158900002	167955.4790600003	181367.4860900003	91889.27526999995	400368.3726399993	127203.85616999994	176547.68803999972	206764.8642099999	86424.50456999983	33386.465290000044	82306.99102999999	216052.4257999998	31358.15635	67866.89072999998	203840.7051699997	157759.6953899996	265029.2765299998	269101.0205600001	334027.61974000075	127273.90475000016	84632.22171999997	140208.02124000015	205347.7308999999	103267.29216999991	55261.812250000075	113566.23825999998	81070.49335	105338.77476000016	66754.26677999995	789790.0343299981
TSC043	20983.144130000008	94382.4139799999	52695.98150999998	58104.206119999944	435036.2182800004	31966.30345000003	251488.35918000044	82199.3417900002	52807.57435999995	80761.70698999992	31889.04659000001	123760.76187	177311.83241000012	29335.968199999996	73320.51917000009	62714.24712999999	14621.519380000002	39743.36108	19610.69598	112119.45044999992	54463.13295999996	416402.8006199999	18132.692870000003	58897.12914999997	76927.16684000015	42641.521850000005	123672.87318000008	94230.94828000006	70573.30180999995	129421.4204600002	114288.29259999996	80296.71260999994	30524.552740000025	236124.64611000047	168090.71326000014	259983.29334999996	27348.683980000016	66400.84109	153758.37788999954	46894.31252000008	30499.80358000003	18231.421740000013	246180.6296899995	293921.99294	300872.9490900001	96891.15343999988	353881.97103000066	110567.5106900003	93601.01574	26922.310660000003	53708.98230000004	36289.85427999997	47129.13597999999	44376.9947400001	56711.30610000001	80768.8305000001	211908.1187700001	478578.17145000224	295046.5101699994	99830.82231000037	114765.57323000004	58033.78624999997	255722.55697999892	77229.73707999989	108410.60618999987	147827.11715000003	55245.53315000002	26692.909510000016	46663.7021	147187.14513999972	19521.36683000001	41337.29016999997	129932.17075999998	96038.05325000011	174344.7160000003	175956.29995000036	227460.02075000005	84958.69470000005	50943.92300000001	87532.29514999999	146116.3966399998	67275.65312000006	37768.05480999995	80605.34853000008	51070.87098000002	72009.30486999998	40145.27218999999	498435.9858899997
TSC050	25869.394269999968	101321.06418000023	61686.79122000003	58255.03360000006	454538.3058500005	38409.81197999999	272913.9888200003	95008.39432999992	61342.63543	94045.51689999992	40858.842	140822.60111000005	188316.66629000017	34666.22585999996	82894.70716000008	70771.08152999997	18794.15234	46476.36457999995	20483.51967999999	113951.73000999993	60510.72327999997	451574.16020999703	21155.599500000008	67194.93593000005	95269.53259000002	45599.42319999998	133085.9454899998	107014.0860599999	71200.77193000005	155567.45285999976	128306.93076	84573.77809999997	36563.93718000002	263370.1520400002	177603.3556000003	295622.049280001	32600.88544	81099.03796999996	170517.85043999949	58609.95731000001	38898.41936999999	20909.61050999996	263680.4634499997	323248.74994999974	339212.81659000035	107769.38231000004	349143.85333000025	127285.99052999988	107029.56286000003	33109.34642000005	58003.72285999997	45206.53531999999	58709.780060000034	53234.70552000007	65977.46112000007	92448.00000999996	239525.7337400004	514105.5553699985	309592.65576000046	115778.5393799998	133420.96005999972	64578.73619000002	293539.41809999954	86562.01042999992	122011.18382999997	150467.10922000045	60728.31816999997	28251.101309999955	51101.34218000006	159353.75843000007	22399.695719999996	51119.422390000065	145362.89872000026	114305.95177000026	193250.6549099997	201862.26403999937	243910.1755600003	93557.59229000002	55480.48972000013	102939.26182000022	153054.7835399996	71095.66855999989	36500.3319	82886.04233000016	56390.71111000002	72771.82138000018	48555.24757000002	554997.3971999962
TSC069	34772.162350000006	115609.09153000033	70263.69337000002	65064.66771000003	530765.0815899988	39779.33055000003	307738.2103400011	110452.0355199999	58639.61582999989	95941.23720999998	43747.20654999993	170009.12530999997	209404.64848000015	34583.18451	96926.71979999986	79279.45462999998	24042.427070000005	40221.11518999994	27710.055750000003	66071.07947999996	60315.33285000005	537336.3792500005	23847.794140000013	67886.75707000002	109042.86104	50270.94987000002	97000.13919000007	128415.72572999992	87692.45087999984	169949.37205000012	139975.72989000016	84995.90267	53302.15430999996	296421.55857999995	233784.30680999995	345899.8927200013	33778.269629999995	104595.49658000012	200331.24111999985	73630.60781000002	40851.19811999999	21289.979359999987	276683.63864000014	412769.08370000054	364433.5133500011	117039.56767000003	436364.3813900002	125291.0577499998	100119.29408999997	39248.589000000014	63321.70521999997	55605.37549000008	55844.20814999998	58744.824029999945	81889.90105	82366.72902000013	251068.0714099995	615970.8600300027	388061.6921400011	146945.82902000027	138151.74344999972	63153.626790000046	290024.9897199992	97900.67681000002	101838.7236100001	200514.10474	68755.35690000009	27586.27832	52059.67200999994	182307.42705000043	41203.124300000025	57049.842119999994	156951.80011000024	157081.71024999992	227154.47516000023	192281.53637	276486.1003999996	121737.59158999988	63950.484030000014	105787.11290000002	167149.54424999998	96158.48313	39575.40368	100337.02710000008	60881.06651999997	98158.92914000012	48771.501089999954	619466.1352200006
TSC077	12421.94795	49235.85929999998	25140.51067	30576.818019999977	209124.68109	15184.662450000013	122123.63955999984	48741.47124000009	30042.35812	33816.38508000002	15295.35161000002	58833.26778000002	83159.19246000005	16049.84325	46471.03348000002	28555.85753999999	6764.1967600000025	22469.66261000001	10327.052659999998	23206.63309999999	25281.74114999999	212001.0178300003	9219.050969999997	27051.816879999984	40525.43804000002	23296.652140000013	35864.461279999996	53841.935090000065	34416.368210000015	69883.97561999991	65072.619910000096	37018.50694000001	19801.910350000013	115744.50764000013	85239.94397000004	140843.80521000025	14209.348589999992	32298.28062	81095.60413000014	31042.33163999997	16908.441260000014	8035.088139999998	125823.80998999988	169726.88647000017	156244.12621999974	56094.65604000006	164083.6991300002	52917.61620000007	41900.96189999992	14799.052109999997	23757.586590000017	14985.06184999999	25909.449200000025	15446.60714000001	24088.196970000008	40029.562330000015	116487.16083000015	253614.54368000064	159605.1957499997	51714.771050000025	58274.14965000002	28828.165549999965	122754.37846999997	45009.76877000004	52699.658030000064	81446.21381000007	26808.563909999997	10880.50855	21905.387240000025	78661.46047000011	9653.783079999996	24790.87188	71078.61639000005	52027.50777000001	100419.81782000004	79301.2689000001	115940.29482999996	47538.670159999994	23917.972609999975	41476.61640000002	67495.88460999995	40162.67238	17700.189920000015	43562.30202	27265.677870000025	36350.34979999996	19828.054810000012	240681.1821200006
TSC083	26194.14307999999	92127.00239000004	60875.48197	54058.75981	462347.9450800013	29661.263419999992	258929.4902599996	91986.32333999996	59128.752600000065	70941.08800999995	38206.89705000003	121739.48177000016	189116.14989999973	27712.893189999995	84086.50200999987	64697.46899999999	17236.801680000008	45199.41505	24009.308009999993	49292.43818000004	50198.38447000011	444833.0960799997	26733.961510000005	63910.41904000002	88439.85617000006	40894.20022	76438.66009000014	111265.2135000002	75432.82211999995	140267.32194000014	137958.85793000014	75900.43768	43141.413929999966	254906.9270600004	169616.1274799998	288951.24160999985	28538.905409999967	73514.16562000004	187722.8652499999	51106.170250000054	33743.758199999975	20890.26531999999	242861.45306999996	324853.10985000024	313323.8779600002	110334.96487000008	340402.80761999945	118204.29748000012	88109.40856999985	28933.97416000001	55910.32059000001	34297.607639999995	56402.20162000002	38971.55217000002	51812.00583999994	84751.37322000002	234482.20585999987	521005.70296000066	327986.71838999994	106720.59072999992	120313.12096	69015.12357000004	257511.31657999963	94976.34894000013	95370.07156000004	159661.90725999972	60547.28412000004	30726.294090000018	45621.405609999965	154066.14092000003	24885.03432999999	48393.20912000004	138313.37261000002	109631.04863999992	206787.69765	166931.82690999957	261239.16224999985	104201.75875999994	51870.99900000012	90695.63524999992	143976.16077999974	79330.3675000001	43329.213630000006	76457.81178000012	55953.961480000056	74602.50932000004	43479.208590000024	523656.93470999994
TSC099	21415.2429	76348.64969000003	40452.112930000054	47597.68678	402998.82843999914	26925.81751999998	220653.9898899997	81537.89615000003	48167.96080000005	61493.07634999995	24634.289460000004	95236.00723999986	165806.3236900004	24259.09495000001	76620.00070000012	59618.376009999934	12775.838909999997	39491.04175999997	21037.88863	45030.865740000096	38969.236669999955	366096.4630600006	19295.94355	56162.46351999999	79860.78499999993	32144.172409999977	67941.65340999996	100359.62621000007	60112.474079999985	119717.18688	113632.16628	57786.78612999997	36802.910100000045	220067.7488799999	137380.7620300004	220767.1450900008	26133.179320000003	57006.84711999995	148972.97714000032	47455.81747000001	29380.83797	17513.388189999998	223471.38138000076	286219.306130001	268081.3403300003	91847.68895000013	284382.62523999985	99223.69212000028	74063.98675000003	30086.41596000005	48325.94271000005	25965.680440000004	45633.78142000004	35787.88826000001	42061.30694000001	72032.20011000002	199941.98018999997	440175.21962999745	279736.61708000046	94104.88021000006	97586.45633999987	51321.23386000003	216503.97058999995	84499.04994	87370.1457900002	143820.70589000016	51322.279270000035	18049.58978	41648.95331000003	126640.84188999997	18484.504220000003	38964.69082000005	113875.51116	83567.5133500001	169557.29547000036	139474.88388000018	211148.3207000002	83802.51158000036	47437.240720000045	81378.21179000016	118707.22659000008	67382.31216000004	26926.33561	70010.23738999998	48741.487220000025	61665.973640000055	39481.86285999999	436532.4281099988
TSC106	51568.62374999994	130066.4679	80009.83820000007	66157.58016999999	638402.0168399999	65531.90034000005	381450.8613399993	176698.39010000022	85959.16490999989	130655.76610999994	52765.42912000001	240632.65485999957	204400.10550000015	39355.22129000003	131953.75942999995	138714.58457000027	31210.69635	93570.83171999996	53200.18633000003	111720.19130999992	109577.3176899998	576517.1814800003	48273.15287999997	107600.63405999992	200789.09302999973	47197.98039000003	149434.78934999992	170803.6867700002	136722.5875400001	255202.7776599997	207070.88626999967	125075.13184999996	36203.971319999946	378279.6728699991	199003.6302900001	466028.027289999	58456.33646000002	162447.38400000014	259856.12483999968	94214.57219000004	69084.47283	41568.43558999998	318146.8704199992	406983.54661	520168.0431899997	149402.33111000003	337322.56318999967	199299.37887999977	143232.46526000017	51893.68688999999	78783.79200999998	68656.09710000004	100970.31915000008	61023.74383999997	135468.86548000004	156817.56209	357503.5377699998	704699.3658100009	407658.2198	320283.90316000016	197705.26567000023	110451.6906500001	443790.65445999935	126476.99264000008	152776.69751999978	203751.81241000016	99146.40567999994	35901.08615999999	78929.96682000002	250990.26831999983	53876.05757000004	100703.44941999984	195880.84615999975	203063.9514499997	314012.0584799996	265819.68974	283055.2123300006	178325.2215399998	70485.94460000002	162007.48370000004	164448.6341100001	121936.15474000006	57930.42350000002	136585.42366000015	54522.23016999998	113791.29240000012	65929.30071999994	772854.0316799997
TSC115	13565.907299999995	54542.472429999965	27723.81366000002	31509.06872999999	274624.72450000024	18276.64543999999	156604.17067000008	54383.63080000006	28794.329260000013	46563.287240000085	17786.081840000003	65281.06036999997	103252.42895000005	9825.304670000003	43913.37351999995	43418.79012000003	8945.369510000004	25363.824090000016	15417.35452	31339.93189999997	26761.36664000001	242189.50762000133	16024.596580000009	32197.66697999998	49371.63777000007	23837.31089999998	45635.13565000001	70679.90748000008	56515.46733	76490.33053	91901.82522999984	47007.212060000005	20407.86523999999	147547.2247799998	96383.2933	159432.1888499995	18156.39133	41628.17179999995	87201.81902000013	31381.959389999993	20402.868269999977	14515.48527	146109.6188800001	197221.8737500001	188320.10972999997	59980.48536999992	180970.7198700004	69267.3377899999	47420.48136000001	18487.854230000004	31874.679060000028	16853.104499999994	37535.48773000002	17662.789240000006	29933.482840000004	51574.25865000008	133908.8911100001	324461.2043799993	175901.88237000053	71820.12886000007	55759.81416000004	36250.66205000001	127745.2347700001	56645.50566000001	45286.23758	92123.87616999989	37494.592320000025	13488.590729999987	25598.688450000023	90854.48351000028	14559.923360000006	27148.865100000017	83926.14369000013	61876.80743000013	111851.44976000005	82780.08252999991	137564.25080000004	63237.658050000005	27644.988389999984	51727.516650000005	80110.26392999996	48311.48347000003	20873.841920000017	51193.38992999991	28347.26161	40052.75917999999	21160.63645999999	307908.50748000003
TSC123	30171.05187	91884.80885999996	62491.953099999904	52785.37916999997	391222.19493000035	38014.154199999975	254141.70748000027	103727.69142999996	62051.54502	59899.070720000054	39164.821910000006	145941.3842700001	152608.83523000008	37199.00268999993	100832.20883000012	68247.81141000015	23771.593429999975	47655.085660000026	29255.882339999964	61984.33004000002	61544.975759999936	407491.7360199978	22351.624260000015	66698.49705999995	98046.08784999992	35384.58925999997	84691.04375999993	112039.93951000008	65174.896	165113.4455300001	128314.82587999992	70343.57521999997	41759.41473000003	249166.9164300012	144986.54996999976	295402.6582399996	30409.66049	78550.99475999997	181997.53857000105	59829.5708	46550.54681999997	19878.991199999982	221903.25775999983	295106.30004999985	290806.28161000105	96118.58941	273791.8433799997	116670.2331299997	90062.49496999984	35091.376630000006	55218.166889999986	43857.85918000003	52088.63845000008	46611.02289999992	72706.24202999992	85997.81730000002	232992.41437000065	464825.43383000174	284474.3949199996	140448.32094000012	140184.80441999965	55706.42611000001	295217.0310599998	88144.5317799999	110752.79947999986	138873.41566000012	58129.18138000001	25436.62773000001	53540.62935999999	147510.13648000042	25823.92528	51459.725839999985	127365.03639999995	123909.49234000011	188674.8620000005	190760.80205000035	198176.00121999957	101018.47209000004	50835.97958000003	87718.64710000012	105689.31680999996	79191.7949199999	34112.57563999997	78457.24235999997	62124.90627000003	65478.32788000001	49487.50080000003	498704.11597999744
TSC132	24094.386399999996	92414.71304000005	52968.934859999994	59075.41682000009	463069.1039300017	30593.08874	273510.9354099993	99360.52634000008	62126.546040000045	71353.65265	38526.02874	127371.62275999972	205480.07228000063	33843.79914000002	96028.22460999996	74242.69865000012	16616.328740000004	50222.24453000004	26042.063379999985	57553.68318000005	54593.367370000014	458987.69074000017	21152.69547000001	61418.25908999995	87311.68641000015	39724.71185999998	79137.00001	123065.00937999986	82618.59748999996	152248.23592000018	148393.41732999994	83324.84929999991	41456.99278000001	269603.8045900006	169137.83928999974	293772.33649999986	26615.6958	68279.48147000001	185796.9205300001	58088.36337999996	42201.92213000006	23090.221329999986	281846.5281100009	333417.7075899995	334197.88473	108170.17797999996	343265.01340000104	127066.23137000024	95824.52374	36571.39399000003	57038.52662	36633.90221000005	61400.86637	36077.02453000001	54622.21501999998	91751.56333999992	257987.32617999983	539848.8774099997	338981.47833999916	108251.43868000008	134354.01072000014	55674.200370000064	269344.10808999947	101258.37601999988	105672.12232000008	159864.92799000017	57445.80165000007	29707.45061	52819.65591999996	152459.27226999996	20790.147589999993	48493.85952999999	142907.75167999993	107818.98399999995	218347.67792999945	172249.17236	240357.90418000057	103513.71428000012	53881.94621999998	95173.94791000006	144651.2241500003	89776.90612000019	39898.893179999985	73940.5385000001	63295.610219999995	76159.01717000012	48373.342520000035	534259.8923399994
TSC144	34931.23435999997	105328.4598300001	66125.79793000003	58899.29160000008	457957.0705399997	39177.47730000004	286804.36825000035	117186.52759000027	60179.17377999996	83196.94216999994	40253.66293999998	148459.06594000032	179008.2981300001	34858.163930000046	89382.59999999995	73292.72137999994	19667.326650000003	49758.994169999976	25552.678390000012	65328.80633000001	63534.51664000009	456883.84403000167	23856.85716	69014.25708999988	105025.0527099999	44894.80466000002	83749.63812999976	122956.15870999996	84672.92440000008	174824.8244699998	140119.46100000007	77197.50697000007	48069.002719999975	278340.72920000117	174153.14699000027	327263.93707999977	35468.47565000003	88405.40685999983	187554.0115599991	65018.35305000003	43276.743760000056	20995.51065	263731.24906000047	337615.9260200006	343680.51664	112923.08835	357981.21817000146	138379.72336999967	102929.02624999982	36339.16835	62039.728750000024	38419.41691000006	63510.63779000001	61217.64823999993	65595.40887999997	99246.97839999976	254336.4320200006	538146.9062599998	319439.6354200018	124494.63903000006	138930.53299999956	62717.55749000002	299908.5599900007	98321.17845000012	122868.88271999966	168762.76254999996	58987.21398999992	27646.054440000004	57618.63530000003	163659.1511999999	31541.10183999999	56133.55542000012	145631.48498000004	126976.7842100002	209284.33245	188891.46671999976	238600.6130200002	107705.00664999982	59918.435400000046	97977.27869000018	146872.44532999984	83353.65725999982	35527.83914999999	86586.60399999989	64179.594049999985	76859.99866000003	48384.223789999945	556875.6421300012
TSC151	22763.322960000012	87284.57682999999	47592.95874000003	55696.445399999895	418436.2319099991	30522.23645000001	234101.2140600002	94994.69350000031	55619.868909999976	60793.40978999999	27701.460440000028	103913.29926	183847.73621000015	29963.311950000036	87234.72220000009	62997.23528000002	14642.398970000006	38728.77365000001	16158.884499999996	44530.48316999995	42475.94725000003	393146.2775199998	17047.30456	63409.9143	75596.27810999997	36716.12066000001	69819.26520999994	106714.58023000002	67667.65916000004	133706.77571	131467.16870000015	69998.34629999995	35302.79604999995	249009.983370001	166922.99578999984	255738.00731000057	24128.640710000003	53900.74750000005	164939.72050000005	45098.49238	31896.80040000002	19352.67579	253487.88160000023	319149.0938099995	290497.4994499995	97493.1898000002	316075.12830999936	110389.67613000008	84105.11310999987	32648.289019999986	49511.57558999999	24862.13417	55922.83430000002	35381.00859000003	46949.57907999992	73199.71612999993	203147.70308999985	472772.4082300004	300701.14844999945	86198.56580999988	106989.87203999968	55753.683509999966	231674.82318999976	84393.17237999996	85702.78387999974	160918.65771000023	57190.90385999999	22720.448909999966	48603.12881000006	137384.17335999996	17685.301890000013	41252.45634000002	128256.99929000024	93902.08084000004	179451.62781999997	145265.69368999984	223064.93025999996	90013.42504000002	43965.17847	77873.77890000015	133604.08959000008	70984.26411999999	29163.21244999999	69131.67828999991	58669.314829999945	70414.66459999987	38294.47907000005	495616.241909999
TSC155	32401.38443000004	121728.68344999988	74574.07088000007	76201.17721999993	617338.3162299998	49535.66352000001	351311.5801400007	134308.62754999966	82525.04811999993	97411.11772000024	43899.77288000007	168569.48587999918	255561.1817400001	45428.09813000002	115077.24623000006	86834.5867499999	22565.57868	66677.75740000005	29463.93958000002	157462.11745999986	79340.72517999985	603972.4075600032	24433.50065	89541.86532999988	116900.16116000005	58951.919740000034	170514.38820999968	150429.20982999986	92544.76515999992	204271.51851000005	169650.2633999998	101878.96211000002	53818.83113000001	343023.31944000075	234883.39469000045	386320.49838000094	39832.50332000004	91895.7968999999	230244.8548200003	78183.43728999986	45020.58268000006	26217.524489999993	348921.74243000074	425557.9053000019	436923.6732500007	152225.17504000026	466631.45093000104	163446.10044000018	117055.75667999986	41058.560890000066	75105.20129000006	46077.34333999999	75563.15418999996	59544.59286	81643.44675000016	108829.51615999978	297581.17686000007	704179.6487899983	433455.0571500001	157563.61882000012	152872.75374999997	80523.63699000004	391826.3933700002	129047.36878999967	155475.1147600002	210237.31580999988	74008.89451000009	34850.63459999999	69270.21985000004	210137.71912000005	31214.411679999997	62815.16958999999	183099.1893399995	148894.9282	252666.3182599996	258165.44626999993	317727.23868000135	131459.86130000002	76757.04578000003	126075.16065000017	195640.96887000016	99497.49605000007	47057.37526999999	110792.64282999995	80027.31760999994	93495.86799999996	57722.234759999985	729939.0668700011
TSC158	26984.10928999997	132290.85352000003	64539.78443000002	84049.46668999993	617010.6010899992	36904.549010000024	346095.91272999917	120887.60622000016	67443.26888999999	97670.13294999977	40878.19229000003	143111.19090999995	251841.71404999951	31046.708070000015	105063.64117000022	81644.97144999997	13270.469499999988	52387.37197	25252.30755999999	94775.30502999989	56067.95705000001	560969.6808099999	26587.95161000001	74351.30319	102159.18829999992	57588.46707999996	121360.13385999991	158150.0109300001	110363.85136999992	173285.96369000027	184235.16588000068	111962.84640999968	45649.31631999997	353712.6437599994	209322.45079000032	329310.1016400007	38263.03063999998	84516.66218000016	233564.9292999994	74499.62471000002	39155.59484	24444.605900000013	344322.0409699998	435064.8647799985	418389.88041000033	164596.67238999973	494074.2971900007	151423.66046999977	106298.40694000002	38985.990399999966	75838.87477000002	40217.77974000003	73865.15231000018	52520.67606000001	66091.37859000007	103216.51633999994	285538.86066999956	715755.6211800036	424530.4725799951	128887.85499000002	145840.45613000012	77456.24839999997	295178.98416000017	116249.61389999994	123245.63471999996	236584.66000999993	85466.39044999999	34358.019689999965	57539.13277	206086.5144799996	29837.934500000003	50774.21493999999	180443.31015000035	136619.49661999973	260846.17572999917	194217.24848000004	322237.12100999994	134469.8082299999	64503.33903000001	113818.73210999995	196957.39514000004	90559.19784000002	40446.75265999995	102265.65976000004	66523.58029999996	116003.74254999992	52921.785980000015	678360.3716800027
TSC162	25569.16848	101875.7417200002	55804.391309999985	64646.021709999935	511115.65404000005	39232.91148000004	299676.37663000025	115533.37912999996	64063.51485999999	91601.32718	35567.10382	141486.30364999975	207946.53238999948	34965.80219999999	96036.9984	79282.61441999995	18048.63816	48769.93395000003	25998.521430000008	93439.31983999988	59416.73269000002	459544.5579400007	24044.94135	71278.41017999993	93137.39648000013	42729.36954999999	102664.05807999984	132709.3790000001	87549.86582999994	163665.6568099996	151762.63502999986	91960.45351999997	41084.70034999996	292124.3337700004	189528.01746000024	311056.8386700001	36115.69277999996	82954.20027999987	188519.68682000012	64147.81118	38820.78177000001	19730.03495000001	284741.2941299995	371728.49832000135	355895.1383899995	123001.29643000016	399796.2651500005	135038.23335000005	106886.28236000004	38045.08177	61707.71051999998	39578.41155999998	60633.568309999995	47881.48493	64853.3369799999	95613.1200999998	243083.80145000055	608786.3808800027	340221.46677000006	142091.69800999964	126877.56003000031	62540.046079999986	279314.0029800009	102271.56028999996	109246.55348000002	176915.7380400001	63721.693849999974	27966.046620000012	61511.91718999995	171812.2767600001	30493.705430000024	47384.10996999991	147492.3929100001	130629.33249000002	222250.3998500001	187036.5759600003	259558.73758999995	108354.48680999996	59627.433230000075	104472.70007999982	166495.57620999994	82287.70911999994	34702.886239999985	93625.93997000006	54290.483959999896	93023.42686999992	47746.12638999999	583639.0164199997
TSC166	16111.129290000004	83945.95941000011	45526.58060999995	60615.58769000005	462921.6305500006	25049.03509999996	259238.55204999933	87014.12055999986	47169.728079999964	72729.20177000001	26556.46419000001	93246.93650000016	196876.0484500001	22534.836829999993	69904.12177000016	57948.40724999999	10005.221649999998	38283.88107999994	16839.10706000001	72619.21646000011	40977.477149999955	413599.7933099993	15503.13948	49998.899119999944	71594.94070999992	38180.20098999999	87012.93062999986	111538.2147700002	70120.30504999997	119154.88483999978	112006.75734999996	71497.27370000003	39032.025369999974	232989.0742299989	175366.1016199998	241475.25509999995	27876.5078	55985.48064999992	151292.8301700003	44511.636180000016	22951.733440000015	15988.66692	243933.4362899999	326647.4790299994	293069.1767899995	97622.28884000024	377450.8650199984	106802.72848000034	77460.34183000006	25847.294769999975	52599.42931000001	23567.136559999995	49657.829079999945	34499.23979000003	39571.83461999995	69514.73349	199224.61878000008	514708.48462000105	322498.3672899999	85817.57681999991	91897.73700000042	51084.512330000034	217163.85851000005	85330.66012999992	87910.28450000004	163127.22699	55874.84419000003	24272.64192999999	40707.89399999999	137060.8425999999	20108.212239999975	37212.91957999999	131212.7456599999	85756.27083999995	169620.41546000025	148724.17116999987	249397.9278999995	83684.86395000001	51908.71850000009	80895.18024999995	148684.13870000062	64957.45083999999	25875.273749999993	79870.66078000008	55028.469140000074	69166.77678999999	39213.6231	478365.97059999936
TSC169	20952.23364000002	92768.27447999985	55923.96011000003	61466.54721000003	481052.8594999991	32203.17905999999	260436.2305200001	92044.98940000017	55586.08958000006	70883.89396999993	30487.602030000024	106667.6245899999	192427.97470999975	28310.616169999987	86187.67843000013	65623.66766000006	13588.027579999998	40925.61766	18950.42064	77954.10755000003	49421.09044000002	448409.1982399983	18319.538229999995	59771.44124000003	73898.70884999992	44311.82118	98372.94956000008	112636.49729000014	73072.30741000007	141181.71034000002	132261.9109999999	84567.70736	36563.00606999998	264952.26283999963	177222.58033999908	267365.13459000015	30776.655120000025	75308.18457999994	173466.13836000013	52629.08725000004	31217.882370000018	20656.285410000015	264548.4521499998	339903.30086999916	323402.9396400013	116634.27644000005	374655.57354999863	122548.3624999998	86747.49364000009	29344.81235000002	59722.59453000006	28418.369890000035	53051.20341000002	41341.13308	51897.00089	78847.5936399999	224769.66335999992	533748.0148300006	333837.84334999963	104163.55950999988	115205.73863999976	67026.04871000012	251687.42517999985	98684.31619999988	102507.80950000002	171228.3876100002	55201.06175000006	27697.67485000002	45565.48414999998	153306.3327700002	19409.918150000012	41709.048939999986	137026.61443999983	106024.46240000016	185976.22994999937	174781.60279000024	253830.93362999943	95755.37905000002	54020.96887999997	83741.96697999997	153302.72767000034	73692.32848000003	36949.70832999997	81082.29045000007	57191.03243999994	69242.04742000003	38628.03962000002	519465.72089000023
TSC172	19369.554140000004	81732.50861999982	43720.32721999997	47816.36526000005	342952.1735499979	25406.343260000012	222442.1299300008	78919.66399999993	47569.92112000006	67195.54066000009	28158.87004999999	102832.01723999986	133079.2839300002	23086.512279999995	66549.76462000003	52380.25441999999	13632.753089999993	31810.672400000018	18541.72378	38462.02849000005	43521.52207999989	342678.1396600007	14607.199360000002	45943.11235	69419.86440999995	28793.636770000034	63135.50590000002	91768.9794000003	58946.13875	121558.06199000016	99584.16070000028	55717.96956999999	37640.37065999997	202090.33217999953	156028.42184000005	227669.32554000017	21886.975420000013	62008.27063000017	132198.3564	38518.70086000002	27182.361290000037	14943.35948999999	189009.02839999972	264873.00429000024	265771.9795599998	86074.41178000013	277455.7301299995	100247.21063000028	63952.06849000007	25269.336109999997	39391.158509999965	25578.38018000003	39952.91470000002	33936.35094999998	47101.166009999964	66090.72699999994	176707.48530999984	413327.01002000144	245079.02323999983	90193.47285999983	95412.70035999992	45045.21904	210564.71351999967	72023.01492000002	78290.65218000003	124845.05662	46181.015489999976	21097.051239999997	38815.57175000001	137017.21051000006	27970.779329999987	39549.21386000005	117336.72215000018	102971.76070999991	152389.7084700001	140182.69440000004	182069.46977999975	82404.10242	46075.46438000007	75478.09537000014	108128.3801199999	67817.52906999999	28290.605680000033	66532.86625999992	42275.350430000035	66918.18914000007	37592.673969999974	421033.7980100008
TSC180	24512.140400000004	91446.29389999998	49578.14538000004	58892.924590000046	413676.37449000136	28516.219539999984	242916.34387000045	89278.86794000021	44578.26289000002	73601.55872000006	31656.426929999983	131376.69748999967	175117.69316999987	27322.681370000035	70880.54517000007	62033.751790000024	15904.883519999994	34352.85739000003	18909.893180000003	50331.48912999995	48169.254079999926	416296.8804400009	17391.564000000013	54197.06178999995	77687.65494000002	44975.577220000036	71706.70351999992	109730.07063999998	70252.81492000005	132881.58357999998	127242.83572999985	66669.53690999992	36252.52324000001	237312.2441399996	167981.40814999968	267383.2655599997	26635.91332	66024.82125000012	149219.72854	53093.05991000001	32623.878889999974	17471.727950000004	244881.4130599991	303293.56475999975	280501.00999999896	86514.90777000014	339852.5698399997	100311.3002200002	77374.32531999993	29330.76286000001	55503.46217000004	31694.12121	49301.82218999996	41193.560260000035	53582.57580999998	67279.84100999996	203945.0073299999	473056.1741900012	305057.2998800004	107159.36156999996	115986.5650900001	49973.29236000003	240044.3689100002	75755.15633999988	89869.61939	151780.5509099997	50810.52367000005	24028.697420000015	48173.92827	149286.97117	23522.495130000007	45894.074539999994	124043.86904000008	105224.31327	166396.84050000075	159398.66171999992	223539.0656400003	87698.06372000014	47705.62852000005	81451.39702999998	130263.40178999996	72021.52467000012	28208.62492000003	79869.59929000001	50440.915349999974	69600.06495999996	38903.230430000025	472718.3264800003
TSC212	20875.94647000001	81828.58634999994	52000.81135000008	48715.744549999974	390531.88600999856	27912.684050000014	222271.2153300001	86881.54139999989	50273.35826	69287.79861999994	29697.012949999997	100029.19170999996	151565.92474000007	22140.766689999982	75200.65312000009	62604.111120000045	13950.71878	39023.59457000002	19671.00443999999	46817.20471999999	46169.915670000046	370459.68141000025	17556.849670000003	52450.979210000085	78570.50485999988	34659.420060000004	62969.85478000002	97860.02574000027	66080.11942000006	127928.69670000044	108117.50244999996	61328.943489999976	28709.814380000014	206733.10898	140132.20396000007	232175.38711000013	23776.667000000005	63157.734110000034	138989.51247999977	46210.81709	31038.589880000036	16300.138619999989	207003.5518300004	274428.57503000036	280208.8261899997	92871.02318999996	277142.2461099996	101938.46201000026	73878.54722999995	31105.28834999999	48597.47891000002	25910.728280000018	51897.161659999976	34394.49348999999	43546.240249999995	75293.58843000018	197197.8603099997	434586.60775999946	265308.3809099999	100849.11416000008	107627.91092999988	49110.55330999998	218541.05322999984	81871.25320000014	86042.30153000004	136507.56702000025	44674.64824000002	21434.73739	41637.75317999995	128508.82753999998	20077.651479999982	40190.562119999995	112216.83637999992	96603.93383000008	163840.61162999945	152530.65435999987	198452.04200000025	82130.65475999998	44986.64182999996	76376.55873000008	118821.30584999992	68929.95535999995	27531.52612	63627.866880000045	48925.53346999997	73353.49996999992	40689.96958000002	430797.38925999944
TSC215	24136.62465000002	84227.53760999993	50795.22266000004	61272.93409999997	391831.9971499984	31134.73037000001	236505.01598999905	87538.08660999993	57076.57731	61469.74712999998	29804.52005000002	117785.05644000007	163197.02095999938	25972.04258000001	76846.71078000001	59328.70667999999	13052.290919999994	44613.97566999998	21121.249979999993	59403.60097000003	45580.71555999999	413347.4834000004	23613.480280000014	57642.72471	80505.81128999994	37191.43215999996	75736.85221000019	100726.0522400001	57521.61078000002	129772.83190000003	130743.26649999988	69703.90564000004	36850.29334	237546.24707999945	148602.59205999988	256284.52568999937	27546.88024999999	60377.605800000034	168407.46769999975	47614.96314999997	38532.10990999998	16341.228050000003	236424.9528000004	283833.8199500004	282480.10254000034	94012.97693999983	303453.3226699998	109848.57548	75587.51645000002	23608.032900000027	43288.43317	29655.461099999982	53562.96327000002	50517.422849999995	46158.15498000001	69914.78416000001	210563.23792999977	467270.77464000054	296402.44360999984	111456.6408800001	111274.15856000008	55134.9373999999	232478.11650999932	86972.51238999992	85062.17066000022	143840.22113999998	50939.071379999936	28608.379630000036	47985.14728999999	141878.7203899999	18039.046180000005	39605.63483000005	121238.52606999992	96273.29030000008	179706.86984000026	164520.04361999955	205243.9951600005	89193.47020000003	50969.36383000002	78592.60157999999	120099.36154999996	69148.13993	28420.64615000001	75954.76150999987	62532.32220000006	63819.16282000002	42001.70251000005	462832.0797699971
TSC218	30043.63732	117190.52387000008	65352.59425999991	69259.71097000009	552753.8982600002	45833.07108000001	307376.3856999999	120869.47335999996	63262.02005999992	103068.62663999984	41417.17573	154721.40555999987	222008.54005000053	37186.68014	104047.95751000002	88228.39420999985	22768.60865000002	58241.53776999992	30953.415330000014	117204.21728999984	74322.67899000001	531627.7345599976	26093.91924000002	79570.82591999996	118529.46213000016	49199.44821000006	140082.8171700003	135717.6855800001	96969.4315499998	185033.66152000029	160514.3549300001	93096.66349000004	36717.17286	328178.67832000006	195718.0051300001	340437.33580999955	41907.33918999999	100001.39912000007	207566.17488000024	70802.51629999999	44531.6623	26635.36848000001	299468.3307999995	377267.65295999986	385942.30595999985	130694.97395999996	395605.5336400005	148185.31634	114122.92316999994	34728.479860000014	69263.60766000001	44056.69759999999	71116.99155999998	53118.35172	83772.77291999987	109698.5453899998	276837.7818599997	615197.8627499979	360341.1798699992	160641.8181300001	137682.88157000003	78741.56341	337902.0439900018	114042.17249	138051.2784400002	182950.43791000015	67552.70915000004	28205.85929999997	60869.31698000007	196247.41094999935	30265.918599999975	61048.32238000013	166112.72452000025	147569.47674000036	227594.40705999976	213439.5308100005	283726.1650999993	122271.28836000012	64428.24450999995	117076.58238000017	176167.51938000033	95183.48231000018	46306.67657999999	102168.13516000017	62152.962059999954	87212.66032999991	52920.96181000002	653923.7977800014
TSC221	27634.60102	99175.75684999985	58251.89953999998	57071.69933000004	448286.2489600015	42452.28623999999	262128.48697	106985.54875999992	56495.324780000105	79899.31586000016	34070.1258	144213.10367999997	178223.8835000002	36886.69950000001	87682.39331999999	71852.92513000002	21627.092520000013	53036.18907000009	25769.26016	108409.1271	66643.40337999987	441134.8795300007	19658.76319999999	68989.70797000013	105705.7498699999	43290.928960000034	126392.95926	113237.14947999992	70853.43871999985	162753.72860999996	131280.90285000007	82286.94320999992	36792.70274999998	273929.8135900002	166357.70183000015	301632.5015899993	33709.86035999999	88139.5353900001	181864.2992	61888.32406000005	41168.19466999995	21814.85774000001	256317.30864999967	306201.4717800003	323754.21782000083	110329.93501999992	325866.7098299987	124792.52338999975	100674.03017000032	32893.595100000006	56284.94055000001	42448.58831999999	59546.08974999999	50826.566649999935	65609.36067999991	90410.65738999988	229782.15492999952	500042.4145199979	305769.14516999817	134765.28334999993	128581.90781999956	61507.794640000015	303526.74817999994	96574.76244999998	124310.22123999994	153127.80141999992	56759.574110000045	25551.60917000001	55042.19437999998	162847.70559000014	25511.542850000023	52202.41243999997	134905.68845000005	123161.63978999996	191238.67510000008	197225.4908899999	228119.5918600003	94107.40117000008	55323.23516000002	97461.4795199998	146357.08171999984	79026.19298000017	36559.61800000006	86491.12033999982	58208.07248999999	74804.02002999987	47453.41491999996	547423.6476300012
TSC226	23831.765019999988	82235.06431000005	44382.202290000016	47947.711990000054	366449.09538	30822.703330000026	214483.05613000024	81639.80677000001	45899.85529	69551.92676999996	26582.477059999987	99454.60322	155033.29559999995	18298.97031000002	63172.76627000012	60117.45320000003	15512.017490000011	38047.89062999994	19805.61274000001	50319.16726999998	43970.54071999996	359078.7025400007	16885.142860000004	49247.79016000005	81416.20789999998	27619.684839999973	65268.04322000003	98625.11328999998	65960.43245000001	121985.90063	99570.10900000016	60252.22443000004	27508.35723000001	201847.1018300003	147888.21339000014	229522.3610399999	28888.608590000007	70835.81619000006	140183.6956300001	44278.30477000005	27564.079520000018	16564.128400000005	190375.16181000025	272602.47313999996	255529.08715000015	85257.95081000011	262712.5341400007	99948.3717700002	75596.2042200001	29517.603939999997	45194.13401000003	27031.937019999983	48653.450939999995	38628.03631	54401.32546	72391.82589000007	173575.62327999994	424496.6296000004	264496.0355599997	110408.49454999989	101628.62723999991	50252.361249999965	207271.7182700001	72793.71332000007	80771.55163000007	134467.49369000003	42509.74575000008	17584.15646000001	41022.609070000035	137787.15198000005	24335.08534	42747.01152000006	116779.67752999962	105994.74662999997	158268.03716999965	133762.6891899997	183364.34265999967	81962.39202999986	39823.28707000007	76347.59812999997	106850.27188999992	67137.80643000004	28588.11498	66782.70387000011	43713.76169000002	60670.23040999997	32884.43812000003	449602.8200999994
TSC228	22811.19884999999	79628.26519000005	52050.460479999994	44327.95725000002	375617.61377999774	26013.653500000015	224342.4562399996	80771.10621000003	51164.94335000005	59897.81461999991	30664.08621000004	115191.7975999999	157382.85559000052	27694.729939999987	77491.89731999983	53804.22590999992	14317.728289999992	36821.70709	16506.21262000001	47979.156059999965	40670.21196	370699.8239399992	13963.446829999988	53675.995690000054	79133.45500999992	34594.73357000003	67375.39391999999	103961.83311000008	55923.99175999998	126004.51005	109929.35912999988	64759.668670000035	37426.09206000004	218745.17685999995	143626.84548	241551.11377000005	26435.36748000003	66533.46176999995	157898.57417000044	53272.46324999997	33920.08419000004	17289.389750000024	223791.6312699993	287413.3017900006	260679.58930999992	86000.78077000001	288619.0456599997	99959.11340999976	71657.18568999997	28389.428739999956	45154.75596999991	29217.62838000001	50100.78537000001	40590.894010000025	47127.36072	68623.75644	204008.73771	451781.68443000014	270460.68450000015	86830.34993999996	104693.26427999996	52716.36592000009	225530.5994100008	81569.50995000004	89983.30517999997	137755.5472000001	50217.04056999995	25144.723469999997	44285.08264999991	125428.59723000009	23155.58335000001	38364.68474999995	119145.34312999988	96033.41121999994	167789.69401999994	159021.97312999994	206042.4203700001	90884.20653000004	43061.52853999989	75177.40939000009	111157.77772999989	66693.14613000001	32388.66460000003	73917.50704000007	53208.395939999995	59006.76664999986	38185.88602999996	438074.2698699983
TSC230	11175.57364	52154.03658000011	34855.024450000055	30593.45575000002	249479.97363	17571.60388000004	137379.65314999968	54783.13790000002	35858.322810000005	39647.97897999995	20774.04728	68172.02225	110043.06120000026	16425.951860000005	45419.00765000001	32642.753020000026	9424.436800000003	23846.613129999983	12432.681900000003	28520.910400000008	28287.233580000026	244515.79146999997	8955.67616	35615.21691999998	44687.84000000004	24207.894569999982	41254.22498999999	64788.31469000002	38637.56014999999	81039.77860000015	72262.97991999998	43123.53833999998	23407.29574000001	143609.38259999972	96910.61588000004	141789.4239799996	15480.16652999999	35322.59102000001	96332.72860000005	27453.606700000015	19626.213180000017	14414.382229999992	147872.1504999999	189836.09059999997	164738.49560999995	57321.76316999991	204089.17798	65585.48287999998	48400.79083000005	18183.050430000018	32183.83911	17282.012570000017	29133.81773	21247.556879999993	30709.12955999997	44199.19440999998	127462.07617000016	285511.9095500002	182451.54757000032	57683.90552000007	68531.07040999996	35441.309260000024	148340.60435000013	53247.21355999991	52757.044130000126	93594.36694000012	26277.745009999995	17205.162270000008	25287.991639999986	82615.76758000004	12248.417129999998	23462.65015000002	74124.04615999988	57960.964699999946	101528.3922699998	97512.10572999976	135140.91237999962	51755.89731999994	27512.59566000001	46278.79064000003	76352.76406999998	46124.23451999997	19325.121140000003	43497.20388	37324.35341999999	44172.5078	24308.35018	271772.6065599998
TSC232	18010.889900000024	85647.1327500001	44996.6912600001	53090.77705000012	417144.4855999983	28028.40127000005	245759.0441699997	94844.52474000012	51490.62013000002	58309.55396000004	26650.434150000005	100906.80643000016	184041.7171499994	23583.828780000007	74153.14555000004	58134.90061999999	12285.950289999995	40206.43982000009	16974.022019999993	45724.91953999992	42962.66122999999	389654.3400400001	17677.596410000002	53741.42485999999	72731.00361000023	44537.49158000003	68575.21508999998	104339.93023999986	60179.683240000006	126858.01480999996	127781.69528000023	75838.03186999998	40066.79547999994	246833.87324999832	161915.4870699998	247765.82646000056	26503.91933	55811.261700000025	156750.77257000044	54520.17499000004	30933.55508000001	18211.47901000003	246500.8143399994	309226.8839200018	301390.04434999975	102961.83037000004	310584.0819500002	109380.45113	76347.03357000003	30706.55111000002	51083.76680000009	24299.370690000014	54128.20204000002	35199.192989999945	38154.55208999998	72195.7018599999	209063.2967699991	492883.4192700008	304475.88028000004	89723.30526000002	95043.09296000024	59626.196350000006	231476.5153200001	95904.5043000001	84402.77023000004	155063.96708999982	55269.67148999988	24455.476079999986	38253.248770000006	133393.7980199999	20737.6791	29033.608320000003	129344.83003000008	89845.19844999985	177913.78141999958	150816.10646000016	232320.43660999963	79481.24822000004	52476.63681999991	80627.59186000012	134752.83708000023	73328.61109999978	32000.42505000003	70556.10513000005	61032.393350000035	69059.73586000006	40522.699370000046	481762.9864199987
TSC234	19931.563540000006	69989.35503000004	41172.928859999985	47341.26700999999	357023.9518699996	27011.34937999998	206776.18343000088	70863.21271000004	42704.08457999996	52000.28841000002	27388.544960000007	84564.61194999982	158479.06673000025	20316.730090000005	63691.17596999998	43524.37884000006	11035.119870000008	34023.80115000002	15381.51959	40116.68435999994	33735.19795999999	348303.6985599988	12974.413660000002	45776.56820999997	57970.745500000034	34553.09767999998	56448.59340000008	95014.45403999995	57444.751300000054	114770.7041599998	108824.77380999993	58425.90719000002	32130.928239999997	202901.5443800002	140057.8342899997	204056.94891000004	25742.72368999998	52831.757580000034	152059.24705999994	42774.07420000002	26771.334889999995	13196.43612	208038.64373000004	264638.3487399998	244054.7113600001	85261.15374000013	288975.1575800006	84180.03961999982	70551.98886999991	22529.245019999995	47137.731970000124	19558.62871000002	36916.52634000003	29713.025180000022	37433.84186	70928.97481000006	190126.70431000023	419587.2538600011	260780.3558199998	84003.37830000014	89157.22825000009	50288.23314	199683.99946999984	68551.75754000017	73779.42744999981	137621.3163099999	43500.34428000003	19454.86572	35993.705930000026	118692.2194900001	18655.51229	35103.96671	115211.63166999989	85994.21094999985	140701.75940999965	124603.86124000004	198975.86251000033	72273.96891	43377.07502000004	64058.22258000003	113191.5991000001	63377.00657999997	26954.34085000001	61815.67771999991	53776.39939000002	58675.97529000005	32655.956480000023	406488.492589999
TSC240	20900.375470000006	82184.08565000001	46671.27117	47744.13691999998	355839.93052999955	25752.13443000001	218810.06023999985	79558.20359000002	45848.35585000003	62707.162810000096	29374.28450999999	101635.20920999996	159926.49709999975	27015.903459999983	68568.52159999995	53551.91009000002	12988.236090000006	34820.24634	16886.806679999994	42914.868869999984	41954.728489999914	375080.3507299989	17527.56679	48808.120439999955	73244.98990999999	36067.83836999998	66596.7336700001	107767.58862999984	58421.91869999997	124989.67108	119353.93523	63416.32428999997	33631.29320000001	213156.77775999976	147718.89251000006	221032.32685999895	32237.63202	59047.38494999995	141070.35731000017	43272.73099000003	27309.63717	15508.09664000001	210796.85558999996	271343.9799899995	276108.80410999956	94398.54432	295798.92811999994	101992.60829000016	77403.31549000017	23508.591070000028	53211.88578000007	26599.124380000012	53769.69895999997	29591.97648000001	40480.52608999997	65569.17299999994	193370.23649	445172.09687999816	270814.50313999975	85211.5489900001	94438.34918000003	48601.96512999994	202275.58124999973	76329.34764999985	74417.04344000001	144586.28373000017	46045.956410000006	21158.414159999975	37673.41368999999	134991.897	21488.05999	33025.42838999998	110315.56745000005	89670.02523999981	161119.92335999952	138123.7617300002	209033.9962099992	80521.71670999998	44738.83515000004	72486.51846999992	119358.3486599998	66775.1696	30163.89981999999	64670.42649000003	47857.49252	59430.589790000115	38947.99702	446725.7554300011
TSC247	17997.285459999992	105354.24214000012	52771.03085000007	69656.25536000014	572936.1590199977	25942.37677	325162.2317699993	105182.20321000018	57376.12033999995	82449.16960999998	30062.9553	106598.25821999968	261143.87759000025	27825.865119999988	89019.21478999984	61640.33377000007	11576.302939999989	44704.27982	15961.062470000008	52214.37795999993	43753.29333999999	545319.8894799978	19309.38479000001	53550.86886000003	73757.48599000018	49951.239279999994	83027.54224000014	135933.8724000004	80071.68818999999	144100.7052700001	156828.96755	89536.85295999997	59625.11920000007	295308.50524999964	223088.75936000035	266962.4863399996	35899.68396000001	53718.88924000004	178200.83891000002	65003.44423000003	29903.718329999974	20799.52386999999	324367.0728700003	396618.9887000023	356932.5678499999	134793.98526999995	467531.77386999986	119877.65921000022	98373.68279999983	34757.66598999993	64994.840620000046	26132.415440000004	65337.63715000003	38619.71550000002	41146.49796000002	85370.11759	244159.44571999984	660396.0876299986	423639.42166999896	92805.7264999998	106992.61721	69927.49423000008	258395.13063000003	113147.56303000028	97327.00440000006	217647.89865999977	68128.45875999994	28854.067659999982	50642.52146999999	162966.07772999964	17510.146610000007	39674.48612999994	169967.78112	91769.12731000004	208650.84040999992	172450.74620000066	315645.00645999983	97303.28942000016	68102.08356999997	92041.03026999992	181459.03013000012	84463.35452000007	36776.334669999975	90189.54007999996	61615.16408999999	87611.44741000005	39213.57573999997	608996.9516899987
TSC256	24125.219449999975	117638.24724999984	62047.22090000006	82409.44256999994	669687.3007199989	41997.16459999999	373045.3146099984	138679.3145799998	63314.44615999997	90649.3826799999	40192.581889999994	147935.59675999987	280207.82597000076	31531.839379999987	96794.44189000016	98276.72120000032	14134.475670000013	44706.20289000003	23144.071650000005	58709.70321000009	51795.81414999997	602326.1842699985	22193.45443999999	57455.30476000002	112508.63497000004	55852.35595999999	89408.9008600003	144932.25028000004	115599.63098999996	182124.6656099999	183443.59906000007	96776.39097000012	52823.90010000002	345350.99817999994	237565.43814999997	326259.9949800011	45535.14415999994	79249.38725999993	192667.58022999976	62469.544010000034	36179.437410000006	25766.482210000013	334594.46754999977	466067.0251600004	440219.42360999814	149257.599	488625.3640300015	150807.05411000003	112541.01060000015	46420.86380999989	74899.82577000016	29536.066950000033	68760.44447000005	55407.5341299999	52512.632889999964	103402.4091999998	277825.58950999955	790736.8996400029	461493.8754200007	134993.20980000016	132747.11485000004	70222.6242799999	284484.7252	128434.38241000044	113547.05232999985	253260.9336599993	81377.36095000007	26700.092709999994	59936.98830999997	196295.23491999944	24758.005499999985	58969.0107699999	178043.46132000018	119182.25232999996	237180.7424500005	190537.66442000004	335681.1759399998	119648.49870999984	71962.17873999999	119532.48265999976	205670.0759499996	106618.50840999994	36764.35878000004	104178.98368000003	67659.10993999995	106116.47117000008	53951.9928400001	694922.2105399994
TSC263	16748.60946000001	84970.32160000005	43361.59650000007	58681.229219999936	461573.5445199978	27387.38836999997	261677.78821999885	92920.34276999996	48882.22456000004	66320.84430999997	28437.373260000026	100809.65025000004	215968.58669	23687.42947000002	72955.76355999998	60614.97743999995	12037.90278	35679.58026000002	18689.996450000017	39082.88952	38174.4917	421022.695710001	16169.292769999987	47185.83932999999	72830.87244000021	39518.32959	68193.3843900001	101959.73400999975	69955.46250000008	123839.89540999984	129252.26025999978	61746.81238999994	42706.31495999998	237098.7817700013	175230.22984999965	236908.60413000017	29840.87651000003	49667.972120000006	141566.26742999992	48816.01046999996	27175.091409999983	18127.16863	247311.64800000013	336818.7300199992	295662.9188099998	95319.99779999994	355648.10781999957	105146.48728000012	80980.21244000002	28136.806059999977	50378.570019999934	20911.38100000002	45634.196939999994	35744.08905000003	34133.51668999999	71483.59511	202040.11561	555067.7332499924	328133.9933600007	86049.27944999981	103934.88866	52769.705830000064	219462.66870999985	98713.38038000002	78303.26668000019	174581.23857999925	55459.36885000004	22804.182110000016	40791.99400000003	125827.84059000028	18396.907010000003	36553.11434999995	131876.63152000002	85155.71897000003	174626.50210000048	144974.0666600002	249487.3277499996	80584.78803000004	47564.33721000003	83174.18723999996	140622.3889800002	72874.17134999995	25681.367320000005	78561.89399000004	47912.03675000001	67121.72181999999	39906.15828999999	480322.20822999894
TSC266	17689.105139999992	121999.22114999995	61971.4254099999	82787.12586999973	673030.3427299991	37534.02232999999	388579.0754000003	118058.38553999968	57094.78235999992	87436.6216000002	31495.261189999983	116108.16166000009	309261.6134700002	22594.845689999984	94632.44192000016	67530.46395999989	10843.879490000005	44763.01305000004	20752.607259999982	56918.72775999992	42206.84754999998	664525.3435299984	15965.2233	54267.03726999994	80712.7818600001	69478.34837000005	88986.58238999988	152627.15594000058	103823.53195000016	156139.25893999997	176824.13294000045	103094.67787	61831.93789000002	335426.35719000036	258795.78281999985	294978.81865000026	35897.71763999998	64309.15126999993	197080.89845999988	60733.15417000005	27407.71243000003	21838.901399999973	381072.2033599997	484446.735090001	401441.9792199992	157431.99633999966	568192.8672799985	146325.51517	104986.89631999988	39331.78651000002	72104.16171999999	24030.35593999999	70709.82811000003	45172.20998000006	46148.18282000001	103731.17546999996	257454.13003000032	833858.3390399991	492760.7616799996	101575.0333400001	118493.35014000008	65141.55960999996	268356.9935000003	123473.34175999968	98776.62327000004	272646.0989400002	84168.33109999994	26158.053029999985	53505.96225	176845.80520000053	19124.393180000006	48001.560159999986	196804.78117999967	90410.41095999988	238617.89885999984	175396.30087999994	371611.3161300006	101677.02441999996	80829.55529000002	105339.70847999986	215551.37583999976	102311.90153999985	35077.92343999999	102701.90122000012	78023.01802999998	96443.14793999984	52307.434829999955	723109.7741999994
TSC269	13280.38376	101777.30311999988	56154.46749000003	75073.13748000006	609556.049100001	35023.388979999996	351878.5975099987	115142.45049000008	56686.30181000007	84810.38033999987	23888.16808999997	99111.82162999987	267311.6923200004	16041.93412	85887.1759699998	59452.59237000009	8559.065040000003	36062.54596	17113.902130000006	62513.47056999997	37235.52149999996	581778.8187099999	16756.087470000006	45753.996170000006	74318.42457000002	62620.95065999997	86036.02140000017	144564.86701999986	109004.41635000004	152586.50607000064	172691.3307399999	88759.48521000004	60408.467389999976	288450.25577999966	236114.46137999973	262582.40499999956	40446.46423	66330.68597	179506.9177799998	53734.883699999955	25000.770349999984	20275.621889999995	317681.124839998	466085.3746899991	389182.80512999906	152096.72936	525560.0611799995	140222.6757300002	102502.11881	36877.434409999994	61535.81739000005	24708.089619999973	64934.29630999997	30118.415550000005	47096.79899	88229.56178000013	240393.05773000035	773091.2663900042	434722.55259000213	102944.61653999996	108044.35606000008	58471.13620000007	248926.41187000004	110194.69333000013	95490.9133400002	246896.15672000023	76654.31583999992	23332.50252	56295.55358000006	154361.72722000018	16827.079140000013	44712.31975	182702.34480999972	74996.77544999997	221430.41751999976	169674.1411499997	325982.25735999894	101691.58574000024	61716.48430000003	99002.4251499999	192761.0659900002	93237.16089999996	30542.79586000001	100066.61196999978	60210.521159999946	94838.93851000008	46374.76726999995	621815.7139899974
TSC271	16003.421139999991	105741.71499999994	51648.55542999998	66864.49515999995	597525.2130400011	28245.942979999985	350108.49685999926	110815.46111000012	50224.47702999989	82061.21496999983	28052.936129999947	102235.63805000004	256203.4202399995	21569.66509999996	76516.29182999994	72859.93706999994	10802.19165999999	33012.57944000002	17647.936410000006	45946.33984	35393.91266999996	524316.2576200025	18233.877480000003	42984.6171	75721.77951999984	49066.48480999992	76586.68480999998	127260.89767000033	92741.01465000011	148558.98858999976	153504.32284000007	86217.19770999996	42155.97174000001	271035.25137999933	215642.8736699991	280219.64398999955	37807.08475000001	64928.629790000006	158703.8267100003	49458.20200000002	26658.29832000002	19389.727959999993	292525.74517000077	410300.89184999897	361483.90186000115	128570.09758000007	475768.5578200007	125495.71717000005	92699.33729000004	34113.67826999996	58025.291290000074	20169.76619000001	54449.14508000004	32459.708729999988	41267.12472000007	86117.93352000015	224183.70511000045	692232.0571099981	432899.0589099981	102281.63780999974	103456.59862	56984.096749999975	232992.2885899999	118057.59221999985	85327.03398000008	234823.44008999955	73681.1834000001	25639.51195	48221.302800000005	169752.1706399995	21086.49549	47732.41187000001	157362.88351000042	87246.76488000005	211381.55183000007	159722.4135800003	295681.5364099995	98346.36887000002	63074.08628999993	100033.4494299996	192381.02406	85845.16676000012	32472.683690000005	102802.67397999988	64048.97956999997	91054.09667000004	37700.29398000005	589494.6618999983
TSC275	14568.303409999986	96757.50549999998	52797.827559999925	70509.55683000009	605044.2843099975	30450.44378999996	376943.1943199986	113090.2545	56327.368429999995	84301.78144000021	36186.851880000024	113974.22636999976	253432.45169000005	25395.72785	85156.93379999991	72942.9741899999	10609.023559999992	39519.26685	20729.31394	53159.603480000056	46428.646919999956	511855.6971500005	15135.58999999999	47131.92558999989	85589.93288000005	46604.95162999997	83509.75923000004	139515.4619900001	95689.4716300001	151844.86036000025	159449.56109999935	88340.2455499999	52724.276999999885	284355.4362600001	227656.16548999987	277508.31684999884	35592.97820999999	71339.70787	168357.71200000017	52466.491410000024	24470.18959999999	21303.26503999999	303358.2731000006	432397.6118999999	379502.2908300002	129928.46428000004	466729.2781199993	144090.7165600002	98054.4816399999	40033.24254000003	63874.311300000016	22167.482230000016	54904.90675000008	37754.901130000006	43867.888549999974	90907.1944299998	252984.86836000023	754381.4621700012	421875.59498000174	119452.80801000008	108065.2789999997	55430.931810000075	243050.3176499994	111132.95555	96781.2769199998	241601.49664999952	73216.22128000011	30381.091430000022	51320.902109999995	184611.33697999988	25982.72783000002	46021.57426999998	170607.31869000048	101719.53182000006	217613.24885000012	166605.14145999998	302156.7295900007	101709.83049999982	60230.879750000095	103486.46534999984	200312.80680999963	97044.85068000008	33294.39085000001	94602.18664	58151.11378999995	88163.17623999983	46688.325200000065	609027.0209000024
TSC278	15041.101120000008	89643.31193000001	50555.24797000002	76494.99584999996	552286.8351900006	29349.40901999997	349666.8666899972	109660.12394999988	51457.28197999999	76838.96195999999	32887.23338	116416.36304000014	248021.1242799997	24022.431579999982	78705.89586999993	68366.57988	11181.044840000006	34338.14074999998	17352.960529999997	49171.42220000004	37399.44060000001	481144.7730899999	17576.670210000004	46973.63433999993	77983.619	40875.15182999995	73452.49662999983	129489.60307000014	89872.59016999979	155827.29196999976	152332.3201799997	78240.15527000003	43597.67588999996	269461.6005099995	202331.29628999977	256317.32320999945	35804.726969999974	64685.47640999992	147392.1295300006	48847.34454	23104.710749999977	26783.27885999997	273712.46592000016	393719.72677999985	364745.87620000145	126102.49134999998	432713.2356400004	128437.9875299999	87259.77825999983	34978.37582	60888.31130999995	20623.53923000001	50778.25025000001	37370.61372999998	42469.11353000006	85820.90034000011	229733.0781599995	661143.8355099969	387169.63851999975	114542.99585000038	98272.93036999991	51999.96777999992	227832.32475999944	119201.2388200001	86993.94093999997	217112.02277999933	83051.16449000007	26140.951049999992	51474.93468999996	153188.62542999975	20515.492219999986	43733.55194999997	157036.6904299999	90112.73163	185617.3007300004	164450.2069100003	273780.8890000006	100341.3586299999	57863.674909999965	92925.78581999996	176789.39099	88864.60448999993	27197.60764000001	95365.37278	56280.602880000035	78799.91772	45782.865559999955	559432.1590500018
TSC284	15356.789729999991	90915.53935000028	40718.81494	53168.09029999999	447804.8859599992	25134.89149999999	258139.1554700004	85086.75740000007	46340.26383999997	62412.96386000005	26082.803119999993	90187.56665000015	201901.1082099996	22743.53487	65579.12417999997	55321.448989999866	10411.397120000003	30877.680290000026	14942.80850999999	38979.91349999999	33314.54959999997	432520.4750500003	13819.06537000001	46065.06648999998	61308.53987999994	45596.79044000003	66205.17725000014	96163.79084000016	66310.99045000008	116129.29362	121196.86373999991	67694.74932000006	39846.60095999999	246320.96738999977	187549.00891000027	218093.75740000015	26150.080870000016	48069.93834000003	148553.94431000002	56720.65409	24021.34701	15126.901380000005	274987.5414899998	338593.11804000015	277316.4412399991	105734.8027	367092.5008800018	103161.32358999988	77857.03874999988	29870.38285000001	51603.36883	22512.42911000001	48893.393419999986	35406.37456	30486.52363000003	69864.35931000001	202230.06158999997	538711.6596799996	323818.8033799994	80417.20060000024	85242.91781000017	54297.72746999994	209451.62987000064	87629.8427099998	78035.6329500001	180492.30185999983	58131.87147999997	23743.467960000005	48120.35748000002	131506.63167999993	12668.402670000003	32714.786700000004	142305.8148000001	77519.31511999998	187073.16649999988	135978.8818299999	244800.8532600006	81769.52875999993	54894.69709000003	84133.48950000001	141746.23633000013	68369.93026999992	27078.7956	78550.34065000001	45008.32609999998	67516.95793000006	42176.88103999997	470169.9549200014
