Samples	acr3	amt1	amtb	arsr	cara	carb	chra	cira	cyns	dada	dpsa	expd	fepb	fepc	foca	fur	futa	gap1	gdha	glna	glnb	glsf	isib	moaa	moab	moac	moad	moae	moba	moea	nadb	napa	narb	nira	ntca	phnd	phoa	phob	phoe	phor	phox	ppa	ppk	ppx	psta	pstb	pstc	psts	ptra	spea	speb	sqdb	thio	tolq	tonb	urea	ureb	urec	ured	uree	uref	ureg	urta
TSC001	32.168800000000005	23.4658	6517.745000000001	401.2411000000001	3848.51603	1565.1282	812.9376	0.0	365.2723	3681.579310000001	0.0	0.0	0.0	0.0	0.0	7754.53094	0.0	35.295	2069.31194	4543.60848	1059.4459000000002	101.513	2061.9573200000004	1759.4597799999992	1705.1071000000002	625.11375	502.7181999999999	989.76688	1491.7563799999998	822.12249	660.4112600000001	9.68371	64.2793	171.2443	0.0	338.44814	82.4497	1170.8399900000002	100.6803	2394.0615299999995	31.684800000000003	349.08239999999995	2625.6306	2729.40405	3162.3472	2003.5473	6106.149700000003	5355.678699999999	276.1053	780.8835399999999	570.0783	0.0	479.38548	1728.8414000000005	514.4078000000001	243.9679	165.88119999999998	97.3055	1209.9457	218.508	228.9881	302.0323	1367.9817
TSC003	32.3413	128.409	1924.9316	189.1491	2304.1669	1205.7627	83.0632	0.0	192.7722	1863.5074	0.0	0.0	0.0	0.0	0.0	3123.26998	0.0	0.0	576.47039	3804.241500000001	1487.9818	277.042	324.96590000000003	1341.4886000000004	719.5053	532.54152	504.7202	476.7223	447.2592	454.2193	571.8813	0.0	0.0	80.045	294.139	397.7691	189.3541	1800.8119	272.5601	1900.1927	0.0	162.6226	1657.3258999999998	1045.9694	1037.8827	395.0852	4115.301899999999	2045.3277	144.38188	274.2488	188.4272	0.0	641.4087999999999	879.6460999999999	311.91779999999994	641.3162	398.3348	74.71340000000001	375.4980000000001	0.0	0.0	0.0	743.3957999999999
TSC005	91.8569	382.6532	2733.2435399999995	662.1592	5824.160540000002	3331.232189999999	471.88069999999993	11.9014	199.97860000000003	3724.0997000000007	0.0	0.0	0.0	0.0	0.0	5579.760030000001	0.0	0.0	1878.07459	4558.77728	3369.4834	74.3543	140.42607	2776.9107699999995	1593.9322	1083.1826999999998	1334.1284	1046.48807	1879.776	1397.7985799999997	1204.3147999999997	92.2994	218.0541	188.0219	51.2278	558.5627000000001	175.8342	1987.6788	1005.9607	3919.7505899999983	91.3981	676.5626000000001	3697.87938	3339.644099999999	1788.9437000000005	1521.1861	3390.1779	3377.876439999998	262.6825	771.5076400000002	600.67761	183.2255	1066.3843	2787.82646	1512.1927999999998	213.50959	181.54960000000003	164.0869	402.6586	159.19250000000002	212.56850000000003	305.8466	964.58938
TSC008	98.2651	22.2585	4779.224899999999	401.6265	5566.666499999997	1837.841	518.6768	0.0	115.5196	3723.5372	0.0	0.0	0.0	0.0	0.0	6693.643169999999	0.0	0.0	1510.9708500000006	5915.348549999997	1137.848	0.0	1413.627	1936.30243	1496.97014	1096.27725	1552.82445	801.36535	2074.802089999999	1013.8135	1391.21267	0.0	0.0	0.0	2619.471	616.6843700000001	132.6702	1115.6050999999998	269.0119	2627.67055	102.1879	50.14797	2369.1421	2978.5269	1673.2702	456.0093	3203.02625	4163.497400000001	164.80713	1786.4011	319.77540000000005	16.1859	975.8969899999998	1667.7529100000004	704.46485	355.71199999999993	359.7944	337.50969999999995	578.4872	305.0455	386.7721	418.7482	579.4533
TSC013	0.0	24.2871	2400.2356	18.8883	2269.6141700000007	990.99745	76.30246	0.0	44.69563	1264.2267	0.0	0.0	0.0	0.0	0.0	2356.691999999999	0.0	0.0	506.7909	3434.7499999999995	633.85979	0.0	123.7114	795.94168	591.2592	160.42839999999998	286.1889	117.4622	587.4637	201.7205	444.4166	0.0	0.0	71.2373	110.306	344.1735	110.3227	1122.3060100000002	469.7777	1464.7040000000002	0.0	58.14688	2015.7389000000005	982.43692	713.4763	674.33724	1429.5265199999997	1165.03448	34.36134	191.55650000000003	181.8197	193.8082	307.19665	1023.45592	200.8743	176.7318	86.30919999999999	89.34479999999999	413.0723	182.6744	182.6744	197.79469999999995	440.7981
TSC016	0.0	589.30765	4831.38811	635.1124000000001	5102.82834	3072.702	619.9026	0.0	593.3391	4445.527650000001	12.1037	89.7208	0.0	0.0	0.0	9841.39491	0.0	33.5616	1470.2945599999998	7596.610599999999	2378.61995	173.47660000000002	89.6459	3688.85675	1449.6308	1431.3069400000004	1602.3820999999998	1425.3792999999998	3181.6412000000005	2020.12818	1640.32281	207.171	194.4551	211.9041	154.2088	1316.333	853.2178	1623.8679699999998	1873.7305	2804.1487999999995	0.0	1087.5417099999995	5679.22946	3612.39694	1222.659	778.9543000000001	2290.88599	4050.322740000001	431.3547	1090.1681	851.4521	765.3883000000001	1049.8289	2347.12658	739.6232	1165.5835	1032.6193	708.8316999999998	1744.36744	1183.4911000000002	897.7083000000001	840.0006	1748.97572
TSC020	0.0	0.0	3271.4727100000005	110.15116	8667.648459999999	5627.30789	303.4862	0.0	131.2879	5989.2668	0.0	0.0	0.0	0.0	0.0	8031.195989999999	0.0	0.0	1225.2376700000004	6539.556860000001	1901.49097	206.111	354.7126	1668.36679	1925.6674	658.0452999999998	891.8460000000001	807.0276999999999	1330.0050100000003	1185.11124	1323.26724	203.51	71.7492	0.0	0.0	217.7737	456.8096	2568.438	427.3078	3125.971490000001	0.0	615.2629	4645.386340000001	2648.7251400000005	349.2558	734.4070199999999	1505.6922000000002	1337.6477	503.5418	460.51188	423.6078	67.4203	1118.2945999999995	2942.4961000000008	580.1858000000001	406.33829	289.32329	353.95059000000003	399.1122	215.772	134.26409999999998	182.9657	1047.1409
TSC021	0.0	0.0	3405.5199999999995	59.66068	2087.91595	2364.552800000001	52.7081	0.0	15.933	1486.16999	0.0	0.0	0.0	0.0	0.0	2579.13928	0.0	175.428	777.5386	3521.80699	810.5203999999999	2188.31	567.4956	1625.64742	827.6106000000001	450.12270000000007	364.1632	278.9498	867.5575000000001	525.2067	2012.9154100000003	0.0	0.0	22.311	2894.3458	79.6226	89.4025	904.24861	54.067890000000006	1300.5338	0.0	841.5786	555.0923	587.5478399999997	1409.7462000000005	558.9289	3511.4419699999994	2866.13234	5.69494	88.91159999999999	155.7018	41.2785	76.16772999999999	672.22381	165.96089999999998	622.07326	593.73926	575.998	1687.9504	2904.9108	3054.7282	555.4676999999999	267.9298
TSC025	0.0	0.0	2905.04913	117.8225	2485.9552	1038.8627	81.863	0.0	68.6434	2114.1129	0.0	0.0	0.0	0.0	0.0	6386.377040000002	0.0	0.0	785.13059	2683.9809200000004	971.7704	4047.07	208.3921	1060.1204100000002	633.5226	484.63931	283.0912	433.70124	1409.0522	1006.1444	2753.14818	0.0	0.0	74.3419	2342.1346	137.31709999999998	0.0	928.1726	0.0	841.1745999999998	41.6166	381.6513	545.17642	937.65143	1042.8927	601.02604	2900.834410000001	2661.86668	13.2734	125.9955	67.9045	3009.38	2384.66247	661.6958999999999	111.1165	382.9052	341.27871	268.99781	1506.4226	2631.5994	1180.04976	84.7641	167.781
TSC027	0.0	423.314	3350.92327	401.2572	2785.41728	1350.2194499999998	98.7626	0.0	0.0	1586.2224	0.0	0.0	0.0	0.0	0.0	2410.70783	0.0	0.0	718.8536999999999	3916.1635	805.2363	832.962	304.35780000000005	2201.7762200000006	1152.3419	668.3725	408.3281	471.3533	1328.5361	931.1099	386.7885	12.3612	0.0	68.105	698.3788	183.729	76.9566	755.62425	16.9329	1659.3937999999996	16.6223	409.5151	67.62859999999999	683.46392	232.3087	217.8866	2669.876490000001	1938.2004	83.576	330.39660000000003	379.1279100000001	7.55136	417.43680000000006	675.1750000000001	35.6546	349.27000000000004	339.957	284.3471	833.5752	574.3126000000001	53.5116	66.6648	0.0
TSC031	0.0	0.0	1660.3412999999998	787.9724	1563.7206900000003	811.9966699999999	181.7788	0.0	0.0	1423.2819000000002	0.0	0.0	0.0	0.0	0.0	2246.85584	0.0	25.6341	1299.3270000000002	2436.715	1418.8496000000002	652.216	276.1066	1774.5009800000005	1062.9193	385.8199	385.4525	543.7496000000001	717.2602999999999	419.5515	417.74897	18.994	0.0	72.93639999999999	239.727	189.754	16.9916	372.8423	0.0	966.2009	0.0	382.2554	73.8176	337.07438	261.87	263.7807	2398.2198000000003	2344.2664000000004	60.3324	70.059	267.64672	0.0	127.0695	928.2791599999998	98.4041	23.3779	181.3149	181.3149	194.57104000000004	0.0	0.0	0.0	0.0
TSC036	0.0	0.0	2159.1263	34.3022	1577.2430800000002	438.3244999999999	0.0	0.0	0.0	1159.5884	0.0	0.0	0.0	0.0	0.0	2613.4948	0.0	86.1533	419.2682	3872.6419	1237.1691999999998	0.0	101.9265	1993.34499	970.96972	738.7324000000001	632.6988	208.2809	1720.0068	1047.9491	350.6477	0.0	67.5293	90.4138	0.0	108.2748	57.3759	316.2545	0.0	582.6243999999999	55.7527	106.5118	41.2998	881.04733	246.369	130.6903	377.8807	211.6965	78.52669999999999	255.2619	49.6841	44.4097	66.5737	629.6570999999999	0.0	100.999	100.999	0.0	491.09800000000007	0.0	0.0	8.27875	37.7038
TSC045	27.9406	253.3888	2170.382	526.638	1395.1771300000005	592.9694	74.8881	0.0	163.5836	946.9902	0.0	62.2734	0.0	0.0	0.0	1885.1049	0.0	72.7693	437.8269	2719.6202000000003	909.6414	13.93	370.786	2589.7152	1435.2600000000002	500.7536	527.3934999999999	252.5720000000001	1024.8247	826.3171	184.3632	0.0	61.8197	107.518	391.682	102.8384	13.4659	325.26360000000005	0.0	202.58060000000003	18.6175	53.8527	107.6461	392.6914	378.18279999999993	258.5887	508.3016999999999	590.3353	65.9028	118.0446	263.8656	0.0	212.6329	1037.4373	10.8199	178.0525	0.0	0.0	225.995	0.0	0.0	0.0	105.77
TSC056	0.0	0.0	2656.1317000000004	889.83255	4194.622399999999	1556.7255999999998	172.4899	0.0	51.0889	2600.6519000000003	0.0	0.0	0.0	0.0	0.0	3168.4345000000008	0.0	0.0	1119.2727799999998	2846.3668	1202.95582	0.0	213.8616	2194.283160000001	810.6015000000001	988.4479	368.37941000000006	435.5601499999999	610.7081	473.47210000000007	670.18847	0.0	0.0	52.9821	435.692	204.6951	21.79333	1155.6552	0.0	1552.19003	0.0	176.90385000000003	115.34338	1272.4997999999998	1096.7758	377.4341	2860.4147000000003	1561.8653	104.5978	283.282	365.4866	22.4191	152.31490000000002	1273.8730000000005	111.23058	88.3762	78.0367	91.47255	194.4617	13.9874	32.6653	30.93556	177.5911
TSC060	0.0	0.0	3438.28701	48.89143	3062.3011	1653.3712999999998	134.9574	0.0	0.0	2540.1685000000007	0.0	0.0	0.0	38.4865	0.0	6544.5234	0.0	89.8301	1161.40303	4106.092500000001	829.8816000000002	0.0	148.0253	2014.292	665.25751	473.8461	333.26500000000004	140.68779999999998	879.63341	349.2162	480.0821	0.0	0.0	0.0	1904.275	83.19955	90.1692	1148.3541	0.0	2304.05846	43.366	114.4909	255.9271	976.99969	1205.5429	559.5994000000001	3238.5774	2678.9882000000007	59.4538	46.53946	278.8514	2747.78	3042.8370000000004	972.39654	43.8223	41.7256	0.0	11.1235	415.223	65.2686	65.2686	456.2669	0.0
TSC062	0.0	0.0	1605.2760200000002	521.352	3017.3799700000004	1461.8449599999997	234.6466	0.0	35.103629999999995	2235.6248	0.0	0.0	0.0	0.0	0.0	2114.85939	0.0	63.7282	400.6305	3211.796	1255.0081999999998	4314.75	189.18924	1675.2088900000003	1034.52981	503.1754000000001	649.1303	322.8492	1025.90268	393.59710000000007	327.9873	0.0	80.2837	26.3844	5624.3051	76.27709999999999	29.1208	858.9989000000002	0.0	796.8268000000002	0.0	66.36202	172.32089999999997	387.4399	943.46067	480.6254	1587.3318	3138.3251000000005	8.76686	86.3034	317.73102	9.74423	134.6809	938.7446	141.5061	56.8229	198.6993	198.6993	334.9637	5203.81	5219.0644	0.0	35.206
TSC065	0.0	0.0	2181.1511	71.82730000000001	3890.8052	2320.6168	380.6681	0.0	140.615	2256.1597	0.0	0.0	0.0	0.0	0.0	3775.42455	0.0	0.0	1504.9987999999998	4222.1717	1562.9840000000002	2790.91	180.0276	926.4981	818.7108000000001	616.0019999999998	349.0441	241.55511	796.5032999999999	701.9873999999999	2948.887640000001	0.0	61.9826	0.0	5747.664000000001	120.8735	37.1848	987.1753	0.0	1422.6496999999997	44.3621	3394.0013	189.9259	679.91335	1702.9754999999998	1490.6599000000003	2642.1511	3071.9924600000004	70.1137	7337.2941	273.2147	52.6931	271.0564	1557.1879	138.69721	428.2047	405.6629	405.6629	571.414	139.7497	171.5145	117.687	19.8625
TSC068	0.0	51.9065	4591.462499999999	2257.1195999999995	3842.5389	1681.3239	57.7096	0.0	74.7159	1779.5858	0.0	0.0	0.0	0.0	0.0	6582.864690000001	0.0	85.2288	1231.9537500000004	4442.250780000001	5221.9923	2739.9702	2084.1694	2562.4901899999995	1766.6459000000002	899.80753	295.35253	813.6972999999999	764.179	937.4138	1412.9219	0.0	338.7154	74.3945	4913.311250000001	320.2063	13.90393	615.0537399999998	0.0	919.76622	142.5902	2975.99091	56.6972	4004.3042	479.3631	260.5624	3628.87798	2083.2501	19.2511	144.48430000000002	554.1355	643.258	3676.5406	890.6979	78.23689999999999	440.5046	374.6871	74.8374	4342.397700000001	3692.3972	3623.9917	383.9364	191.48
TSC070	0.0	0.0	1545.9168000000002	52.4636	3457.61983	1332.9534	98.2344	0.0	86.369	1147.6821	0.0	0.0	0.0	0.0	0.0	2115.3884	0.0	0.0	702.5148000000002	3071.1431	592.2667	0.0	154.88899999999998	1554.2223400000005	821.69752	631.63198	388.07218	327.80241	426.33569	414.48747	208.17547	0.0	13.8345	101.818	1511.234	70.4847	0.0	431.63239	0.0	1014.6934	0.0	65.54167	82.1052	312.8318	386.1597	746.8525	1084.5993500000002	1963.7845000000004	0.0	19.0732	64.0189	918.885	143.6405	737.8352000000001	221.9971	121.322	121.322	0.0	375.6494	12.7027	600.54	11.6568	0.0
TSC071	0.0	187.673	1430.9492	319.8251	3299.4702499999994	1700.6601	40.455	0.0	112.8543	1466.5573999999997	0.0	0.0	0.0	0.0	0.0	2473.7434	0.0	146.2132	752.6134599999999	2628.5561099999995	872.8886999999999	1427.637	329.8911	1224.08003	1021.3548	885.3941	630.3747	417.1863	966.2828999999998	699.1435	363.2937	0.0	0.0	900.0023	1174.2536	78.78854999999999	32.4577	1156.0671	0.0	975.6594	128.2761	265.9286	218.3926	653.7083999999999	654.0939000000001	347.60040000000004	1257.9623	1284.4725399999998	28.0811	347.97360000000003	440.3984	332.758	173.76218999999998	1267.2705000000003	234.6715	450.75090000000006	368.5492	338.1382	425.6572000000001	79.0486	52.3416	0.0	123.318
TSC073	0.0	18.6388	1940.292	96.8044	1565.4600099999998	869.99989	139.4774	0.0	108.736	1410.9793000000002	0.0	0.0	0.0	0.0	0.0	3640.173899999999	0.0	104.6915	589.09533	2639.1871	560.6039999999999	177.03480000000002	184.93632	1840.43081	1771.3354	766.3062000000001	570.8967	816.9671000000001	1203.4463700000003	703.1170999999998	219.7285	0.0	288.45722	50.7919	1651.716	125.9538	22.023850000000003	626.4779	0.0	609.6588800000002	53.714	1467.73679	1041.2558	436.99046	574.295	840.6657	1977.2419	1162.7807899999998	0.0	0.0	352.2738	13.6568	143.5927	853.25199	191.5588	54.99	26.9572	0.0	222.8338	0.0	17.1774	17.1774	0.0
TSC078	31.2819	0.0	8597.910210000002	335.0347	4955.657299999999	1545.3107999999995	316.6959	0.0	22.0008	4564.349999999999	0.0	0.0	0.0	0.0	0.0	4432.8467	0.0	0.0	1877.47526	7074.18604	1980.58815	3867.159	3934.4925	3994.5554	1796.1395999999995	1154.84728	495.2756000000001	395.7405	1583.5396500000004	1521.5745	617.9026100000001	0.0	84.5475	49.7538	4724.4568	230.0533	0.0	623.6526999999999	0.0	1196.33348	193.8932	1150.2478	214.30674	438.5914900000001	777.8982	420.3729	2276.27881	2899.25534	18.0481	175.7333	968.2563	4345.1927000000005	348.72259999999994	2072.2205	533.3027	497.8531	375.2405	782.103	6166.441599999999	4454.779699999999	151.3184	144.1615	107.2613
TSC085	16.7172	0.0	2078.9328	215.6195	2257.29322	1332.7825	55.8617	0.0	0.0	729.2956999999999	0.0	0.0	0.0	0.0	0.0	2358.365	0.0	85.97460000000001	731.8994	2359.0046	478.6453	37.3437	42.0634	2124.9048	1139.718	1032.7489400000002	692.16654	578.40935	680.1328	681.4282	286.5314	0.0	219.298	85.3266	0.0	51.5392	43.6439	1084.06469	0.0	1636.50764	15.4112	247.8226	104.6323	463.73799	393.3481999999999	717.9253000000001	1143.31627	869.51879	10.9126	0.0	473.0325	0.0	81.17179999999999	1052.5337	125.0317	48.4062	48.4062	48.4062	545.3770999999999	1002.068	1063.513	64.9714	62.1296
TSC089	61.038450000000005	0.0	2819.6706	57.3048	2654.05555	1100.8461999999995	68.3544	0.0	0.0	2273.07	0.0	0.0	0.0	0.0	0.0	2288.4467200000004	0.0	0.0	1297.4455900000005	2961.8303000000005	874.9335	90.4091	288.3261	1636.1107999999997	1066.14632	667.5235	712.9091000000001	872.6554000000001	2268.3564	1184.1003	638.1354999999999	0.0	0.0	33.8214	47.0385	378.99300000000005	0.0	233.3494	0.0	871.5963500000001	8.14571	55.2996	122.528	508.8099	380.4084	84.795	1104.7788	853.7945000000001	50.0167	138.9057	411.3195999999999	162.315	263.3951	982.9169000000002	420.407	203.2729	180.2456	99.1921	351.36340000000007	175.68540000000002	77.1978	23.7168	36.372
TSC092	84.9136	0.0	1197.85251	37.4972	1419.2951900000005	1225.5759099999996	11.9916	0.0	52.8645	861.2537100000001	0.0	0.0	0.0	0.0	0.0	1653.48353	0.0	44.5792	816.1219500000001	1989.58236	773.4711999999998	0.0	105.43817	801.7104	648.5294999999999	364.67559	385.5217999999999	702.39239	880.11239	1144.82498	603.14138	5.28464	25.4412	54.1836	0.0	65.3992	130.9816	255.3689	0.0	399.8256	4.64395	123.38227	250.58463	813.8560100000001	130.0229	177.43398	543.5046199999999	530.9828800000001	26.959	96.94503	249.14617	0.0	228.75274	370.981	404.9797	0.0	0.0	17.7881	72.5747	0.0	124.25310000000002	128.7742	110.5623
TSC102	0.0	234.0275	465.04607	216.1525	1590.92169	797.6515	100.6158	0.0	623.4029	649.42692	0.0	0.0	0.0	0.0	0.0	1078.1709699999997	0.0	143.567	640.3786999999998	1637.65325	604.35189	0.0	582.0359	1390.2812	696.2817	878.0659000000002	453.619	145.5325	853.7682999999998	372.6303	351.45924	0.0	0.0	284.7669	276.891	161.77586	56.190090000000005	459.92430999999993	0.0	396.69515	62.462900000000005	288.7845	280.24113	453.6483	178.57670000000002	528.4545	447.9988	785.6619	97.17488	950.2892	344.0167	299.435	123.88176	394.9662	161.1372	197.8536	197.8536	197.8536	1739.0841	1510.1642000000002	160.5842	1019.7679	459.5127
TSC110	0.0	32.7528	809.2691199999999	35.9029	897.2162999999999	507.82839999999993	15.0396	0.0	51.0353	40.5358	0.0	0.0	0.0	0.0	0.0	866.6375	0.0	30.8427	323.4859700000001	1061.0069	221.8255	153.101	201.3816	524.8119	223.4223	408.1466	344.3949	372.0502	399.5313	204.08276	441.4614	0.0	6.62771	101.8487	267.405	0.0	140.2675	233.5258	0.0	300.0433	17.6063	47.7764	63.43155	201.2274	0.0	60.51342	119.064	141.79752	62.1668	314.46067	483.944	157.85569999999998	122.94709	27.4953	45.0396	214.3616	214.3616	254.7339	401.7974	295.2231	233.84	214.3616	71.7252
TSC117	55.3119	0.0	2863.5974	201.6411	1744.1842299999998	432.213	146.26420000000002	126.8815	12.7736	1386.52	0.0	0.0	0.0	0.0	0.0	2385.0329600000005	0.0	64.8867	896.1428199999999	2307.7445	521.566	0.0	175.1835	1089.61221	381.1810000000001	514.1774800000001	336.16664	127.06594	709.4686	565.2694000000001	119.4708	0.0	0.0	0.0	1454.2303	192.436	32.77894	1176.73201	0.0	1143.0357999999997	51.3582	666.5537	855.1804000000001	242.7264	817.7861	344.2938	2173.76901	1829.95233	47.1708	2277.6073	178.18053	30.557	1315.18021	651.7424	192.5452	364.9235	232.6355	242.7535	372.0049	108.3342	87.562	45.377	67.8705
TSC126	0.0	0.0	905.3586	654.1456	1272.455	1070.5294	39.1319	0.0	49.1349	91.5283	0.0	0.0	0.0	0.0	0.0	917.8008	0.0	61.2812	442.4197	1416.89093	200.1831	41.784	62.0697	270.2336	224.4444	173.1309	162.4148	126.9131	188.2287	289.7253	476.8296	0.0	0.0	120.55	40.9422	179.1752	0.0	607.4146	0.0	989.863	0.0	115.4102	195.8829	95.3918	284.0572	179.5292	1796.7193	1699.4969	0.0	66.4184	32.02	30.69	0.0	684.6877	44.7273	292.4863	292.4863	127.3287	259.6061	106.013	66.30199999999999	0.0	225.1364
TSC135	26.035	0.0	4288.415799999999	59.79650000000001	3969.1895	1143.0304	162.1241	0.0	28.1604	1599.8156	0.0	0.0	0.0	0.0	0.0	4555.6958	0.0	37.9844	678.9433999999999	4949.9778000000015	1690.4669	162.471	1745.3839	1330.5623	1197.6676000000002	532.7203000000001	27.2351	46.4776	1130.2131	894.8602	403.7115	0.0	563.205	57.54	1193.5222	136.1159	42.3617	1724.0931	0.0	1767.9749000000002	21.3862	488.9025999999999	408.9623	1848.1004	1885.8787	1400.8023999999998	3933.3146	3197.0836	20.4082	525.1148000000001	463.1178	157.988	367.8237	1542.9444999999996	122.6212	185.0095	185.0095	108.931	1141.4178	693.9629	1108.4819	75.2844	348.3139
TSC140	0.0	0.0	1499.3536000000004	0.0	1777.96227	2362.0033	104.0514	0.0	0.0	517.4128999999999	0.0	0.0	0.0	0.0	0.0	4074.468169999999	0.0	0.0	2278.5304200000005	2989.7748	1356.0475000000004	0.0	426.5066	2346.5546400000003	1092.8462100000002	1110.4545	1217.2361	951.27407	1093.3619	1437.2949	816.0526700000001	82.0175	0.0	0.0	0.0	0.0	109.45476	694.9992100000001	0.0	1157.42123	0.0	451.9205	758.68299	1203.0626	0.0	61.36193	148.3229	362.818	15.4253	136.9822	644.0034	0.0	833.77717	983.6852	931.9782	0.0	0.0	0.0	0.0	0.0	0.0	8.38702	49.7146
TSC141	15.2549	0.0	2653.8436	41.4497	2300.1646400000004	2464.904700000001	0.0	0.0	20.7308	3562.642400000001	0.0	0.0	0.0	0.0	13.1454	3929.72024	0.0	0.0	3891.7091	5257.454780000001	1139.601	28.3124	1277.9753999999998	3636.5821	1331.0354	496.5099	866.0203999999999	1421.7753	4451.151699999999	1187.142	624.35054	24.0649	0.0	0.0	0.0	435.8886	126.6525	246.0465	0.0	2529.6493	560.642	304.2375	1176.2823999999998	1411.7582999999995	101.8613	101.8613	135.9582	340.4211	42.7156	21.7114	541.1035199999999	14.7241	624.9812	940.7486	875.2318	18.317	18.317	18.317	18.317	18.317	41.7128	18.317	0.0
TSC145	0.0	0.0	1978.9379	0.0	4010.2407	1723.935	0.0	0.0	0.0	5185.081800000001	0.0	0.0	0.0	0.0	0.0	4226.829429999999	0.0	0.0	5552.157470000001	7371.777739999999	360.7278	0.0	1102.6668000000002	6042.082600000001	1179.3873	3013.4488000000006	3950.6122	2065.9745000000003	5001.1797	1637.1340999999998	3039.0558	148.704	0.0	0.0	0.0	31.8313	0.0	108.0204	0.0	1412.2892	46.1712	0.0	914.4918	901.7074	0.0	0.0	191.53395	636.7663	23.493	12.7547	664.6855	0.0	2276.27398	1402.9608	897.0085000000001	14.1248	0.0	22.37022	0.0	6.8858	0.0	0.0	0.0
TSC147	175.81816999999998	64.1984	3110.415889999999	564.80637	2346.9587300000007	1469.8898699999995	364.2993	129.6875	228.10166	3843.817700000001	0.0	0.0	0.0	0.0	69.4716	4270.4169600000005	0.0	69.6991	1708.1713199999997	5218.20988	1241.43121	85.4846	475.70267	2375.8717400000005	1006.0409	1566.5389000000002	806.208	763.1758	1935.17277	720.6438	1073.98753	98.1175	181.053	179.7002	87.5518	333.45944999999995	366.1515	656.8735600000001	0.0	1135.35853	69.6849	584.8314400000002	623.96348	1301.1541	304.6488	426.5024	963.1009	734.4600599999998	1250.6513600000003	1120.26978	1095.518	149.4159	690.0467199999999	1413.6343299999996	633.3575999999999	219.00701	177.84571	171.7465	330.61603	238.3928	154.4989	115.8169	208.6942
TSC148	80.1895	130.6603	6661.005040000002	457.09405	6031.823499999998	3010.534690000001	240.7309	111.572	96.7717	5574.629999999998	0.0	0.0	0.0	0.0	16.8668	10441.883409999997	0.0	160.752	2721.77293	8748.138830000002	2637.2921	58.2661	1668.8718000000003	3315.15764	1689.4650999999994	858.0203999999999	964.7846	815.4534999999998	884.9088000000002	2176.180099999999	1316.33668	0.0	153.58996	98.991	0.0	412.3364	244.32040000000003	1382.72351	0.0	1712.54972	177.8087	420.3053	709.2466999999999	1397.4589099999998	340.7962	293.5618	664.5852900000001	1595.4212399999994	522.0975	425.6246	145.3107	252.7063	771.8234	2749.6094	643.3765	282.15197	211.5592	234.7489	732.3610699999999	348.4028	338.3356	289.5205	701.8327
TSC149	0.0	0.0	3612.931899999999	510.0518	3885.32991	1195.6527600000004	248.8017	0.0	535.4938999999999	3354.1818299999995	0.0	0.0	0.0	0.0	0.0	5037.740840000001	0.0	0.0	1104.09704	2768.4923	1404.35853	455.942	186.12938	1801.7128	839.4950999999999	1109.0931	530.8091	306.23747	730.2447	1552.7663000000002	854.7975000000001	0.0	37.7755	0.0	842.688	40.8631	11.1953	636.5453	0.0	933.5502	0.0	200.81758	354.6941800000001	780.8069999999999	300.8251	319.5457	1031.3476	1064.54739	122.51937	359.82331	681.2244999999999	701.8503999999999	401.81397	1710.2384	286.38826	471.1919	572.5146	724.0604999999999	666.8898999999999	84.2135	222.2836	84.2135	492.424
TSC152	13.4763	0.0	1114.7398999999998	121.95833	2593.70476	1240.7361	161.27908	0.0	161.45659999999998	2125.9238	0.0	0.0	0.0	0.0	0.0	2781.937420000001	0.0	18.5608	417.5394	1770.1124999999995	517.3843	0.0	156.27618	507.2583000000001	121.5853	592.6897	91.63841	72.34111	256.1908	1026.9416	544.3852	0.0	50.6426	0.0	749.396	96.4381	51.567800000000005	1052.4904	23.0088	851.6006000000002	0.0	892.8477	285.5552	357.3028	328.1924	308.4808	1647.1281	661.3307799999999	25.7132	1468.7849	241.5244	21.26015	109.8422	698.3924	126.2182	0.0	0.0	0.0	1504.5137699999998	1796.0899	113.3288	77.7027	341.2962
TSC153	16.111	0.0	2102.3013	149.7177	2322.56257	3143.8233	339.8297	38.4675	73.41460000000001	2638.6408	0.0	0.0	0.0	0.0	0.0	6439.456	0.0	0.0	1093.6415000000002	3096.7091399999995	599.8213999999999	976.464	380.2784000000001	1000.05481	369.6497	632.3674	405.8155	322.24187	367.0417	636.2409	1209.7049	0.0	283.7928	213.467	2816.0752	132.1433	0.0	655.8019	0.0	617.4613999999999	16.8035	565.56787	173.39255	564.2376000000002	470.54677	380.9585	507.49252	1448.78185	130.8009	10.6074	260.86992999999995	90.5835	184.1154	1247.2056699999998	34.44264	293.6171	1552.7571	3805.1282	1762.1761	1736.0426	1043.1534	53.3854	359.5299
TSC156	100.9798	0.0	2252.97513	340.74080000000004	3110.74976	1831.1429000000005	52.7796	0.0	30.6564	3088.84205	0.0	0.0	0.0	0.0	0.0	6015.814140000001	0.0	0.0	2437.0279	5209.6202	1940.5971	309.151	1747.39795	1772.63207	1062.31048	901.0108	1024.88337	842.0219100000002	573.1958999999999	1059.596	1019.11262	0.0	104.4714	0.0	2018.911	1913.7041	610.85566	721.5892799999999	0.0	921.67996	124.5142	1284.18294	360.5386	1115.0736	165.7327	69.016	284.55529	1398.2421	201.898	533.46655	206.20648000000003	445.3021	752.8265000000001	1050.63899	562.4232000000001	148.59850000000003	148.59850000000003	145.2185	145.2562	30.3632	91.5843	69.26599999999999	30.3632
TSC159	76.0595	93.0217	3133.1294	58.82297	3466.867790000001	1825.8967	75.41547	14.826	0.0	2051.1311500000006	0.0	0.0	0.0	0.0	0.0	3812.3334800000016	0.0	68.0296	1438.51018	3788.8132299999993	1444.31409	856.8766	1079.8165	2771.40461	1616.6587899999995	562.2308099999999	678.2491500000002	334.2704	1662.1408599999995	1325.3094999999998	537.8855	0.0	255.253	86.7354	907.1392	188.72605	166.8308	598.6655099999998	0.0	946.18129	392.6813	746.33887	298.51458	1440.42744	125.181	113.5323	394.433	110.58674000000002	0.0	842.3194599999999	244.1187	579.5792	965.02395	1107.1156999999998	588.75092	267.8605	212.0231	40.2549	136.44699	0.0	148.952	148.952	0.0
TSC163	0.0	79.9211	2036.323	206.2441	2969.09516	1470.8695	120.4145	0.0	78.4308	3075.6367199999995	0.0	0.0	0.0	0.0	0.0	3860.11226	11.2991	55.578700000000005	1579.8269000000005	3578.2496	1437.2732	529.331	731.9994999999999	2805.8597899999995	972.20649	687.1868000000001	657.0149000000001	530.34568	645.80994	579.7849299999999	480.8752999999999	0.0	172.3336	201.1648	652.97	286.82653000000005	55.3541	347.9081	0.0	529.5557	278.4815	1158.2829	177.19854	980.6360999999998	93.3487	150.2058	610.2732	408.8346	29.2811	156.0025	654.2887	587.184	293.88432	1747.6665000000005	235.17990000000003	589.9787	579.0549000000001	458.81004	867.4411999999999	218.6128	265.3893	178.0315	140.676
TSC167	32.3767	75.2051	2109.7422	558.79777	2030.2141700000004	1581.8079	156.6107	42.6323	21.4996	2440.9797	0.0	0.0	0.0	0.0	0.0	3233.1922600000007	0.0	0.0	1230.8383899999997	3185.52575	675.6459999999998	56.9983	656.4432999999999	1681.2857	1107.2401000000004	869.1239400000001	608.2684	461.1324	1414.7728	1128.0494	450.4894000000001	0.0	419.374	0.0	752.6339	156.7125	93.0638	372.6312	0.0	837.1693	31.4146	292.91964	209.59485	760.1462	81.46600000000001	142.591	226.554	697.3648	118.4471	454.80051	245.08040000000005	7.0303	847.0993	1026.0243	469.20283	277.7	89.0087	58.6558	482.612	196.636	0.0	0.0	96.569
TSC170	21.8905	0.0	2520.33172	178.618	3069.75717	1239.09839	0.0	0.0	0.0	2823.0996200000004	0.0	0.0	0.0	0.0	0.0	3771.8387600000015	0.0	0.0	1888.4671200000005	3906.07602	1609.4228500000002	0.0	825.7471699999999	3441.78303	1376.86925	963.08722	784.5809200000001	627.21319	887.1914	1314.0436100000004	949.98798	0.0	403.5722	0.0	508.819	282.1957	190.9218	470.10969	0.0	695.07483	60.6858	609.18311	573.0256999999999	845.85762	60.0907	409.07193	131.0713	1360.7871	135.08324	645.93553	356.65831999999995	394.40884	766.97795	1288.62098	444.8009	60.6914	82.167	82.167	60.6914	60.6914	60.6914	60.6914	266.62
TSC173	0.0	0.0	2892.8328	342.74164	2574.327400000001	1582.9418200000002	137.8789	0.0	0.0	2156.6442999999995	0.0	0.0	0.0	0.0	0.0	3417.312280000001	0.0	31.5683	912.47797	3615.050300000001	266.2896	815.94	1986.21111	725.8682799999998	320.88050000000004	305.70377	303.8088	342.14401	438.73232	525.8323300000001	526.6487500000001	0.0	73.3055	37.7949	1748.5263	72.7524	61.7352	250.1867	0.0	733.1793800000002	39.3228	948.92586	180.63964	1621.152	163.825	478.5431	544.0827599999999	1909.29302	49.11689	279.2362	106.877	1027.3855	1417.51538	821.8689999999998	360.77150000000006	193.98769	48.997	253.2238	3176.8087	3205.0344	136.6972	162.3818	990.006
TSC184	0.0	0.0	2518.4228299999995	230.16579	2780.6015999999995	2240.69864	0.0	0.0	27.1738	2392.09808	0.0	0.0	0.0	0.0	0.0	1683.3250199999998	0.0	0.0	1435.6818000000003	3067.573199999999	469.3068400000001	202.263	1046.7151599999995	1303.4478399999998	1178.5929999999996	822.5898700000001	911.20537	888.4797700000001	451.20262	956.96358	623.41426	0.0	98.9198	58.3797	1452.41835	325.20550000000003	309.3569	215.61511	0.0	389.06895	0.0	1861.0333000000005	353.0657	540.13612	37.5564	140.29092000000003	46.20926	461.415	74.0118	153.40507	263.71556	343.9745	409.15487	384.483	816.5649000000001	0.0	86.733	86.733	297.26356	227.185	0.0	0.0	112.89907
TSC191	0.0	0.0	1549.6889000000003	372.62107	2782.6892900000003	1586.8689599999998	125.1522	0.0	21.4175	1454.36726	0.0	0.0	0.0	20.0738	0.0	2255.18336	0.0	0.0	1747.8118599999998	2809.57952	692.9272899999999	0.0	549.6423599999999	2101.7876800000004	681.69659	1367.36247	1080.37252	1142.727	453.05607	1899.4981300000004	761.1276	21.4539	326.6411	35.2051	85.2859	234.3844	76.86309999999999	302.76920000000007	0.0	513.2526	50.5629	188.79881	143.3189	1151.57329	121.1775	252.7354	68.3107	246.53250000000003	17.236	225.7889	771.55513	39.67329	219.821	766.01381	584.35912	0.0	38.47301	54.78501	169.3507	0.0	10.5627	33.9315	21.6359
TSC199	82.6214	274.001	5046.541850000002	472.50044	5819.788170000002	3936.032109999999	218.12863	24.3296	222.65816	4164.230600000001	0.0	0.0	0.0	43.6801	0.0	5775.445009999999	0.0	31.5579	3093.64949	6455.675069999998	2628.7364	1109.3089	2241.57409	3849.41861	2192.7891600000007	1967.1414	2116.8072	1448.9907999999998	1014.10423	2914.4843	1521.59363	80.9603	3225.1468000000004	121.1292	494.631	361.9897	374.58035	913.725	11.2429	1182.12359	143.9993	2023.05559	1379.06599	2241.20786	718.9884	498.9732000000001	618.3052399999999	493.3985399999999	92.5761	598.40037	1559.6996399999998	1138.66	1599.2270100000003	2500.60503	596.64766	64.49719	71.6981	71.6981	280.98357	53.2588	261.86580000000004	292.8641	508.1306
TSC207	143.149	46.9331	2761.93479	1023.3507	3761.489779999999	2087.48561	66.1103	26.1434	75.1678	3756.841030000002	0.0	0.0	0.0	12.202	0.0	5110.362570000002	0.0	142.3556	2350.151569999999	4422.85822	1720.8429600000002	343.87530000000004	1058.9147	3138.0982900000004	1907.7495000000008	948.2037	1503.26296	1550.5512100000003	521.10894	2743.658689999999	1148.97249	0.0	456.4531	217.89315	841.662	199.8204	91.4684	605.45689	0.0	749.41614	32.1751	476.2152	384.70017	1197.30157	264.1574	115.52154	340.2322	630.054	81.86550000000001	246.63485	894.3693	31.5446	380.96899	1535.0813899999996	699.3992000000001	241.99400000000003	135.0352	103.8664	159.56100999999998	12.3708	12.3708	0.0	62.3297
TSC210	0.0	0.0	2028.50412	126.25721	2262.85033	1339.90891	66.9597	0.0	0.0	1252.4448599999998	0.0	0.0	0.0	0.0	0.0	2341.97186	0.0	18.0359	1231.9878299999998	2504.31153	697.7650900000001	247.3136	765.4126	2019.14626	950.8926	650.43303	640.72303	676.8014	557.98266	1143.62743	728.9924500000002	14.6983	341.077	95.6387	201.0961	326.7099	102.9042	289.76800000000003	0.0	280.54175	72.11500000000001	1793.13036	426.93674	1542.5412	110.536	483.0356	235.8622	541.9911999999999	76.72829999999999	248.82603	391.0634	511.482	463.32289	563.2151	471.8044	345.658	9.96237	9.96237	276.6202	0.0	0.0	118.0265	0.0
TSC213	17.1214	0.0	2439.6366000000003	566.9148	2388.45645	909.27803	11.3815	0.0	0.0	1574.7449000000004	0.0	0.0	0.0	0.0	0.0	3389.05353	0.0	38.6109	1131.2427699999998	3370.5443	897.5768100000001	4267.1050000000005	138.77122	2702.3256	486.3737699999999	399.8459	478.99795	301.09668	172.33839999999998	521.9389	978.9913	0.0	51.9898	0.0	2563.584	77.2869	31.87584	967.47475	0.0	1585.34892	47.8228	1782.3329	431.28447	1408.0016	1322.8950899999998	974.13177	4437.14979	3450.02716	9.40988	155.24620000000002	573.21008	0.0	1432.4285799999998	608.1271	304.9793	208.8635	146.4162	144.51340000000002	615.0096500000001	34.6784	59.96900000000001	34.6784	307.1342
TSC216	54.4352	74.3783	7201.183860000001	54.12746	5089.277950000002	3394.0214	479.3648	13.4009	0.0	4596.048700000001	0.0	0.0	0.0	0.0	0.0	5991.448160000002	0.0	175.9261	2533.4187	6496.441820000001	1340.6814	0.0	948.2948	5385.3467	2274.1473000000005	1116.4499300000004	963.3026	1084.4942400000002	2726.4401000000007	1739.1781900000003	1357.0359199999996	56.281	159.1914	194.6426	133.0075	1726.4751000000003	35.844	1738.4397299999996	0.0	1373.6993999999995	100.6384	413.3293	688.3085	1708.54579	396.1959	527.1785	788.4022	819.1515999999999	200.38861000000003	741.1778499999999	403.7336	379.3997	841.6117499999999	2985.9236200000005	584.3484000000001	2320.0205	2168.2374000000004	424.51990000000006	952.9236	430.29140000000007	421.2106	363.1981	495.28555
TSC219	32.9695	121.391	1823.9338	130.3477	3710.0332	1928.8260999999995	132.9663	0.0	0.0	2331.2900000000004	0.0	0.0	0.0	0.0	0.0	2925.46566	0.0	25.3417	1428.84867	3792.35203	1448.0976	265.868	913.39005	2612.0903000000003	1093.6301	805.4232999999998	378.7708	453.99326	1468.0698	1058.0657	427.32577	0.0	152.3334	0.0	1727.4662	300.308	41.9754	298.60570000000007	0.0	824.7653	119.1177	692.31913	186.425	1070.4102	64.9556	146.6366	202.1896	1564.9568	184.9021	1453.6135000000002	373.77523	845.813	705.2556	1614.6185	409.0449	122.1367	202.5569	275.14619	423.3423	21.3617	21.3617	0.0	0.0
TSC222	0.0	0.0	1808.6617	50.1966	1957.99375	1065.6449699999996	98.02918	0.0	0.0	1357.74146	0.0	0.0	0.0	0.0	0.0	3814.0035	0.0	52.6687	713.97527	4169.8513	2225.9003	3280.088	1498.49634	1643.1084999999998	769.6918000000001	329.39681	126.57273	183.4903	611.0325	606.12235	1163.8967899999998	0.0	204.9189	0.0	473.55649	73.348	31.1771	407.84213	0.0	346.99319999999994	21.2822	248.98691	76.89852	569.2968000000001	173.12027999999998	204.61956	93.94273	513.99229	51.0495	3039.05661	222.2879	41.09137	162.85930000000002	873.6354200000001	356.77114	44.1582	95.8699	155.1678	377.449	344.2646	169.41289999999998	68.4275	990.554
TSC223	0.0	0.0	3314.28943	451.38060999999993	3362.165469999999	1055.2166000000002	47.7506	0.0	231.996	1796.3914000000004	0.0	0.0	0.0	0.0	0.0	2805.07632	0.0	143.042	1235.4094999999998	2713.72589	1189.00059	98.1673	504.2354	1586.04463	705.7414	380.3469	121.6403	303.6648	1723.6559	697.8515	199.19562	0.0	0.0	125.413	995.6873	87.8932	35.32762	619.1344	0.0	880.4845599999999	0.0	2035.64775	165.02199	258.60760000000005	319.1593	267.1982	891.19661	1202.6547999999998	218.91244	297.76235	197.124	9.83107	1494.09692	1351.0380399999997	72.69166	262.1026	207.9996	196.3038	451.6286	196.3038	248.4307	72.6917	48.8514
TSC224	70.479	116.884	2335.18749	1420.7232800000002	3544.78582	2017.87292	238.3029	0.0	1630.0797999999998	1962.79168	0.0	0.0	0.0	0.0	0.0	3491.56073	0.0	0.0	1954.63	4093.96269	2036.77161	15.5257	142.62407	2438.96991	883.3127399999998	898.3327600000001	385.21715	393.86598	1168.73833	683.8344000000001	645.9500300000001	311.3666	48.5789	314.0957	226.3477	806.25994	68.4816	1749.3084	289.30613	3233.7181399999995	0.0	413.20712	3116.87129	1612.01923	1684.8362599999998	1529.1280999999997	3248.3937600000004	2125.7579	117.83908	1233.5759199999998	580.4528000000001	6.53318	490.2339	1310.756	206.74413	300.9144	597.4081	478.918	1577.3250999999996	529.2810999999999	433.9567	490.1566	103.6036
TSC227	36.5364	86.435	2184.48754	108.8706	3677.58578	1612.6551800000009	231.6786	0.0	229.8739	1899.74003	0.0	0.0	0.0	0.0	0.0	4675.18213	0.0	0.0	1225.98902	3552.7830199999994	2202.2824	125.7611	592.9185300000001	2692.9364000000005	1220.02529	1155.0613100000005	851.3569	582.1456999999999	1664.19176	1051.8265200000003	484.7975899999999	19.6426	23.8289	369.6941000000001	0.0	535.86348	150.4568	1615.2388299999998	152.0514	2410.353800000001	133.4812	312.09098000000006	1824.5945300000003	1455.0214999999996	1803.21628	1837.2892	3118.01756	3156.67749	31.67289	413.79259	425.5433	0.0	235.43011	1470.4640000000004	310.82862	451.67596	475.9529	950.11926	1450.3501	999.7137	1043.3502	974.6925	94.0475
TSC229	20.4262	86.6235	2790.14876	57.5339	2945.34916	2016.8251000000005	67.7087	0.0	68.06707	2020.7503200000003	0.0	0.0	0.0	26.0713	0.0	3524.4220000000014	0.0	249.4163	1396.3818	3467.9202	946.3700499999998	0.0	327.5031	3261.3041100000005	1263.4876	1342.6474099999998	695.7037099999998	759.6369000000001	2051.18069	1459.4091099999998	1109.13432	116.44	0.0	128.5214	77.2518	259.2456	88.16647999999999	942.8221199999996	0.0	1746.9677599999998	67.182	128.6763	1055.7272	1231.20924	853.2064599999999	649.3588	1744.3306799999998	1495.5566500000002	64.13329999999999	53.1917	751.7989	0.0	585.31738	655.77864	489.7052999999999	204.13736	61.6564	40.4293	614.1718	90.2151	111.9321	100.1352	60.509
TSC231	0.0	0.0	4512.07355	159.6875	3177.990150000001	1524.7965399999996	175.72815	0.0	65.2953	2512.31204	0.0	0.0	0.0	0.0	0.0	2744.744689999999	14.4439	34.3294	1195.34382	3164.7076099999995	1107.96295	102.2892	540.6783699999999	2665.53439	1394.8775	758.97315	999.84415	762.3597000000001	1792.3330800000003	1208.7433	336.16418	13.5609	181.3941	116.9885	0.0	542.1026999999999	17.1578	971.2439200000002	58.6773	2553.36589	39.1454	141.6856	3181.76261	1392.413	1147.7555999999995	1154.8158499999995	2131.04177	4437.540149999999	14.1764	275.52236	856.3411000000001	123.6453	349.68410000000006	2092.4237	243.2095	421.50048	344.2371	344.2371	1188.3891	127.2971	152.685	204.9801	174.93765
TSC233	0.0	320.3608	3728.60808	348.3582	3576.13543	1389.75196	129.7905	0.0	203.8458	2051.1041000000005	0.0	0.0	0.0	0.0	0.0	3761.78292	10.7306	60.2569	1478.46654	3590.4513400000005	531.1115000000001	80.9674	850.2541	2122.77255	1972.52379	1063.83593	968.30555	551.5147000000001	2486.8866	1266.74377	1025.86075	0.0	223.226	42.6602	438.6397	602.5155	121.9002	1304.8931000000002	437.1031	2820.55472	80.049	44.2884	2255.7638500000007	1200.5789999999995	1878.0693700000004	1332.5513999999998	3694.0583500000016	3922.66023	51.3766	430.41120000000006	555.8285999999999	210.4959	259.68607	2069.9486	224.31837	306.8543	313.9578	336.5878	655.3534999999998	199.4508	250.789	250.1647	304.9452
TSC235	8.37917	29.1129	3160.2498000000005	229.3847	3008.7697800000005	1232.755	74.822	0.0	163.0617	1872.538	0.0	0.0	0.0	0.0	0.0	2977.498250000001	0.0	0.0	1304.2808900000002	3544.8728399999995	468.71339	88.1709	392.88622	3117.445920000001	1108.5491799999998	966.2970400000004	630.3007500000001	890.0709	1848.98783	1028.92921	980.1287	0.0	0.0	127.0855	234.5754	542.87751	38.245000000000005	804.2735799999999	113.4447	3303.310030000001	87.43209	182.96412	2107.3052	1796.1755000000005	1392.4006999999997	1488.55179	3120.923800000001	3428.2094800000004	25.42848	351.7006	904.257	98.1823	445.7067	856.03803	183.8237	365.57558	270.127	208.905	327.6786	149.5798	172.9687	97.95510000000002	33.5418
TSC237	39.1101	0.0	4207.57941	140.8872	2403.8084800000006	1134.6688	63.3316	0.0	109.50074	2349.46344	0.0	0.0	0.0	0.0	0.0	3101.4205	0.0	13.8672	1284.96823	2244.1617	1488.0884000000003	0.0	227.78840000000005	1896.98998	1098.17795	861.95372	785.9743999999998	829.799	2470.58225	936.44428	764.2862700000001	0.0	185.234	363.0841	0.0	247.90642	37.2851	1302.5997799999998	62.5608	2960.5805100000007	0.0	999.90156	2574.9003	2817.6596999999992	866.8741	1287.2321800000004	4389.4917	3345.3239700000004	33.17	453.165	692.3508999999999	0.0	143.9178	1301.3732	164.15596	205.61836	147.77416	18.6634	528.8919	291.5377	295.3801	0.0	157.6758
TSC239	143.119	15.6003	4276.48254	65.30959	3020.2326300000004	1700.4048899999996	154.2145	0.0	38.0442	2880.64047	0.0	0.0	0.0	0.0	0.0	3737.93953	0.0	13.7538	1691.4539099999995	4583.778299999999	1076.3106000000002	37.4953	536.6591	2614.35643	1064.0667	1111.5314	892.0416999999999	1027.27491	2029.20536	1263.1045000000004	489.24634	0.0	0.0	130.1062	48.5266	157.2837	0.0	904.01965	15.2757	3449.583469999999	0.0	76.554	1106.2451	734.6431899999999	971.64806	719.8587	5128.839389999999	5480.381410000003	48.84398	636.1127	666.3632000000001	193.459	707.08473	1432.17083	533.974	24.611	0.0	24.611	345.76890000000003	85.7659	144.4345	391.7662	240.91995000000003
TSC242	77.7585	117.3851	3490.21643	35.3622	2778.53601	1573.2622700000004	68.7245	0.0	28.4404	2312.59259	0.0	0.0	0.0	0.0	0.0	3629.5680199999993	0.0	110.3819	1934.1464	3397.8689399999994	967.5242	38.7204	832.6359	2936.778100000001	1400.546	1822.94939	1500.7715000000003	983.6452	1541.1211000000003	876.2628400000001	1029.25968	56.2003	0.0	187.67714	477.2846	397.3842	34.171	1353.60065	0.0	2746.6734	75.34391000000001	131.29148999999998	494.73320000000007	833.0488099999999	1134.16286	606.0082799999999	4553.289509999999	3054.87172	29.5639	404.2087	678.0191	79.22529	555.7266	983.0725	433.1542	269.9899	234.4166	168.5749	560.95	125.0552	104.9141	38.3124	147.86079999999998
TSC245	71.41616	65.7441	2897.8222	118.5751	4407.852260000001	3001.44082	77.6019	0.0	232.1109	2434.0476500000004	0.0	0.0	0.0	0.0	0.0	6549.426550000001	0.0	64.9363	3952.2439	3068.1377	2134.8140000000003	0.0	499.81000000000006	3048.91334	1135.5368999999998	1729.79453	832.31507	578.4123800000001	1474.89262	1594.2021000000002	1493.2958	156.656	99.2698	79.5075	129.0447	220.4539	56.193560000000005	1116.9281	0.0	1757.1298	285.8185	427.55779999999993	1093.2732000000003	1273.4163	544.3589400000001	428.5292	1676.4967	1593.01408	203.2644	123.93023	763.07526	0.0	532.1234	1129.3445	789.5489000000001	141.81369999999998	100.204	100.204	694.97378	102.18757	96.9325	82.1202	318.3276
TSC248	169.18370000000002	0.0	2173.722	143.97789999999998	4591.523699999999	2821.58796	54.0573	0.0	18.4799	3859.945699999999	0.0	0.0	0.0	0.0	0.0	3559.9219700000003	0.0	0.0	3198.8722999999995	6139.33047	1268.9232900000002	0.0	24.44405	4890.363199999999	1388.1786	1666.0774	1190.2884	1321.8495400000002	1730.6733	833.07397	622.2869999999999	60.3651	0.0	0.0	0.0	12.6597	56.8847	831.5059	0.0	1517.2924499999997	0.0	538.68171	170.18290000000002	454.242	585.4472000000001	194.1978	1399.2867199999998	972.85665	56.964	533.58531	488.7241	33.18837	1381.3164000000002	749.9519	1859.38866	90.9479	90.9479	90.9479	124.2607	90.9479	103.4997	90.9479	93.09703
TSC251	68.8791	0.0	1216.695	69.8664	5133.664340000002	3254.5932399999992	147.7321	0.0	56.7862	802.5473999999999	0.0	0.0	0.0	0.0	0.0	3362.394	0.0	0.0	3229.9763200000007	4775.412199999999	1278.7921	0.0	107.9749	5450.619139999999	1412.3527999999997	848.7794999999999	583.0311999999999	1056.5038	1616.9104999999995	2393.8795	2827.96113	48.5711	0.0	0.0	0.0	279.8881	157.304	3150.66583	0.0	2677.6784	0.0	1695.111	556.58154	1958.5710100000008	1509.57983	404.63905	2999.59369	1434.0911	114.8181	715.01351	716.6469199999999	0.0	1467.46324	2357.885	344.42602	450.81156	435.86036	426.84	461.68376	221.7471	259.92048	260.91968	433.7864
TSC254	0.0	0.0	4081.42858	506.04296	5638.978000000001	4103.407699999999	14.5156	0.0	0.0	1717.0437000000002	0.0	0.0	0.0	146.673	0.0	5097.4787	0.0	0.0	2996.9943400000006	5187.6852	1740.9924	0.0	135.72950000000003	4360.146700000001	1059.0223999999998	1645.1415499999998	2020.495	3046.682799999999	3151.9168	1572.7286	2333.1707	19.9359	0.0	0.0	0.0	120.579	84.4154	4085.40789	0.0	3848.9696	0.0	1211.4917999999998	489.41919	1701.96779	649.0522000000001	577.5892	1989.265	1551.0951000000002	49.1888	545.7459	467.16960000000006	16.75922	2461.2224	1745.0195	1346.1241999999995	509.3095	228.1626	228.1626	275.97170000000006	103.3286	149.2595	175.0813	245.1548
TSC257	0.0	0.0	1443.7929	162.19639999999998	5119.957	3073.3488000000007	0.0	0.0	20.5703	1268.0077	0.0	0.0	0.0	21.228	0.0	2509.9263	0.0	0.0	2229.3046000000004	4270.3231000000005	1218.3247	0.0	20.7722	4041.601309999999	867.3752	2543.8807000000006	1223.4862	1582.5500000000002	1784.6239	1757.161	1633.2143	194.056	0.0	0.0	0.0	32.3347	147.19265	2080.9968	0.0	2372.7888000000003	0.0	1860.78751	462.0803	1191.7819	748.4986	609.9136	1695.0639	1536.4426000000003	182.889	923.3715	1590.62327	0.0	822.6391199999999	1662.3769	622.24562	684.2229	613.9471	613.9471	825.8579	594.979	781.1511	704.0278000000001	683.34682
TSC259	33.8161	0.0	2657.2499000000003	351.763	4379.31146	4154.02008	71.3625	0.0	18.824	1547.7647999999997	0.0	0.0	0.0	21.2912	0.0	3880.2256	0.0	0.0	3236.7791900000007	7032.60679	1351.8361000000002	0.0	381.9053	4552.06803	1273.0819	1894.84456	2127.01666	1707.359	2325.41364	1719.8336	2015.0286	0.0	0.0	0.0	0.0	54.1138	768.0704999999999	1789.9399099999998	0.0	2367.43151	0.0	1753.85475	448.9916	1154.176	216.558	245.0849	2219.3287900000005	1399.76717	104.97039	254.42813	588.4735	9.5624	910.66869	888.2717199999998	455.5079	341.93460000000005	364.43756	364.43756	411.78558	346.2633	760.8646	809.1138000000001	199.457
TSC261	45.4451	0.0	1415.20187	85.38640000000001	3214.9347700000003	2748.0209000000004	254.9524	0.0	0.0	1474.3086999999996	0.0	0.0	0.0	257.0159	0.0	2616.6574900000005	0.0	0.0	1935.32059	4788.4086800000005	1299.7379	0.0	130.6374	3507.16714	1361.51087	1984.9391	1389.8732999999995	1707.3796	1399.3655	2164.2026000000005	1852.9279	17.1875	0.0	0.0	0.0	90.8091	466.0896	2336.3015	0.0	3679.591120000001	0.0	1042.7438000000002	686.3954200000001	1191.7715999999996	933.5583	316.21220000000005	1319.1032999999998	1468.5551000000005	0.0	827.8198	610.068	39.0381	640.5632999999999	1125.5203	842.0023999999999	542.2354	437.1114	437.1114	541.3074	376.9692	429.9704	582.583	383.75818
TSC264	59.50094	9.88646	1054.06985	21.51805	3333.714150000001	1888.1180300000003	0.0	0.0	0.0	1349.3319000000004	0.0	0.0	0.0	106.0778	0.0	2042.06476	0.0	0.0	2301.9714	3353.3926799999995	697.7202000000001	26.0146	17.469	2847.28366	562.19057	788.5112999999999	423.2612	717.9828800000001	989.97699	1285.60199	1127.40686	32.1516	0.0	0.0	0.0	0.0	247.39331	627.6315999999999	0.0	1618.6671199999998	18.6548	481.67485	435.5674800000001	794.2068399999999	105.8596	132.3698	439.2886	703.1660000000002	67.3503	657.3238	749.1949000000003	0.0	750.2627	981.55066	234.0293	339.39239999999995	339.39239999999995	270.3469	189.3033	189.4838	240.2968	258.9707	224.7673
TSC265	23.3358	0.0	1708.5214099999998	255.2336	4372.735529999999	2716.371339999999	184.60394	0.0	70.6745	2941.36598	0.0	0.0	0.0	204.2275	0.0	3196.4882000000007	0.0	0.0	2713.7235399999995	4953.985009999999	1415.3591	9.13663	209.91436	4238.989329999999	548.8425	1298.4058800000005	952.34239	1240.75299	1313.7322	1228.2610600000005	1291.9078500000005	70.1533	23.7367	0.0	0.0	103.89513	174.3394	1325.1464	0.0	1920.06888	169.0164	751.4247999999999	1188.95673	1172.42998	305.435	424.9077	799.05593	1649.70056	267.4013	665.3525000000001	1002.73408	47.63975	865.08989	992.6995	640.9023	565.27991	478.0153	356.21270000000004	428.494	29.363100000000003	105.0488	73.2922	473.2355
TSC267	74.1308	0.0	3326.781110000001	116.6535	3963.28369	2116.36403	80.9696	0.0	0.0	2127.66839	0.0	0.0	0.0	17.6288	0.0	3566.13731	0.0	0.0	2744.355789999999	4678.887090000001	1189.2569199999998	11.4916	561.67617	4541.019889999999	1314.1971	1483.4738200000002	1563.3041000000003	818.0726	4471.2374	1717.10939	1030.09504	0.0	34.2647	201.424	0.0	47.0563	178.02919	1178.87081	0.0	1345.88326	8.90826	301.32673	537.46974	927.58395	134.427	139.3885	487.42576	1096.5428600000005	42.31569	109.10677	753.8505	0.0	738.0232900000001	1608.68338	462.9391	50.74134	50.74134	41.7428	63.0928	58.36710000000001	58.36710000000001	58.6944	95.71968
TSC268	22.737	0.0	1182.1206	108.0323	2509.26393	2211.33394	113.5617	0.0	0.0	1249.5991	0.0	0.0	0.0	146.7344	0.0	1765.1947999999998	0.0	0.0	2602.9172	1988.13866	1052.91	0.0	242.65048	3751.519	812.6843399999999	782.3315599999999	472.5031	733.82134	1166.1253	820.988	1120.30174	0.0	0.0	0.0	0.0	120.71134	159.1659	827.30813	0.0	1170.4130000000002	64.30514	617.6358	478.8255999999999	946.0406399999998	290.0821	132.9222	721.7632699999999	1427.9508000000003	63.7455	255.8218	388.4849	0.0	397.83615	502.7808	371.78379	172.6197	172.6197	185.7212	144.1776	115.8318	130.28740000000002	129.2487	177.17135000000002
TSC270	153.8471	0.0	2172.04531	206.8202	6679.6753	2035.2816999999995	311.4822	0.0	0.0	1835.7026	13.5658	0.0	0.0	275.116	0.0	2023.06125	0.0	0.0	2371.17016	5467.39099	864.91071	0.0	391.3161	4662.716490000002	931.6550000000002	1981.83199	2163.767369999999	2138.13837	1259.53516	1521.3085	1726.1350000000004	0.0	0.0	0.0	0.0	18.2819	128.6785	1844.9357	0.0	2142.0143	0.0	641.8937999999999	658.53767	1024.24343	1208.0268999999998	407.454	1971.15501	2168.42291	162.6747	437.2562	361.1356	37.38061	542.90079	557.09272	275.9867	261.90804	254.4295	254.4295	310.123	247.45039	319.52189	128.127	330.394
TSC272	306.1641	0.0	2312.33788	21.2892	2914.6406999999986	3042.406499999999	85.2435	0.0	0.0	1596.8468000000005	0.0	0.0	0.0	904.262	0.0	3557.031560000001	0.0	0.0	2036.32323	3991.89091	2457.02371	0.0	0.0	3030.2769000000003	1048.683	1571.81813	623.5464000000001	1252.0222	1297.9211	2259.63824	1508.8312599999997	14.4041	0.0	0.0	0.0	71.1992	709.14469	1188.57217	0.0	3852.4265	0.0	1566.7847000000002	997.91985	1615.4563199999998	1808.1259	973.0917000000002	2499.0057	1866.8531	189.9821	1498.1511899999998	1684.65972	66.37142	1119.07831	2444.6993	379.6151000000001	390.17276	268.1717	268.1717	339.09850000000006	127.745	233.842	269.3398	618.00345
TSC273	132.94830000000002	0.0	848.4006999999998	135.87177	2865.362130000001	1743.08741	80.50489999999999	0.0	0.0	3320.8299	0.0	0.0	0.0	126.957	0.0	2374.69617	0.0	0.0	1802.7279200000005	3191.87215	1035.5292	0.0	115.7216	3903.72276	1120.6351	735.91409	936.0836	369.5066000000001	598.19019	1007.0722	1491.04611	0.0	0.0	0.0	0.0	0.0	153.09539999999998	1434.3151	0.0	2132.9455500000004	20.045	340.3894700000001	512.3247	489.49574	277.2045	351.2653	2329.31283	1672.17875	190.2866	352.41110000000003	122.8536	0.0	467.0469	362.35342	445.51213999999993	78.8633	78.8633	78.8633	91.3751	78.8633	78.8633	78.8633	114.7783
TSC274	170.333	0.0	1831.5314299999995	102.95993	3942.4240300000006	3251.2937	284.11439999999993	0.0	116.3304	1011.7419	0.0	0.0	0.0	188.158	0.0	5073.94711	0.0	0.0	3782.2856	6051.649200000001	2355.39383	0.0	148.2917	3603.702679999999	1506.3545	3104.5537900000004	1296.1083999999998	2168.4777	2378.03222	2018.5358	3529.87733	69.8602	0.0	0.0	0.0	353.31357	515.4969	2549.04269	0.0	3097.3698200000003	269.8316	2552.9453500000004	724.5920000000001	2939.3041000000003	1041.3829	252.72156	1657.30672	1703.98691	191.7679	1133.3601699999997	587.5976999999999	0.0	1482.5028799999998	1247.4091	1158.5102	1076.0291	1103.1759	1078.696	1307.7144999999998	986.351	986.351	791.4618	831.3433700000002
TSC276	0.0	0.0	2617.7713200000003	384.28463	4673.81828	4612.954200000001	137.3625	0.0	89.69239999999999	2595.0853	16.8575	0.0	0.0	0.0	0.0	3705.355400000001	0.0	0.0	3783.6967	7351.671379999999	2215.79449	0.0	251.8343	6492.247550000002	807.4415	3053.131880000001	2231.1936200000005	2874.3382300000003	2422.1556	2889.0659000000005	3575.7729000000004	175.546	13.1706	0.0	0.0	539.2834	599.28	2434.340290000001	0.0	3205.89184	29.5276	2087.3305400000004	1289.5066	2096.3737	364.4773	438.3292	1060.6181	1056.5246	365.3701	1739.2478	1783.53138	0.0	2672.10661	1882.71633	992.136	805.3331000000001	710.3463999999999	659.038	823.4448	442.7471	499.8912	568.5743	480.0184
TSC280	9.69474	0.0	3025.96531	69.4565	3279.96365	2513.1364000000003	369.2944	0.0	42.9027	4322.069000000001	0.0	0.0	0.0	232.328	0.0	3170.021730000001	0.0	0.0	3330.11331	3708.461510000001	795.6431299999999	0.0	65.7955	6172.6626	1028.4438	1550.9609000000005	1439.2666	1860.9455	2224.95338	1277.4487	1869.2189	84.7166	0.0	0.0	0.0	482.5236	328.6736	1617.6013099999998	0.0	2709.7651000000005	0.0	1744.41488	426.4846999999999	1301.7499	708.3374	430.6706	1096.2607	1700.30517	125.2947	1036.7143	277.7678	11.2171	817.30552	1579.3854	1053.9136	641.8782000000001	446.4994	400.9986	591.5069	359.9484	506.3586000000001	505.0799	381.84530000000007
TSC281	77.00450000000001	0.0	1476.5418	40.5966	2437.5220800000006	3436.8592000000003	103.948	0.0	70.4265	946.11668	0.0	0.0	0.0	181.1432	0.0	1791.6903000000002	0.0	0.0	1848.58854	3425.14026	656.63651	0.0	191.5246	1583.13258	1163.8374	1902.31752	1254.2207499999995	1419.4015500000005	1296.82933	1903.965	1367.3207	22.8471	0.0	0.0	0.0	176.7179	206.3802	2063.4637300000004	0.0	2602.8515	30.17	996.71732	843.86185	2268.7099000000003	551.3653	529.4051000000001	1371.53051	1040.6717999999998	119.304	725.80909	657.8127499999999	9.3	1651.59446	1021.22051	651.7864000000001	502.3304	434.41710000000006	381.3861	1170.4574	248.764	312.9914	513.352	478.5975
TSC282	227.5801	0.0	3778.7861	9.49396	3843.06611	4998.32872	134.5134	0.0	0.0	2978.454299999999	0.0	0.0	0.0	0.0	0.0	7003.683779999999	0.0	0.0	1961.83271	6505.10494	1718.2131500000005	0.0	157.6401	3642.14351	1579.2926	2052.00675	2926.1519000000003	2874.85006	3271.0764	2323.6111599999995	2652.8529000000003	0.0	0.0	21.3221	0.0	0.0	305.49	3001.7629	20.7741	3485.6369500000005	345.1919	1388.28376	784.6157	1289.8397	448.3496	395.5968	1418.0452099999998	2901.887360000001	116.885	151.9272	888.9786	0.0	1533.0455000000002	2610.4828300000004	1153.2431	514.7417	514.7417	507.7933	443.2691	514.2439	525.534	135.098	377.42846
TSC285	43.1109	0.0	2432.72031	782.8558	3556.6979	2523.7069	0.0	0.0	35.8185	814.6524000000001	0.0	0.0	0.0	0.0	0.0	2891.17562	0.0	0.0	1400.91026	2474.81671	685.2051100000001	0.0	41.3513	3654.7579	263.2719	2133.38143	256.1277	976.68884	1547.39487	1235.9852999999998	2248.4406300000005	83.1058	0.0	0.0	0.0	76.4704	127.131	2350.5075100000004	0.0	2212.6307099999995	0.0	2525.7838400000005	993.47924	810.6236	1000.92	973.8767	1618.3924999999997	852.7215999999999	114.4303	281.54342	407.7044	0.0	825.5791	1545.6574000000005	329.61389999999994	162.39690000000002	179.7775	179.7775	211.8893	162.39690000000002	966.951	1008.0135	246.0298
