	ExuR_UxuR	LexA	HutC	PhnF	LldR	NarP	NagR	SiaR	Irr	NiaR	LiuQ	KdgR	NagC	Zur	NrtR	Phr	FUR	MntR	ThiR	IscR	MetR	RbkR	NsrR	SahR_SamR	AgaR	GulR	CcpA	NadQ	CzrA	ModE	Rex	AraR	BirA	ArgR	XylR	TyrR	SoxR	PsrA	HypR	HisR	HexR	PhrR	GguR	PhsR	NikR	TrpR	NagQ	AmtR	PdhR	HcpR	RutR	CblR	PrpR	CsoR	NrdR	DasR	NorR	TtrR	FixJ	PhnR	CadR-PbrR	GlcC	VanR	LtbR	MetJ	AcnR	NmlR	ZntR	NifA	MerR	CueR	FadP	FabR	GntR	BioQ	PaaR	LiuR	RbsR	FnrN_FixK	NnrR	NtrC	FruR	PurR	FadR	PdxR	SdaR	HrcA	QorR
CO3	-0.38696094984465035	-0.07615909883362351	-0.17752684571054297	-0.12525034347759084	-0.245948366023285	-0.22173767422031473	-0.2478075721696452	-0.17063684646226687	-0.2400699936487637	-0.3256481589150504	-0.24654987389416622	-0.581986206344466	-0.5334281164042344	-0.4451294950855529	-0.49077574010538216	-0.44065919795423086	-0.5091217301672603	-0.5195387528402491	-0.4964080410781793	-0.38351595022051227	-0.47906000725662695	-0.4781577454503051	-0.4174738036584446	-0.456148025629423	-0.4316502505244413	-0.3311300829201272	-0.4161204109489618	-0.25882610271351536	-0.2907060198702215	-0.20094464077462432	-0.37357739971754256	-0.3476305374690742	-0.5050478814053827	-0.40675602705001507	-0.3536592868113158	-0.28973540489675403	-0.06386919938084527	-0.34959910868286737	-0.02222844995574795	-0.26933881982050806	-0.1324547672947367	-0.20495013636935625	0.05425874408017443	-0.05311041087212841	0.1233091135306559	0.012453947053927664	0.07540721399502195	0.136843040625484	0.0064662096119734195	0.1060704447765365	0.21021333023956718	0.06570106426034726	0.02585116781446456	0.24382941784177148	0.03678767455775998	0.3156549258783642	0.2514849725620783	0.15205845563209375	0.30953048210211875	0.2938092536586316	0.33151286065614255	0.3637345436485767	0.2188121586664832	0.31655718768468605	0.2615875706661974	0.4593742951186952	0.28773949241610264	0.4345757660782728	0.2156132304440693	0.4479593162053806	0.3122646087879426	0.32875139270346043	0.2276707291285525	0.44394014997721953	0.3909937867062405	0.454657926585649	0.32258593702692767	0.2933854640223289	0.2872336789792252	0.29452012659694576	0.3357917689194569	0.45871810471409746	0.3643633927863162	0.4400166781830623	0.3014101258452219	0.04144936055708966	0.20239372791811094	0.1647037915540291
Carbon.total	-0.3079811943245352	-0.06707304070393456	-0.20689508038134133	-0.22671114521709548	-0.24713890480370207	-0.12770194833493545	-0.1855853423167615	-0.14851379532324008	-0.12248120476370661	-0.2491589200274473	-0.27413882659714167	-0.4650018143224206	-0.41013421771689024	-0.34320343160617717	-0.37969173476749046	-0.333473217429827	-0.39728862794898934	-0.39620749304050595	-0.4288264712661946	-0.3307988310772629	-0.3824799247946318	-0.3448535848875465	-0.33856593186715644	-0.348609106148594	-0.3494199573299565	-0.2364129084748014	-0.25221739378170943	-0.2121300494118923	-0.20841720452881132	-0.21794826227465144	-0.2669122932614898	-0.2513496407630583	-0.35885143686054155	-0.2978526672871648	-0.287112445498942	-0.04052833360880373	0.006202300264457152	-0.24365366726977547	-0.030627413920587727	-0.1429089643503132	-0.06654669870901504	-0.18056375517604273	0.023571586096801607	0.0474845832173348	0.03210686169009127	0.02653048163580869	-0.1678888709200076	0.005562154594960428	0.01883450814252585	-0.0017070551186579319	0.21296935151189914	-0.1079143344178256	0.001322967716959897	0.05024432232583179	-0.02899148609854054	0.18850156147780212	0.2613359132072072	0.02782499843412429	0.24742341399014506	0.10916617483817474	0.13788737720959443	0.0800324341464127	0.12984999269258002	0.2792884428717598	0.1360665184163593	0.37013222610300606	0.3464041599536608	0.31876409249072446	0.21282709691867766	0.3036424292312796	0.2503965349884743	0.2751772851276586	0.25123583708848113	0.37590776258779873	0.3246818835687386	0.33560703632814937	0.3819251318810679	0.2826598767311092	0.28761033657521723	0.23965631320025146	0.28748230744131786	0.3850831838505851	0.3191197289737782	0.3429758242570228	0.22545930479674633	0.05203673020042262	0.06394343965306169	0.09927948060928088
NPP 8d VGPM (mgC/m2/day)	-0.18635545606544518	-0.2904119590622962	-0.1781669978207004	-0.17289768783239032	-0.2339586004081948	-0.334180629000407	-0.07976943688875986	-0.20426616231679023	-0.04171537074078812	-0.11139766609089335	-0.2790755210240657	-0.4224601252130104	-0.40913223433882234	-0.3735891304622754	-0.3800706291333422	-0.3426288419628854	-0.3861253879109896	-0.4035042154545944	-0.39967592568609217	-0.45801559836183037	-0.46801615499457383	-0.3618939835281271	-0.34294425840584764	-0.3430246586756223	-0.35931499025920066	-0.3239636101028856	-0.3124849254335153	-0.25060145625155444	-0.14965582523137005	-0.17944721750095885	-0.3138455453835484	-0.2584064670558353	-0.2637499926777836	-0.29654711810971823	-0.2536071894139003	-0.12268462704003172	-0.08732087761144366	-0.11425496798596291	0.015795560692657206	-0.15529621338787097	-0.16558126328289405	-0.1724523940305613	0.023136723786699537	0.06315750422608277	0.04086807559008568	-0.07318898403950877	-0.10410598008594314	-0.11192336016249706	-0.040781490684174485	-0.11886870654380248	0.09802029812761319	-0.17660228487816232	-0.014744172549449798	-0.024324173924910257	-0.05470310662746789	0.21212065021016324	0.244738421194139	0.0589828748339357	0.1268963642489979	0.14020570121477638	0.11408798281027702	0.07999208378967436	0.10492853669209952	0.24379835650138884	0.18265085901967318	0.24911714357879103	0.28092472722888345	0.1556982147367444	0.1989721137839341	0.21892374996032882	0.2827430102530186	0.36995874905014153	0.3845173825154959	0.4103011305686235	0.21818777826008365	0.07710385871392224	0.39422107661368666	0.24292013817000382	0.2124113281085794	0.3422577637946945	0.38431328952299093	0.4113277801672849	0.40289193647707955	0.3059910574901754	0.26756591317401285	0.13831320255700305	0.16313833200897096	0.13965526859862662
Fluorescence	-0.35910231422381605	-0.27473692684457934	-0.10657306733230777	-0.15805037147817522	-0.2732461497156779	-0.1171904800296947	-0.17040352468245204	-0.3371745924170176	-0.15453689674245455	-0.10739194491015502	-0.14529827791546	-0.3817999209328641	-0.3695237562188122	-0.26524634568593947	-0.2970145963342185	-0.2718813537525992	-0.3322543279962773	-0.29443898138851093	-0.3013259517868159	-0.32685813472687364	-0.36870487864096496	-0.33711160183410627	-0.31682163518300227	-0.33640470751476803	-0.3961477759293329	-0.37066458566487287	-0.12252368271618702	-0.22037605379210448	-0.08203473581151766	-0.12369950693053179	-0.1124591873576884	-0.2223217629086988	-0.22549928786889237	-0.24912775541429666	-0.1681428626513011	-0.2025217230135718	0.11866725925128248	0.038165294290607096	0.04813880325156714	-0.00213468086532829	-0.021843734362916697	-0.08650006824456503	-0.24321363957428876	-0.10459236344742939	0.08503028797663408	-0.012920068450478765	0.12442039915718364	-0.029927525836536944	-0.09449987227430351	-0.023383504167415792	-0.031467295641036036	0.02937460849764863	-0.1363886099103357	0.020912873526560426	-0.2132231231548405	0.03786433928336409	0.006208071893594076	-0.14076295594584448	0.11289312248441087	0.07708647557615012	0.0011898221216583911	0.19074248400915372	-0.09281312444301132	0.10640509244454423	0.12306260214776171	0.23977015437513624	0.2362636785930724	0.0621997011481066	0.09113337556537594	0.13078244803122763	0.16483935652528486	0.2446274282129652	0.4330252627470862	0.5277630994457214	0.2679269449364992	0.25002362148236884	0.31805345102660154	0.17969813513870111	0.2973575450634024	0.2831076754181289	0.36400858073724274	0.32620723203679	0.30231980320608354	0.48956281038683025	0.3625457994229686	0.29356411218140915	0.4131832291300183	0.2604100687090809
ChlorophyllA	-0.14190516849033677	-0.2371042207976092	-0.18597629070956231	-0.21550971017979778	-0.3164706913479107	-0.1175229925846015	-0.10589169948671248	-0.210952188431184	-0.15806005637593176	-0.16002216561509922	-0.18948207667003447	-0.37827995962842836	-0.3777088557864805	-0.24645109852770672	-0.3362896910115476	-0.3065074738279883	-0.3292781190906033	-0.3237649879430866	-0.3074235017724988	-0.3518565115747408	-0.38809050582426574	-0.3036180276573411	-0.3368438313730416	-0.3434822067240001	-0.3384723254966157	-0.26128848943138233	-0.19025674227742911	-0.21108789627481517	-0.1495217712141367	-0.1652242996209611	-0.17703088201687373	-0.22520151201245783	-0.23081076954921326	-0.2383369003772591	-0.1539266216386654	-0.13016644001623973	0.07983013901604137	0.014204087633396794	0.04828371986527676	0.06556950644779826	0.02745822036137533	0.007209479192906414	-0.13569088015072567	-0.01678819115587384	0.10652500275699132	-0.05996024891104283	0.04303634991153782	-0.005009881227384379	-0.07645440640571578	0.011252442034418638	0.008600484590126004	-0.02223912287505955	-0.10430278681753076	0.07489942069744185	-0.10970282809535478	0.1532650459009634	0.23688935004519318	0.07012702819641203	0.12136239366066695	0.09998840828875617	-0.06536594468235149	0.06230120921368068	0.03932700218561891	0.11050576617017259	0.030726517595492903	0.2849808171319924	0.19704213445898808	0.09190248260573172	0.039276111744257214	0.22862813506414512	0.1836070579395013	0.2498437946184862	0.37079906474825963	0.38124856870786045	0.166072473643656	0.21454844628741024	0.4120938306665306	0.21747181941896523	0.1865304310710563	0.21881758886830777	0.2404969168883887	0.30517301336561503	0.38866726415969827	0.4198631047144157	0.21804292326091312	0.06580134068066819	0.2089165707767163	0.1335252091461114
NO2	-0.3184761860681082	-0.2708756128798373	-0.18024054029502312	-0.13628834959720124	-0.2786498757735957	-0.2156723776102423	-0.1448683902189115	-0.08536021282868447	-0.0651710042005558	-0.13734779809136025	-0.18319505863084684	-0.34342545201506397	-0.3279366134666548	-0.2470081781417059	-0.3229154244767322	-0.3026292240850537	-0.28009729132195377	-0.29170645932837214	-0.3155962767811689	-0.2810672089574514	-0.34623821315800724	-0.3722320057893451	-0.31760326019616025	-0.30220395250641247	-0.2386818082862027	-0.1374597116646869	-0.32702638307026466	-0.28860272289477956	-0.1290438109505224	-0.1729437753141252	-0.13599737430655193	-0.14025755099785328	-0.2801868221806151	-0.22662498598647768	-0.16637071810740628	-0.2599603090280442	-0.013429628799198677	-0.006796884353372219	0.034521606918829044	-0.039796466674958744	0.0929927185295624	-0.01353408146763689	-0.05298734651772723	-0.030604631852396095	0.13075981907486445	-0.08318908950614735	-0.00033574071997996693	-0.13873552640061076	0.03268622431627189	-0.0616718398078757	0.13140891780015906	-0.0017756953634496028	-0.04027396458781914	-0.05770263840722365	-0.07410916825691137	0.1324758271992065	0.06980422613627935	0.05741166311657434	0.09526083361564928	0.11624089816195299	0.09970007202427329	0.12744717730439545	-0.015623134836401128	0.13281156791918647	0.028746866535173613	0.3520204144465511	0.2771054684616878	0.19980303291252255	0.1387579091152761	0.27594902820397904	0.20066849787958202	0.2514101120258877	0.24625462674797308	0.2549615027527869	0.09861077991056051	0.23317566047853125	0.3355989627870865	0.20319774463676443	0.21409066577389224	0.1610809365414997	0.20135490112931884	0.30220395250641247	0.2785752667247112	0.40364987627458154	0.18203115746824963	0.0674241974768658	0.1260370662804796	0.04116927317443239
Longitude	0.16305862861634687	0.13076581632561077	-0.02836293931891653	0.04940896406871862	0.09724597894870941	0.0869548008066783	-0.026938006960789143	-0.015691219419855136	-0.12031065787252532	-0.13237169247524638	-0.14006180361434656	-0.13621674804479647	-0.1408025422608334	-0.19453153935181125	-0.12593687888973462	-0.16624210844819495	-0.17341766068019357	-0.16592545681305554	-0.18317731643466925	-0.10710741558590847	-0.11052838414411112	-0.042295611265050964	-0.10469860136145503	-0.11452045654426166	-0.06824408186602943	-0.0936384121055139	-0.1312747207392277	-0.18845295885583135	-0.19260901156703622	-0.055510162538637074	-0.26259467742633247	-0.13691225074340627	-0.16208040124350545	-0.15246776231963025	-0.15365520595140306	0.16395769308040345	-0.22843588228566764	-0.26898425506396717	-0.16098342950748676	-0.09049451372805824	-0.026966279428212305	-0.12662672709485978	0.19795816240349856	0.035606345472730734	0.030788717023823863	0.0692845086672018	0.07606990084876078	0.14963486108382937	0.0190273705757883	0.2082549950390143	0.22431941102885516	-0.17475777563605147	0.16305862861634687	0.185258170037014	0.2858289911546873	0.21925863936010911	0.27530032428630163	0.1434262272377029	0.18887139137369416	0.160225727380546	0.29023949607270066	0.02888880721298735	0.1073562132992323	0.14810249334949396	0.16011263751085336	0.05960401582151099	0.02262362843201456	0.17514793568649112	0.1919078543749418	0.13018905799017827	0.14685850478287482	0.10075741940266619	0.01093579039927922	-0.12418964040298319	0.036675044741326275	-0.005162552551469456	0.09906672585076108	0.17185136598495038	0.09832033271078959	0.07619995419890732	-0.01656201141648854	0.0260954874315789	0.05217966587618854	-0.058659715409577366	-0.24719183717419357	-0.15942278930572817	-0.14538833647687036	-0.11275060008357168
Iron.5m	0.1986297702251125	0.09468335733057336	0.10694361646529729	0.07094324300973796	0.13128317150028432	0.15233711280959117	-0.1170040412811063	-0.03459225328741069	-0.12484201137369272	-0.05550481706979499	-0.19875983754988125	-0.15001852136806126	-0.1493116337334485	-0.2045959018612443	-0.12191832411693429	-0.1459581587948455	-0.1867879885700793	-0.17170583399798117	-0.17884257155703173	-0.07823266829786488	-0.09311689433227144	-0.049657442556278124	-0.09129029668443203	-0.08201027581723555	-0.11461758862665357	-0.12414643394123376	-0.11285885219173698	-0.09155608643504644	-0.1483050257417599	-0.01999643740792614	-0.1883544515683812	-0.1196110428775582	-0.16025990941833113	-0.16080279912171375	-0.1699923383716798	0.11696445557356798	-0.22347828435702072	-0.2835015271872605	-0.23079598515053215	-0.15997715436448603	-0.0832091572455388	-0.15597899790311617	0.1498319030325235	0.05571405580964037	0.09963157077286276	0.1400655434727134	0.10961847927467203	0.21228118422475437	0.11876277771602287	0.18774935575315269	0.20596443632185463	-0.04128789296246288	0.19105758988314045	0.21173263942029485	0.25969920675457925	0.22556501665439763	0.16731747556230506	0.08514885691491626	0.18086144264148582	0.1201200019744794	0.36362865434588765	0.15808269550372378	0.14844074816760555	0.2366603249672797	0.15393185131327758	-0.0731148018232684	-0.008516582221814697	0.1126383032497378	0.21040369066722284	0.08771627280382985	0.19261839778036546	0.07889431512386244	-0.09819517509932961	-0.03739152832047728	0.11410862952973237	0.022201926827917995	0.022111445210687558	0.049425583412125135	0.04791567142459225	0.11050067504266878	0.06548607047052735	0.04801746324397649	-0.05246237269042161	-0.002035836387684788	-0.1165233576895696	-0.10086438280762744	-0.09999349724178451	0.01573249119594189
Latitude	0.1275823364937627	-0.11178933619118415	0.12122103132355114	-0.0278879618662074	-0.030319394064599367	0.05536880020152126	-0.049160166355394795	-0.004122125750297079	0.07188557567013273	0.05146719969712485	-0.16972527643472857	-0.1222049131898772	-0.13892525042393544	-0.12017495002889413	-0.11831462167245005	-0.14748049906618438	-0.12904119581279785	-0.14674541491318216	-0.13256959974720853	-0.030285467103691573	-0.06261220635533547	-0.038563645565193524	-0.10015238859981052	-0.04457437213935785	-0.11025696845684876	-0.08784821077725023	-0.12347151973043487	-0.03175563540969602	-0.051110966607593004	-0.0078088555022774574	-0.06442729876390249	-0.06934105360204812	-0.11916279569514492	-0.12652494621213642	-0.08122114441326096	-0.012111925044082775	-0.17186832946540428	-0.11076021837698105	-0.12524703068460946	-0.16554095125610052	-0.07653356931450064	-0.10107972553129024	0.020746336595116575	0.07269982273191981	0.11912321424075249	0.08982162900338697	0.004823282942391507	0.103268014509843	0.18007865400509065	0.04936372812084156	0.1658180214368475	0.15914006463149657	0.21377943517350023	0.1727051945011299	0.16873574007491787	0.18906364415217167	0.1241217864811676	0.05078300598548432	0.10480038224417841	0.09536868711181143	0.25469535002830085	0.13653905417342052	0.14129448319399646	0.25338916203335077	0.0842745708949625	-0.06617453725065393	-0.02594847060097846	0.003907254997881045	0.10701128919666972	0.0400564318451365	0.12960099066777647	0.0858408655902057	-0.15878948603544935	0.022001634148704985	0.1869149366280113	0.000469322959224496	0.02692669797381988	-0.06705098374077197	-0.0948597826981945	0.022437030147021687	0.06161701550204015	0.04338692850758503	-0.10727705039044744	0.13043785570350208	0.11757953751944782	-0.045643071407953394	-0.01376303714159546	0.051693379436510145
Salinity	0.1919299297148447	0.09034158698565459	0.12163346545962421	0.05168757880928013	0.044811734171703865	0.08037839763416661	-0.15072009770937117	-0.021718848069844105	-0.10689789709981849	-0.049063901250204975	-0.16700499290363074	-0.1309633533313354	-0.13524944727482457	-0.19511905502372054	-0.13142702048617197	-0.14561975900616903	-0.14463587992151586	-0.14854877835013655	-0.1491707708749173	-0.06184302039570033	-0.11589982527664532	-0.10038393902211466	-0.10494144788550815	-0.07115029035741953	-0.06989499635286202	-0.09155164517022804	-0.16679012275870647	-0.1352720651848166	-0.10593663592515734	-0.07846718423984032	-0.13804275915883993	-0.0874464945066751	-0.15517582597780052	-0.14046287552798684	-0.14898982759498108	-0.12788731757241972	-0.08508292291250827	-0.26791479833306003	-0.2922064336644972	-0.2652458849540008	-0.1737225121712628	-0.16002736767109035	0.24379279732656303	0.03508603287513217	0.03214570457616864	0.00013005298245415633	0.09278432126479352	0.11445227903715557	0.19684932513811063	0.11187383729806447	0.14347105755692646	0.022363458504616882	0.19333224013435038	0.01090748709365511	0.10413851208079117	0.14115272178274366	-0.07401145597141096	0.09304442722970184	0.13159665481111218	0.06018060401128634	0.3512278697886922	0.2582456418114684	0.07473522909115583	0.31374999293190314	0.14829998134022426	-0.0949217137590401	0.07078840379754708	0.03251890009103709	0.1944292087689637	0.11793543717592776	0.20683513239959062	0.12925570112693738	-0.11350232681749042	0.053123816093773854	0.08330741697813414	0.0895160332709456	0.04170177154780012	0.048317510220468075	0.0533273772837021	0.15034690219450272	0.13969386658825791	0.12766113847249944	0.013056188542897694	0.08313778265319394	-0.08722031540675484	-0.019411821250657334	0.0208819854001391	0.09454851824417165
Brunt.Väisälä	-0.16152959909884917	0.12795861613856674	-0.022762734781614464	0.03168058974746711	-0.10470978024508547	-0.19406236610415684	0.01920999579118057	0.11700033675253245	0.042560852905670916	-0.1714076537918461	0.17559052385321847	-0.013088722530635684	-0.007243506691644782	-0.04360507010894034	-0.040976523355882824	-0.034801238860686076	-0.030810408744742595	-0.04584953697114013	-0.04394114001344084	-0.00295261416096871	0.013448797428314794	-0.13783667083156367	-0.034135100299979716	-0.07790220411287566	0.01635340160292629	0.06369124815114008	-0.25364876042175505	-0.15152551819166454	-0.10562196998587255	-0.1868488656539853	-0.10394162046337002	-0.044217197434994825	-0.18471242126108928	-0.08784027128881912	-0.19693096278900044	-0.2727327299987479	-0.0025805367667002953	-0.06469945786464158	-0.2013358790372749	-0.2593139388119064	-0.021268423956246153	-0.1375606134100097	0.45637092781509453	-0.14578832482197737	-0.03849200656189696	-0.12483196577705312	-0.041024533342240044	-0.2070190611723102	-0.13334773710716408	-0.03989029741455084	-0.039386192557800084	0.023128810927588228	-0.08961664078403607	-0.11154520205269391	0.009854049699818337	-0.06578568380597358	-0.17973138517652823	0.14219957834177557	0.08060876709376363	0.06607374372411685	0.11962288225729531	0.12469393706627613	-0.01814777484302719	0.1354781802517655	-0.05648975019755786	0.15920111476052426	0.25745355184056434	0.19768712007412656	0.17727087337572098	0.2261630432322496	0.0686362767459332	0.16232176387374322	0.011546401718910158	-0.12465192832821356	-0.10445172656841543	0.18306807922835466	0.007153487967225004	0.08332733257124092	-0.07840030772133176	0.028265879467810208	-0.07366532281685145	0.0545153395086174	0.07248907815109969	0.010424168287810263	-0.08810432621378379	-0.11014691120004004	0.10311344819870807	-0.05995247046357197
Si	-0.024900295922735995	-0.08382962435608045	-0.06828031559639507	-0.015804485346001027	-0.13893130399469028	-0.248039873401588	0.17908457457687416	0.016372459038122938	-0.0028974889801001882	-0.044878153180415416	-0.04361050175162159	-0.11566907712604502	-0.14115380974647168	-0.05979363622570389	-0.14719573279020332	-0.15425836217919753	-0.0900361774554996	-0.13526828525564316	-0.10758574139178824	-0.0773514316647769	-0.07399297852875168	-0.14661129609251267	-0.14295650885624991	-0.0834098177140773	0.020101329799445056	-0.03548600850344293	-0.2437677234564971	-0.09620157304099689	-0.06824738958525756	-0.09839938428442514	-0.0515785964468971	-0.08433174602592736	-0.14853746774405654	-0.07723619062579565	-0.05890463392499133	-0.18335672452196505	-0.10422728825576302	-0.07522770394640801	-0.024702739855910982	-0.020973869094588864	0.0686013442049857	0.011771048981657015	-0.05483004004672544	-0.002551765863156416	0.13743317048793394	-0.09982343426612211	-0.0007655297589469248	-0.0446805971135904	-0.07677522646987062	0.14838930069393777	0.09270318435763727	0.05791685359086626	-0.03060472735230824	0.18788405105337158	0.13316102054284304	0.18917639699051855	0.14108795772419666	0.14543419119434695	0.060888426096025836	0.1156773086288294	-0.05090361321857831	0.01638892204369169	0.04701011240156868	0.04021912260445887	-0.13096320929941477	0.2297000851979993	0.055974218933753636	0.06525112257174487	0.10374986109426924	0.16681140392537022	0.0793022978246739	0.05141396639120959	0.00940037617975686	-0.05422090884068165	-0.0862661491802556	0.037107614551964915	0.10948721853497899	0.07514538891856426	0.04496869971104355	-0.036144528726192976	-0.06646938498383245	0.004930670167840946	0.04857409793060003	0.13123484889129916	0.029649873029320678	-0.2050385028560102	-0.10202124550955038	-0.1442406232906125
Okubo.Weiss	0.041223149572438035	0.023268040313805236	-0.1574149106928913	-0.06389124307326105	-0.028921147396957277	-0.1289081595482001	-0.0005566516821484506	-0.0032285797564610133	-0.08077634409843072	-0.1346231168182575	0.15004236841376958	-0.04786585964607621	-0.02354636615487946	-0.029224213312793654	-0.055931124018538204	-0.03973256006801829	-0.02436278862203052	-0.014108027633117953	-0.012153561726907838	-0.06466437040957834	-0.031141569106860542	-0.03227342752722906	-0.07157922130560021	-0.07244512392227558	-0.016940766193384513	-0.002690483130384178	-0.09664091703966156	-0.05134184015015876	-0.14109264636856061	-0.14369653923727724	-0.09006005715292877	-0.1351241033321911	-0.07921771938841506	-0.03229816760199121	-0.022420692753201483	-0.05574557345782206	0.053512781710537714	-0.09949839567469028	0.029762309938870492	-0.1101984780093216	-0.06695901234376807	-0.06035959740096366	0.06280886480241685	-0.10709359862667135	-0.0733048415202604	-0.07322443627728341	-0.22313073427986116	-0.058689642354518304	-0.09939943537564166	0.10480514171117217	0.0168418058943359	-0.11705147871843809	-0.20796506845066115	0.00931463814795074	0.042330267918044395	0.02146201485616804	0.03477836009689708	0.04761845889845468	0.07653342127672141	-0.013198829885608818	0.04491560573068942	-0.09226192380676042	-0.0435734566748426	-0.07923008942579614	-0.08059079353771456	0.13080696028619535	0.041928241703159404	0.1872267007812861	0.09854590279634737	0.09341852230189109	0.07719521827660902	0.062190362933363004	0.07430681454812761	0.00838688534436999	-0.08453683546227803	0.06340262659670852	0.19427143706980926	0.2223328668687817	0.07708388794017933	0.03088798334054847	0.03083850319102416	0.049820325552286326	0.12771445094092618	-0.032205392321633136	-0.008776541521873904	-0.0033522801302717804	0.1427378613402438	-0.0832565365933366
PO4	-0.15359602310140327	-0.16421937916605364	-0.11849127918263874	-0.052444308264672224	-0.1325621185855771	-0.07064361536901717	0.03622836811791024	-0.046681478091780956	0.004800939759986226	0.048137082167946994	-0.06324642272464123	-0.056700460534163555	-0.06774943182576305	-0.015747763397117937	-0.04246788734498454	-0.0535849570728959	-0.004656230582823519	-0.025826331971273417	-0.0303038041587783	-0.10391821381190042	-0.16101024035485717	-0.1144904960493169	-0.09065604334016542	-0.08136060678359634	-0.02424304332702264	-0.02066787542064992	0.0021451007438236325	-0.07800675879523718	0.04422142208001496	6.809843631186135e-05	0.07604041644673218	0.04102079557335748	0.033504430665435785	0.01676923994179586	0.06105876045812268	-0.05965423020919054	0.12353056346971648	0.08708938773833168	0.21444197594605138	0.23988525421307058	0.16538556488789427	0.11740170420164897	-0.2378167642100978	-0.027920358887863154	0.08548907448500294	-0.06022455461330238	0.07648305628275928	-0.15791176150266747	-0.06242072918435991	-0.15489840569586763	-0.1007856857415548	-0.1573159001849387	-0.12348800194702157	-0.019637886571433016	-0.15812456911614206	-0.06683010293555293	0.10998748694819506	-0.030090996545303735	-0.08903019317321974	0.0036347540381455995	-0.17611958091155142	-0.12865497080218405	-0.18622368639932385	-0.1639980592480401	0.040705840305415124	0.22643581304147797	0.06194404013017688	-0.1132647241957034	-0.08208415266940987	0.026362607157229326	-0.02223413945582273	-0.005252091900552307	0.1632489764486096	0.14266622407334953	-0.05615567304366867	-0.0016854362987185683	0.1935612929119269	0.11125582032450348	0.05798581851954994	-0.041029307877896465	0.03961626532442534	-0.012521599976843505	0.12393915408758766	0.13185559730884153	0.08052640093877604	0.0787303046810507	0.03940345771095077	-0.017782204181934796
NO2NO3	-0.27036883108547516	-0.2178492493559254	-0.13944854459225273	-0.13129895432387434	-0.2276205257686175	-0.1693550713043929	-0.14785332405085308	-0.10826607192900284	-0.0782525303951567	-0.10227324191346801	-0.11859711817831081	-0.19170470522221852	-0.1959441385436477	-0.14193458121957625	-0.18248496673678033	-0.20137719872256662	-0.1538626178851119	-0.14851187679981295	-0.15477635982429375	-0.1816453119818565	-0.24150775686230877	-0.23920282224094924	-0.21644982476438568	-0.18911988568255103	-0.09899694198739264	-0.09418950691998558	-0.21508332781029396	-0.1959029789968377	-0.06633272563898303	-0.1268701870871192	-0.0296760332500042	-0.08093613284716818	-0.11503270142456551	-0.09716122619966701	-0.06723823566880285	-0.17175055692873442	0.07042398459189624	0.07442469254182744	0.07598052341124514	0.08048337783225827	0.08451701341963748	0.05240433499848175	-0.18605761539988763	0.011113077638697828	0.16293418200203413	-0.08983482686748843	0.08502739180008137	-0.1365838401342773	0.030137020174276108	-0.10837308675070881	0.08450054960091348	-0.17159415065085645	-0.04460048492330728	-0.08069740747567022	-0.1295373257204067	0.03896162701033838	-0.03891223555416639	-0.0004198273774619179	-0.01887576816706231	-0.0034244742945913303	-0.09537490186811336	-0.01908156590111227	-0.12673847653732723	0.01861234706747836	-0.0033915466571433368	0.31887124104636966	0.20080919697658875	0.08604814856096918	0.09404956446083161	0.1494173868296328	0.13206452189454018	0.1477545411385091	0.22023650307090495	0.13219623244433215	0.05251958172954973	0.17506801640161979	0.30215223313215095	0.2296620392903931	0.08261544235701584	0.07544544930271525	0.11624279210077927	0.11971665785154259	0.2005046163301948	0.26826146228880354	0.10613400740424525	0.07504208574397733	0.08102668385015016	-0.05233024781422377
Ammonium.5m	-0.009229124957504373	-0.2546096157853673	-0.15099685385436534	-0.21914082183103673	-0.2794468197151217	-0.04130485826569359	-0.06887913111666866	-0.06635130093529339	-0.045659286094908276	-0.056828110721790094	-0.10868538759698317	-0.1624823641415537	-0.21708236503904432	-0.15271600458174361	-0.17111770348598335	-0.17874643483872438	-0.15026734581544496	-0.1482710951352985	-0.1655983248349268	-0.24782914959416152	-0.2557915319104398	-0.1865448192237725	-0.22644721242239435	-0.21171567411706416	-0.22716541025916093	-0.12447442980369408	-0.04460178219352756	-0.28380690264541325	-0.11844609205571635	-0.07840232133017194	-0.15978488092787135	-0.08873419099767225	-0.08604236288506681	-0.1312266204895153	-0.0932865473645785	0.01815852955793293	0.06748797625175072	0.052411476780729487	0.0842157652372274	0.17917056741949206	0.04034349108262022	0.015924764632556564	-0.07865680087863254	-0.019419617098082115	0.13236329580597264	0.029847623483889755	0.030424443793733776	-0.2397197346498838	-0.22174216832641172	-0.127137982410915	-0.030577131522810136	-0.12329816877969843	-0.08898301544505595	0.17098198106013768	-0.10248739681669837	0.07934672321001461	0.295903163848907	0.1526481433688208	0.02913508074820008	0.1118635544022022	-0.11331126027788917	-0.14124180449670906	-0.10227250297577609	-0.004269601313061153	0.1312322755905922	0.1860358601268513	0.14887619095052704	0.07617421150587249	0.08083401479323989	0.09149388032320052	0.19785502137757688	0.11913601438709842	0.22978937715884354	0.220628113414262	0.047220093992133276	-0.06476221753268387	0.26050788620857623	0.09166918845658449	0.10161651125085544	0.08812909518244372	0.16343242112247328	0.10542804937668751	0.20288806133601983	0.21350268605736525	0.217794907774734	0.03322937392787726	0.07604979928218064	0.06468304611760724
NO3	-0.11285211655047345	-0.3595139754786674	-0.23123320008144063	-0.3608251929443972	-0.15712755964328118	-0.22454599100621894	-0.13750300490619266	-0.16215389326191187	0.020476846089812862	-0.20577372762185475	-0.021372844691394853	-0.19891168955120242	-0.1957429140090222	-0.19482506178301137	-0.22426189388864415	-0.25970847271220493	-0.19200594423169243	-0.19185296886069061	-0.19113179925453924	-0.22419633301535768	-0.22799886366597394	-0.26106339742679235	-0.2956358312732	-0.23835748164523893	-0.10078891586575978	-0.21943224288987292	-0.18311151908915899	-0.11713542693852394	-0.12863043338808805	-0.2299219826157109	0.03811272100387794	-0.1535435652369532	-0.13826788176120167	-0.18389824956859682	-0.14176446166981432	-0.15704014514556586	0.18855307157193743	0.013155881906155114	0.010686422345697427	0.04036364432004733	0.03824384275045092	0.03278043664324364	-0.33894971489113923	0.18977687453995185	-0.05323542910862767	-0.18293669009372834	-0.042483445889643756	-0.02340523176327596	0.01665246181476777	-0.05887366421126558	0.1945409646654366	-0.1524071767666541	-0.002819117551318953	-0.034812823715124744	-0.12519941435276188	0.19976398090392675	0.07836709720178113	0.00843549902952803	-0.044712515581384324	0.07996241178508566	-0.12150615182428977	0.09252824583166239	0.1464629909220126	-0.0008085841038666764	0.05754059312110701	0.33307108991978424	0.08295635833183523	-0.1007233549924733	0.10271203481549675	0.17225026774803093	0.160733407674038	0.23228217405402443	0.09838501717858858	0.23977796723311282	0.2795734173180106	0.26407919759797077	0.3278917809301517	0.20898621041289261	0.10494110450723731	0.10955221926172025	0.15048405781691715	0.2211368255953216	0.19288008920884558	0.3947201644335111	0.3927533382349165	-0.04716012151741319	0.179658646429404	-0.11060119323430405
Mean Flux at 150m	0.03511527327096881	-0.28430947387646544	-0.17504893401265662	-0.23278519440410936	-0.22856573566660976	-0.141000246144778	0.015260375767290186	0.0008556124662151948	0.16077309861744968	-0.0949847044686019	-0.21646995395244426	-0.20900385613081304	-0.20418664073883436	-0.23493008592900497	-0.23890340957348374	-0.2175482600742497	-0.20721058616737573	-0.26899049451559887	-0.2823169516948684	-0.29554964312441573	-0.23455502293011612	-0.2008462359049805	-0.22662009635987385	-0.2495223807295244	-0.13640572440838955	-0.1883519497544956	-0.13423739144606336	-0.07784901370686745	-0.11526154784603047	-0.12520071731658508	-0.1608082607735955	-0.11869571842960654	-0.17055989874470567	-0.23005426694344988	-0.18219857242897536	-0.07229339303582631	-0.16464093579349096	-0.049273901479023	0.0801228331376311	-0.050539739100272874	0.014170348926769457	-0.0774153471144022	0.038959669009579555	0.059635016823327544	-0.09029641698249123	-0.13263165298207047	-0.007067593385311814	-0.2072691897609521	-0.1286466086188764	-0.11605855671866928	0.12371218603974493	-0.11523810640859992	0.030063643504684583	0.09253507425710908	0.0621666920658273	0.33890458165222404	0.38501388907812234	-0.03523248045812158	0.12228225835648118	0.16801650278349065	0.12743937459120291	0.0032700805215621826	0.3155920721275388	0.13109623883036922	0.1689307188432822	0.17659606888307314	0.14170348926769458	0.02825865282253198	0.03924096625874619	0.14461022750908317	0.1460049930362011	0.1739471864534206	0.11603511528123873	0.13321768891783428	0.2092382705051186	0.0468125505488149	0.15030649680470765	-0.03648659736065618	0.1306977343940498	0.10754931493137845	0.1611598823350538	0.3140918201319834	0.18912551718970386	0.21587219729796517	0.27543688980900105	-0.11911766430335649	-0.05380981962183506	-0.11133510707641281
Lyapunov	-0.13728711466308682	0.0530086343794318	-0.21738788475208565	-0.07011835201081275	0.08020573768182937	0.012050279656948059	-0.21611777687883588	-0.111738002568129	-0.23187341256270264	-0.18217125735743342	-0.1393549762418488	-0.20263993795939225	-0.1761461175289594	-0.24042827137839312	-0.1725562258541543	-0.14511769708824646	-0.2603826107754822	-0.20832918149080848	-0.18569816847654017	-0.23489647923622273	-0.2378985523911767	-0.09315873863712024	-0.13459994428662453	-0.20104443054836776	-0.1822972184688301	-0.2084446458429221	-0.13469441512017205	0.049681161686703106	-0.19045320043176445	-0.10963865071151785	-0.06216180847425645	-0.2712152663555958	-0.18433358976974293	-0.15152072025091048	-0.13471540863873815	0.0237961532946875	-0.06556275848196653	-0.09704253957185088	-0.15843808461844427	-0.06714776913370796	-0.1054189534797294	-0.13804288133146683	0.023386779682648323	-0.15186711330725133	-0.05884483254081082	-0.04779174501575306	-0.10168210717496154	0.08023722795967854	-0.04292124870841517	-0.07206025247817807	-0.008680819927087148	-0.22132416948323155	-0.20704857685827568	-0.07678379415555318	-0.0793450034206188	0.09693757197902032	0.1156323002621427	-0.13693022484746292	0.02799485700790982	-0.07143044692119473	0.07614349183928679	0.024436455610953905	0.03477576350476387	0.14317579662088112	-0.11849791554641693	0.12871126232883023	0.08805731362555512	0.18749311431394272	0.24396567925678292	0.18292702402581346	0.1932453384010573	0.1692602434392748	0.12780854103048744	0.1191487146219664	0.0612485904166306	0.11997795860532781	0.2670270594016565	0.2608549649432197	0.17448762956223657	0.3540032068210569	0.2978035576195761	0.23033038894809343	0.32127431137648893	-0.016983756519984287	-0.0802477247189616	0.12295903824171565	0.11301860720066181	0.15785026609859315
Alkalinity.total	-0.08652843997498089	-0.09634023858138922	0.11726295895463627	0.1340489976854603	0.05319567467446474	-0.08163963439757185	0.1494675383526734	-0.18847542061717487	0.06762277924555993	0.03052939427011376	-0.18269774129841873	-0.2119621998596924	-0.20485120992891562	-0.01360660573292864	-0.12714313246422518	-0.12953625407554428	-0.1114169047326996	-0.13616861968405722	-0.12410044927269087	-0.05904172889640141	-0.13914292797241098	-0.09128049574602883	-0.12615169636810725	-0.07569101782086435	-0.16423651743967133	-0.06560571960173382	-0.1144595879242339	-0.2032102122525825	0.07138339892048996	0.03893950736132091	-0.12881831759214854	-0.09500692796936858	-0.11165621689383151	-0.027110649111086463	-0.06786209140669185	-0.06485359566674782	-0.03394813942914106	-0.021709031759823333	0.02430727808068408	0.08328063207390494	0.03702501007226562	0.0024273090629093807	-0.06440915879607427	0.13295499923457157	0.09688723780683359	0.1933984136461742	0.16837319908209436	-0.01336729357179673	0.15538196747779065	0.1688518234043582	0.027384148723808645	0.03798225871679327	-0.036854072814314257	0.21873131527456643	0.06153741286249134	-0.053947798609450745	0.030084957399440213	0.17989437026801636	0.10981009450795677	0.024136340822732714	0.028512334626287654	0.08307550736436331	-0.08232338342937731	-0.08987881023082764	-0.06068272657273452	0.15069828660992324	-0.07548589311132271	-0.007931488768943328	-0.032888328429842593	0.02420471572591326	-0.005538367157624221	-0.043144563906924484	0.2204406878540801	0.19685134625679174	-0.03193107978531495	0.004991367932179853	0.03880275755495982	0.046153059646868506	0.1532623454791937	0.00899129976824179	-0.0028717459335829295	0.04697355848503506	0.04813593183910434	0.26252544076170614	0.117604833470539	0.06362284740949799	0.18686861039243205	0.08187894655870376
Gradient.Surface.temp(SST)	-0.15485283797479082	-0.26941411836309137	-0.004991307437355038	-0.06182931126599892	-0.031980477407837236	-0.009068221330177121	-0.08330882331846728	-0.07473565581813284	0.0032207619753294465	-0.07962212832681531	-0.10191702315784808	-0.16764852343554815	-0.1776486107983703	-0.11857995265408235	-0.13072333189198812	-0.10678602317841845	-0.1750219134188521	-0.08482310562151549	-0.12860333666772064	-0.11904588567040486	-0.08970957813019795	-0.03380344033419911	-0.10302361407161408	-0.07862037234172188	-0.18777100557797713	-0.14621560468471204	-0.01616787566639158	-0.05367548348035476	-0.014676890014159503	0.028596638876794905	0.07186434360504529	-0.04910933992039402	-0.07920861277482907	-0.050099447580079386	-0.06966863426562539	0.16229611791054316	0.039045186767827506	0.10089779468464255	0.1333209084579862	0.006546358879331461	-0.047950331542291745	-0.08579574079308874	-0.22895948422088827	0.16688555812132	0.2991231723163563	0.05965689857739516	-0.08067047761354099	0.10308767986135842	0.23763748664989526	-0.04124672026995143	0.12128236414875297	0.06990742493649069	-0.1225054383165996	0.1097505219947705	-0.04649429086628386	0.0315494893677389	0.09122386043324615	-0.19413681541348363	-0.14950625661248987	-0.1755810330384391	0.1154523772820174	-0.1704091765572591	0.15050218843487925	0.0381948590130389	-0.04503242602757194	-0.006726907923156439	0.002754828959006923	0.026039831449725055	0.006476468926883082	-0.08175377187649085	0.0852307970107977	0.12002434500468216	0.2019411934368859	0.28211079305788017	0.15993150785270635	0.12614554000661932	0.1666234707996386	0.16601193371571527	0.02064083262308781	0.13989056398813376	0.1722787327852532	0.06272040815971575	0.1461923080338959	0.11496314761487875	0.20277404870356242	0.13852188575268637	0.24822581444582462	0.20201108338933427
Density	-0.1198136284216657	-0.04499708794408853	0.20780430984274897	0.09435061153174142	-0.07276645311589983	0.09750728013977869	-0.3510658124635993	-0.12665113570180547	-0.1840768782760629	-0.09814793244030286	-0.3223645894001165	-0.2720442632498544	-0.23214909726266744	-0.18979615608619685	-0.14199184624344788	-0.1417705299941759	-0.23090273733255678	-0.176924868957484	-0.18244612696563775	-0.13699475829935934	-0.21357018054746651	-0.10958648806057077	-0.09836924868957483	-0.13584158415841585	-0.29440885264997085	-0.19015725101921957	-0.1425160163075131	-0.06320326150262084	-0.037472335468841	0.036994758299359345	-0.023471170646476414	-0.06729178800232964	-0.14467093768200348	-0.09643564356435644	-0.11510774606872452	0.008957483983692487	-0.013383808969132207	-0.028829353523587654	-0.07246359930110659	-0.04259755387303436	-0.07476994758299359	-0.0629004076878276	0.04198019801980198	0.10352941176470588	0.1553290623179965	0.24531158998252767	0.20704717530576586	0.13598136284216658	0.17762376237623761	0.014536983110075714	0.01967384973791497	-0.024100174723354687	-0.07645894001164823	-0.03234711706464764	-0.03169481654047758	-0.09066977285963891	-0.11097262667443215	-0.012510192195690157	-0.04069889341875364	-0.14491555037856726	0.26941176470588235	0.13291788002329644	0.0033896330809551544	0.25407105416424	0.09668025626092021	-0.09440885264997088	0.09846243447874199	0.13423412929528247	0.07135701805474665	0.061234711706464766	0.14277227722772276	0.14123471170646476	0.2500873616773442	0.260768782760629	0.14393709959231218	0.24906231799650552	0.1439138031450204	0.09381479324403029	0.06478741991846243	0.24434478741991847	0.26161910308677927	0.1273849737914968	0.17002912055911473	0.19493302271403612	0.026068724519510776	0.32104834012813044	0.27486313337216073	0.21725101921956902
HCO3	-0.42058823529411765	-0.1	0.07058823529411765	-0.1323529411764706	-0.09705882352941177	-0.11176470588235295	-0.3941176470588235	-0.11176470588235295	0.061764705882352944	-0.07941176470588235	0.22647058823529412	0.1323529411764706	0.22058823529411764	0.08823529411764706	0.23823529411764705	0.2529411764705882	0.15294117647058825	0.2088235294117647	0.22058823529411764	0.09411764705882353	0.011764705882352941	0.04411764705882353	0.0029411764705882353	0.14705882352941177	0.07058823529411765	0.36470588235294116	0.5	0.1588235294117647	0.1676470588235294	0.36470588235294116	0.25882352941176473	0.047058823529411764	0.2735294117647059	0.27647058823529413	0.3	0.55	0.2647058823529412	0.47941176470588237	0.3352941176470588	0.3235294117647059	0.026470588235294117	0.03823529411764706	-0.11764705882352941	0.5176470588235295	0.17058823529411765	0.20588235294117646	-0.24411764705882352	-0.16176470588235295	0.008823529411764706	0.4088235294117647	0.2411764705882353	0.07647058823529412	0.08235294117647059	-0.3588235294117647	-0.6205882352941177	-0.42058823529411765	-0.34411764705882353	-0.16470588235294117	-0.42058823529411765	-0.10588235294117647	-0.43529411764705883	-0.45	-0.26176470588235295	0.05588235294117647	-0.061764705882352944	-0.19117647058823528	-0.6411764705882353	-0.34705882352941175	-0.19411764705882353	-0.49411764705882355	-0.31470588235294117	-0.20588235294117646	0.43529411764705883	0.37941176470588234	-0.08235294117647059	-0.08529411764705883	-0.07352941176470588	0.06470588235294118	0.3352941176470588	0.09411764705882353	0.18235294117647058	0.12058823529411765	0.2911764705882353	0.12352941176470589	0.06470588235294118	0.6235294117647059	0.020588235294117647	-0.026470588235294117
Temperature	0.39721008080248343	0.22719125139241508	-0.18462434478741993	-0.13657259500935817	0.13841595467370837	-0.001724615636892073	0.2971032111777711	0.17789551656479183	0.12500353404843625	0.045625978931416844	0.2949318918185365	0.3009143290114277	0.23557118704446114	0.12867894442214067	0.13483101593997207	0.09624486149357368	0.21634596355123806	0.18083584486375537	0.14613997093598566	0.16832814063816434	0.2343724378148837	0.10826628065433613	0.06305307858027379	0.14478289633646402	0.3437413415813312	0.23223504532063716	0.0987554495026887	-0.06688681432392239	-0.07724581710027086	-0.12833967577226027	-0.07783388276006356	0.03498425228016805	0.10661517322491815	0.04679080129600624	0.04347727748217426	-0.028662546437396453	-0.026536462898145898	-0.115639719311737	-0.15197539171392868	-0.09000231833577418	-0.057217657802330776	-0.01537452431708048	0.07414716343136313	-0.06543926808443266	-0.17489864349084822	-0.2921951247095012	-0.1865921029567263	-0.06290606216532561	-0.12090969233987933	0.10084760617695122	0.10952157465889364	0.05742121899225902	0.22651271409265428	0.08921069148605323	0.11999366698520224	0.16167847510050834	0.09990896291228209	0.142260999372353	0.09861974204273655	0.1931739147644062	-0.11420348202724327	-0.060621653256130864	0.04133988498792769	-0.0924337436599171	-0.06939740233303741	0.009075436384300908	-0.115639719311737	-0.12340897139399834	0.0612323368259156	-0.0034888126162701937	-0.02441037935889534	-0.09722874057822686	-0.4183917535100169	-0.3398962968826866	-0.13883438600856088	-0.1914323356950201	-0.1336096488004026	-0.05402853249345494	-0.05521597276803637	-0.21844942918049656	-0.285319280071925	-0.13800883229385189	-0.1934227117743185	-0.19529999830365674	-0.11519867006689247	-0.4223159608936336	-0.3180926316503723	-0.27139795647183224
FluxAttenuation	0.12432747805986527	-0.0859856098260747	0.28852012765613155	0.20049264319038754	0.10300123182331904	0.11962792531776922	0.22645362075189746	0.2340377265563835	0.07914695031861078	0.19922862555630652	0.19238996604884262	0.3632916323183081	0.3559992228909177	0.3609904720101093	0.3693848455287499	0.36322681090117576	0.3688338634831248	0.3736630590594856	0.3506838666860642	0.36034225783878576	0.3474427958294462	0.3588513652447415	0.32426913920462774	0.28482530687958707	0.12241524625446067	0.24755299202848044	0.3009010183284122	0.22979192373421398	0.32776949572977515	0.24356647487484034	0.3015492324997358	0.3439424393042988	0.3823815396637879	0.3731120770138605	0.31457833734334	0.2289492453114933	0.04735204521518852	0.27568548706392443	0.10212614269203218	0.2868671815192564	0.29490503724366895	0.28275102153135157	-0.28420950341682966	-0.07678096859327968	0.20551630301814539	0.27944512925760123	0.15278408018097103	-0.14273676052545534	0.1005056072637232	-0.24995138446237772	-0.18389836040450352	0.11800738988946023	-0.05555195448243198	0.07409087978228676	0.07564659379346339	-0.2110585341829621	-0.10851105227956959	0.025377584807318693	-0.1429312247768524	-0.26064691828921704	-0.17391586216612018	-0.37645037999617703	-0.017210086248641412	-0.3529202055771306	-0.1431256890282495	-0.417028587121034	-0.04518052774125448	-0.08303623534655236	-0.29205289488984515	-0.3082258384643688	-0.2503079022566057	-0.3238477999932674	-0.17132300548082582	-0.25740584743259903	-0.2524470090219736	-0.2732546839214609	-0.2107668378058665	-0.34705386732665205	-0.24214040369792844	-0.39187787727367857	-0.30543851752767737	-0.3846826999719867	-0.39547546592452454	-0.2439554033776345	-0.08242043188379494	-0.1978349650879608	-0.23795942229289124	0.0014908925940442656
Oxygen	-0.33499728703201304	-0.12852685838307107	0.14484536082474228	0.11615572436245253	-0.04953879544221378	0.05244167118827998	-0.1840748779164406	-0.07897449810092241	0.016006511123168747	0.05377102550189908	-0.2972056429734129	-0.0814026044492675	-0.02665491047205643	-0.0005018990775908844	0.04989148128052089	0.08685567010309278	-0.05651112316874661	-0.0067959848073792725	0.007107976125881715	-0.07287032013022246	-0.06551817688551276	0.07696690179055887	0.09556429734129138	0.013686923494302767	-0.18746608790016278	-0.08315246880086814	0.07730602278893109	0.2106348345089528	0.22122897449810092	0.17839120998372218	0.17231416169289202	0.036909929462832336	0.10836950623982637	0.10998372219207814	0.07951709169831796	0.20096310363537712	0.08648941942485079	0.25427292457948997	0.16239826370048832	0.19100651112316874	0.14403147042864894	0.05704015192620727	-0.09721920781334781	0.04876559956592512	0.12586814975583288	0.25590070537167664	0.06262886597938144	0.01420238741182854	0.027590884427563755	-0.28965002712967985	-0.21393109061313076	-0.1984264785675529	-0.3133206728160608	-0.2581931633206728	-0.18521432447097125	-0.31346988605534454	-0.1259902333152469	-0.31620998372219206	-0.19845360824742267	-0.3364758545849159	-0.03917525773195876	-0.11701030927835052	-0.0023195876288659794	-0.05199403147042865	0.0032284319045035267	-0.14305480195333695	0.12797069994574065	-0.029476397178513292	-0.1446825827455236	-0.17845903418339665	-0.11230330982094411	-0.013619099294628323	0.39852143244709715	0.17769940314704286	0.04513022246337493	0.041589799240368965	0.07612588171459576	-0.05150569723277265	-0.04476397178513294	0.15390667390124796	0.1828269126424308	0.029028757460661966	0.07684481823114488	-0.011435160065111232	0.0439636462289745	0.4428648941942485	0.1986706456863809	0.2088307107976126
Nitracline	-0.014119823783305297	0.13385836391811065	0.09708596077210607	0.05700270239415406	0.09883876648313708	-0.028641332208721865	-0.049577622646036615	0.20645373378331133	0.044002726704007455	0.05885288620024234	0.2786839357920472	0.19924775474907278	0.21077488675147804	0.11423667776406915	0.13158215094614678	0.15873846720524515	0.1984200409410859	0.12668890166951857	0.1775324395512998	0.15474596530789675	0.1645568083849175	0.07680697247642795	0.17413637848617722	0.14314579973419853	0.15890887887159538	0.1969715417771089	0.035433454338967	0.1318742852313186	0.08351388877349797	0.013961584378837221	0.13982277224036893	0.12745575416809463	0.06301579976394096	0.12470482298272653	0.029675974468705443	-0.15124035388583476	0.220220561972034	-0.06736129725587199	-0.10005599267135305	-0.24681695418455302	-0.1201158802531523	-0.13768045414910882	0.30637583157396064	-0.15178810567053194	-0.0806899240168369	-0.05454390549395779	-0.13326192308588483	-0.1214791735839542	0.06812814975444806	-0.12453441131637628	-0.019938164962977654	0.04360104206189618	-0.09887528326878356	-0.3166979096500321	-0.1438152741377173	-0.1824865501373388	-0.29554251849883845	-0.02435669602620164	-0.05683229072780382	-0.1313995670179144	-0.006171336774254988	0.17727682205177445	0.03741753302575904	-0.09938651826783426	-0.13791172712486985	-0.10116366850262959	0.09174233780583796	-0.06451298797544662	0.023894150074679568	0.03304769101006369	0.02889694970824722	-0.08094554151636227	-0.21351364567496398	-0.14775908698753706	-0.1319351465407294	-0.0011563648788051751	-0.20009981308082395	-0.11727974323460909	-0.2128441712714452	0.017856708181128337	-0.05313192311562726	-0.05201207502246857	-0.09062248971267926	-0.169243129209549	-0.08124984806341626	0.013949412116955062	-0.015324877709639112	-0.06582759225871987
Depth.Max.O2	-0.11601662796941586	0.35461235795461543	0.20662242868028677	0.364803975652405	0.08729045519472249	0.2795463866383661	-0.08812952412164894	0.10243462607095599	-0.060829086352871244	0.034067562772932485	0.01586044922848779	0.17842834839583943	0.20062615561712943	0.2145219556508626	0.23598301942411964	0.2327904644826434	0.2077957608382652	0.19325189943820673	0.24309122935791933	0.28178390377683665	0.24075820843914822	0.20185406136385106	0.26919786987293987	0.24036254992076014	0.19035949923481799	0.13976296077129371	0.10957694449772017	0.2250751233740758	0.2253684564135704	0.1509437247650535	0.23768162237375123	0.1428463685352836	0.1542249617882374	0.24234766421129345	0.2518502903512003	0.08950750723741432	0.19553034676823466	0.14135923824203184	0.039061046142933806	0.10697787733382604	0.13195893758101843	0.04828398264053187	0.012238127275658968	-0.019462306085537923	0.008308828886149734	0.15244449845549105	-0.04067096701085773	0.22555264227557864	0.09995152778314113	-0.022688969519978664	-0.25215044508928786	0.0005798443803963279	-0.12065538301258648	-0.13729350588066463	-0.038003682861034616	-0.29891318894360347	-0.26318113171400387	-0.1331322697389969	-0.23534177975638723	-0.2559910613970894	-0.0640148195957546	-0.0417829038815001	-0.042396856754860913	-0.11590748079192949	-0.13533567838450292	-0.23809092428932513	-0.0383925196808298	-0.11324701834069928	-0.12278375297357065	-0.18833345475272728	-0.32124743013675144	-0.20902366658498683	-0.08677882780025514	-0.23974177534880642	-0.14264853927608956	-0.047554060891091786	-0.11607120155815905	-0.07184612958040147	-0.1882925245611699	-0.11070934646414124	-0.19784290259122705	-0.2627308996068726	-0.1020594326483466	-0.2172028831978715	-0.42535337236296744	0.18375609499689274	0.03817422532585707	0.012374561247516926
Residence.time	-0.09632361798460728	-0.005512174516921286	0.1148063129471582	0.1423197179363552	-0.11402903107232862	-0.01653059010133768	-0.01902857230975949	0.0681516001091043	0.06278776182783752	0.06659110291001895	-0.03853182057361339	0.11703728993140192	0.10975101403605278	0.10165185556931698	0.12449563586011025	0.1241870964899489	0.09910640576548574	0.09546920126723735	0.128209975200899	0.20696464943458706	0.15281005652184157	0.11796884149131218	0.1610753515725104	0.12116103728259706	0.11071816629252014	0.14577298550239198	0.07382397776053246	0.07917594914294687	0.17991405350063214	0.10536619491010571	0.08202993831693949	0.12392009126577079	0.09237194066677135	0.11658041432558605	0.12404469370372058	0.07542600910560107	0.023039584121857217	0.14176790713972046	0.1297823392988367	0.054012190126517194	0.026789524159203024	0.036211841847976975	-0.022926848582759795	0.11094363737071497	0.09479278803265283	0.09086484451252161	-0.0628530297715255	0.10317675207184526	-0.051757479344568764	-0.14060495105218915	-0.1667655295722171	0.041136604871706436	0.05623723366133472	-0.1864467813188564	-0.18173562247446942	-0.12512458149928535	-0.1479208941946692	-0.059298893565243635	-0.14831843530622324	-0.09647195422026178	-0.01758674409919773	-0.05866994792606855	0.12048462404801254	0.02153842141703366	-0.09651348836624504	-0.15358733839667116	0.07343830354783075	-0.050867461930641754	-0.16419041252125494	-0.06749298722279831	-0.26059116534840254	-0.02246997297694393	-0.07435205475946248	-0.12362341879446179	-0.0019343045129347034	-0.053596848666684585	-0.14409975276420922	-0.1825722388435608	-0.2190451524662897	-0.11312121331012306	-0.2233647036485488	-0.16677146302164328	-0.08026770383736401	-0.10543739630321987	-0.2688327266013667	0.08680636510501445	-0.076873770765589	0.008484832679437502
Depth.Min.O2	-0.051927968287059485	0.16376708389381547	0.037304574918864575	0.1545901584637748	0.011204937775629868	0.0009902668978462232	0.1898124598371682	0.16951198843132062	0.17684403306537383	0.1070166514672446	0.06847763425106486	0.22759182025500013	0.21471835058299923	0.16453352334214852	0.19348865612917268	0.21108285019090625	0.18293485275212662	0.167307627186115	0.18037101105770284	0.10217383937777745	0.17801743151282173	0.14225930079059373	0.192294909731769	0.2116390274896966	0.16330586369481861	0.08463390651592585	0.08771322960922849	0.08214467397133979	0.20517516205375516	0.07474480283743411	0.14037372409469476	0.16745684548579046	0.195082578875706	0.19904364646709086	0.18971072008738948	0.06536439790783598	-0.01838776411000761	0.19186760278269838	0.0899854173542866	0.07144843494460353	0.11534574564912926	0.09941330083378147	0.1388001492981172	-0.07221487439293657	0.1518567505197198	0.008451181881619137	-0.1918540374827279	-0.08146640897281499	-0.03838301626651902	-0.22891443700212352	-0.2519279684020703	-0.1781530845125267	-0.02261335505081718	-0.1266999017244346	-0.04130633841016096	-0.19960660641586647	-0.13268219901142342	-0.12613694177565898	-0.12663885787456736	-0.25011021820602386	-0.17691864221521156	-0.17590124471742433	-0.19062637783539796	-0.05406450303241264	0.012961644121809127	-0.02551632924450337	0.0606572388180738	-0.06274629501353021	-0.008783531730896296	-0.1275884288725021	-0.14972699842435191	-0.09323430669722044	-0.06819954560166969	-0.188713670539558	-0.2000067827649961	-0.24283243477185262	-0.08742835830984806	-0.06583240075681811	-0.24389052816955134	-0.14863499177672695	-0.17653881381603767	-0.19380065802849408	-0.23458473238979094	-0.3195849020049202	-0.13095262326518514	0.00780004748303532	-0.18324685465144802	-0.06343812531202551
