	Latitude	Longitude	Temperature	Oxygen	ChlorophyllA	Salinity	Carbon.total	NO2	NO2NO3	NO3	PO4	Ammonium.5m	Iron.5m	Alkalinity.total	CO3	HCO3	Lyapunov	Si	Nitracline	Brunt.Väisälä	Okubo.Weiss	Residence.time	PAR.PC	Gradient.Surface.temp(SST)	Fluorescence	Density	Depth.Min.O2	Depth.Max.O2	Mean Flux at 150m	FluxAttenuation	NPP 8d VGPM (mgC/m2/day)
AcnR	0.01667934643105955	-0.10255839744688625	-0.31641256935720874	-0.10831778783225288	0.17825450529752362	-0.17992082732662437	0.23333274559416617	0.14824384113624453	0.2563792433081901	0.31255675300388297	0.24937959248946565	-0.07493139087029202	-0.11685032069441177	-0.0049425099334433715	0.24420921135344895	0.03184635957397024	-0.0672127842865405	0.15161222272499653	0.08234454995878343	0.08963461958780869	-0.013346521643361533	-0.056185795081057525	0.1548684736273337	0.08263131971165757	0.4104697342037864	0.20641804807758068	-0.004815735008759931	-0.10831412544321886	0.09506674949960883	-0.2704349522762033	0.37765862104010167
AgaR	-0.3065462929217299	-0.11968622924649053	0.2990807996996259	-0.29484576458099293	-0.22135487339164628	0.17488446259462015	-0.21934648497554884	0.07713208705396472	-0.05212126049453989	0.03817809008455783	-0.05607004675218521	0.1994052316195299	-0.07944546971090431	-0.11963065299494584	0.15594858476947085	-0.18070580623397872	0.025515720254194726	-0.022597822892689336	0.0950734968743971	0.22332989388299893	0.09446241811155254	0.10463747786195134	-0.4452880209114761	-0.23250493609212117	-0.20890361345032835	-0.154923199920759	0.056047013328275025	0.03245528972737658	-0.046519532580932985	0.0018798210968384217	0.08330086412270944
AmtR	-0.2766120055833919	-0.13505608264014082	0.28859088401759597	-0.4717965102497243	-0.4435668504226418	0.21199085898642292	-0.31676159630874984	-0.166556726393528	-0.08101489322610636	0.10585371193106753	-0.05290233395805247	0.05982805956070041	-0.03900882662289319	-0.15953594255609702	-0.01913935369382898	-0.08865118924662453	-0.16520322861100906	-0.002460738538606037	0.07007361612559064	0.12032220481603294	0.061944751012725986	0.05225469217370626	-0.09647724189824686	-0.227204021698417	-0.167995119221003	-0.06064293682182335	0.03667327789174965	0.08583079781016523	-0.14196134507943067	0.18383353898737118	-0.21988855319762504
AraR	-0.37664984207760543	-0.06326056901952626	0.5250381261849247	-0.23290681975120328	-0.4458971664298701	0.31011305746508383	-0.44718246892169217	-0.17640523298225363	-0.35401308772738804	-0.29935966052865204	-0.2652385604072735	0.053861826474314776	-0.05685189666912343	-0.11669679857632552	-0.0628028534810905	-0.12965439012303406	-0.05452670451840832	-0.2059825943599648	0.06821532346306008	0.2936542359600325	-0.04591183728677229	0.2264991807371311	-0.1241362464014985	-0.19943349653203865	-0.5336073897295733	-0.2935170969499296	0.013173057909194836	0.21866003329466782	-0.15656536059866535	0.01977053222536961	-0.1868502269563663
ArgR	-0.2874032286755913	-0.030247194709165853	0.47848014425372337	-0.011125769115813124	-0.3430258692366777	0.36059490754689866	-0.46240814600723307	-0.14972772602363166	-0.28643999326039987	-0.3773965579364449	-0.27709325369803756	0.0638808795107957	0.0044758337567252	-0.04320435407337568	-0.05545875932925025	-0.3174911878137796	0.08366953025827224	-0.18901105869082763	0.054193443783529124	0.15192705876092968	0.02439769788037368	0.1253761909536912	-0.254748212111298	-0.1304397529083373	-0.5839251232959866	-0.2550168269174078	0.12063171416405462	0.2628074842798849	-0.33804896918600885	-0.14033836809155803	-0.2107538456239936
BioQ	0.158923705287923	-0.01188982099214749	-0.20784217381832004	0.13755707174291693	0.2150449979440164	-0.06969095772049451	0.19925383103208852	0.09039477584577099	0.051313256264863764	0.15202937224685878	0.07982024122800165	-0.026967419908140517	0.09107081627064291	0.034889737608986955	0.1364607646566199	0.3268911310976996	0.06887984650087473	0.010084394308360717	-0.21001331119879993	-0.15911375533736238	-0.0937214010906051	-0.03197487720686757	-0.049061805606958296	0.05950544557554558	0.2163866589315081	0.1584513104241987	-0.22011181319332576	-0.10019218886437699	0.25145629931754504	-0.12750372749935088	0.3351083244208842
BirA	-0.11356626630288368	-0.01866099292753909	0.3388502347831327	0.1620451008482175	-0.15171782220441934	0.26848250830895887	-0.35283566908587516	-0.14621378685333172	-0.4063687692021426	-0.4947320235879136	-0.349310474121442	0.05814875269547648	0.030660967858084382	-0.17614082814530085	-0.2944672737497488	-0.18005753428336355	0.07042678648183864	-0.3205154625349453	-0.004398833979083886	0.058686876920634706	0.005803264119703673	0.12028602828371691	0.17725909632044218	-0.0894621039676555	-0.422871647610788	-0.2494817498107414	0.00044318160594259396	0.14502901777852065	-0.13551494978602852	0.12066506799188696	-0.14310629556280152
CadR-PbrR	-0.10272405375449258	-0.003108040926017502	0.20732300874700438	-0.24172652972883837	-0.23003069018114733	0.12924429034306614	-0.22519592610602965	0.0272610852168549	0.06834867877386865	0.026926097334986996	0.0413409474074859	0.15007486811486698	0.0842863701774608	-0.09394420974478448	-0.04725336138699722	0.10769417779594516	-0.01528775155429878	0.022685619312302632	-0.16483461449062764	0.03709869507351576	-0.04465325848844471	0.07316751295511054	-0.1559660531711135	-0.009282245465226935	-0.0925130776458015	-0.06410737153409131	0.05483212886779867	-0.09313742489867578	0.008356872443992244	0.14241265343979354	0.09391369973296777
CblR	0.13342434178698265	-0.09902042244795581	-0.3276371963231988	-0.007845754274583363	0.11946432070509315	-0.2061989236595575	0.12888923600341076	0.038603452389689596	0.26882101214107335	0.31164400394168	0.241008873173569	-0.06996996044239441	-0.06537359672432809	0.0469051496885648	-0.06896347677587503	0.10267007017867759	-0.05727486683307529	0.24186206450859912	0.014286668492805526	-0.12655132659370233	0.06326083667520692	-0.13659991880527145	0.027549246548873675	0.08170549440753884	0.30516977644108073	0.19123255106444698	-0.07185983609379654	0.006460159273707983	-0.07745050927054804	0.038828028862283266	0.029537822187991707
CcpA	-0.15333688328110454	-0.11191265037560112	0.150013210896904	0.0365336452739959	-0.07709322416718942	-0.021779438281934446	0.01774985452427551	-0.09399600236238781	-0.02222011631609332	-0.10362219784450928	0.04986214583357081	-0.014226012264060546	-0.11395528373835286	-0.08055317297929751	-0.1746211249585723	0.27065353938183356	-0.06391967720585215	-0.08906459011882306	-0.0655054127254032	-0.046123593272574426	-0.07419699918391236	0.026732992121614303	0.09955046462083038	-0.021828871918909077	-0.070557732423798	-0.1953927027543317	-0.0014686832289958055	-0.06402776026140079	-0.020991807219060462	0.3630323466497786	-0.12235684132479648
CsoR	0.029861279707881782	0.063310399653314	-0.19765124159253886	0.10981479382027683	0.0898659544406215	-0.13803764873847524	0.0694022838693997	-0.15697756361629447	0.005015112672465058	0.08914725668219424	-0.0001224236828650332	-0.02219721489967834	0.0728452953855418	0.12649660275470462	-0.03024425523586854	0.21498318562275584	0.06409546584005259	-0.08212379539050514	-0.050364740672667066	-0.10675493330498358	-0.004276867639747639	-0.1972155109619333	-0.21940615080158757	0.2131247027443188	0.14360618585760146	0.18069538680684774	-0.1070850438545012	-0.11887809570249576	0.15685837856654727	0.1832825569417461	0.12403906235392832
CueR	0.26311950016431135	0.0037639511288981528	-0.42800524727554223	0.13114133179424284	0.1924145280141078	-0.2813874686530911	0.23729787063265748	-0.042501455883783845	0.1100781070922962	0.22631140885738224	0.146451881120689	-0.13652683688335027	0.021117081015352115	0.010542398035374285	-0.001518787599888181	0.19804708091293452	-0.1270541651789423	0.05293636344795108	-0.13458666717241524	-0.17536443479851754	-0.08312699366029669	-0.11782240447496561	0.14477074182455926	0.18056557200343612	0.4458662669188888	0.26286074104470747	-0.12786691154479185	-0.1544284456606842	-0.006844899729721558	-0.016237764991656023	-0.08761155550985983
CzrA	-0.3126453271930192	-0.12338876122211541	0.5602069243641387	-0.08590134704772898	-0.2730137042317405	0.3625046933449527	-0.38679366496825296	0.005868203596675472	-0.25252127249550815	-0.41744106248267976	-0.24235043269829834	0.1490016878821566	-0.07704993672924947	-0.02463950764849602	0.006995627732818289	-0.21757627342521652	0.0084759419790315	-0.14431292594992431	0.12083196179096314	0.25386236176499494	0.02647780330946339	0.09737967445565524	-0.06464743512863184	-0.22401302930114195	-0.5735650297885033	-0.4028460720291116	0.15562888952867834	0.14641686148101138	0.06694874530166017	-0.0014584818854780858	-0.04157930874578481
DasR	0.15551784138457525	0.30749325258473603	-0.3285665945089023	0.234883073783586	0.16245152597152668	-0.2503395432274453	0.2665047700584949	-0.0872898402410702	0.06462786917301441	0.12292526680482199	0.04753354536574216	-0.17606414102904683	0.18098500848918542	0.06486131262410415	-0.073000427366054	0.3355617684371775	0.23644743224187978	0.009960016047241877	-0.12399988561104092	-0.3683072069743327	0.041365508912134676	-0.04578907875538319	0.18516166903565692	0.24540156967297017	0.23989819466986675	0.1891123830546928	-0.0025122213127559832	-0.03212682905690871	0.09901663170665706	-0.09580605452162715	0.21750128364893057
ExuR_UxuR	0.05028139806136614	0.09132680436151651	0.004301653448044092	0.12978861554000432	-0.018925435127049244	-0.03762556146311842	-0.02532238684047934	-0.12850193732354456	-0.09295540017576458	-0.13224474947097004	-0.061846914287378964	-0.2927220773620872	0.10108639248131593	-0.24833068998106242	-0.1048949669637058	0.10356144411077345	0.11016380724284945	0.005226325756424913	0.06337994576479379	-0.011908615163191501	0.06957180425272158	-0.14832109719875	-0.23082097805689777	0.07968871946914606	-0.1308437912558148	-0.018378720022262943	0.044552634583449956	0.0787461737835124	-0.24542012917917758	-0.0727620407310734	-0.21395748714270793
FUR	-0.3283778921307017	-0.07483634113361605	0.6729677236929325	-0.24223412039947642	-0.4319718518003449	0.40430443468949756	-0.5178292075363362	-0.19949148912098072	-0.3365861323046203	-0.4055690298529228	-0.3285851648097491	0.11075776293700515	0.001202981729539295	-0.03697143514253084	-0.17053815050173005	-0.17786961645003735	-0.08685423434787032	-0.2343822973154329	0.05367817906580563	0.2693850889556617	0.038455661585975215	0.10118517110117718	-0.05367163969083357	-0.2196831024215135	-0.6933536109687777	-0.4047516290389908	0.15935213034604492	0.20374688024461082	-0.24994432660327434	0.24376093912623742	-0.39234713186432285
FabR	0.002541360850643618	0.21673196797411307	0.036179315907310494	0.08506137466890659	-0.033234246005965445	0.04596001501870385	0.0307435743136898	-0.07260561466638887	-0.13696170461053256	-0.1152078161133681	-0.13569900097571025	-0.09874185294484386	0.1315793137586843	-0.07461242212333602	0.015437719846482463	-0.3001499131348238	0.052812765334953965	0.03332605761154757	0.11405718494682093	0.007986711236113766	-0.003737946169967683	0.0023056832616985914	0.05147648060327392	-0.17194523517789162	-0.056135764019604614	-0.025081186633743924	-0.0826250264986114	-0.01989329191138011	-0.03387287708714949	-0.230699423574067	-0.16108503281164824
FadP	-0.02976857160571512	0.05390631609081139	-0.08209297690178972	-0.3728163294753007	-0.06505186105789643	-0.02984967389943958	-0.062464574621620146	-0.016405033259214302	0.22016868338566764	0.4899448121271871	0.19443686381699596	0.10569666350261392	0.008778985164990519	-0.07059511109368993	0.11807094250559289	-0.17884202437596008	-0.012164573486670858	0.16036991558142297	0.05196063000672733	0.016950539613822733	0.069363136488508	-0.007005347256282721	-0.33926183698234474	-0.04737515824490463	0.22095728842010362	0.22658912370319534	0.06668079523365343	-0.05365852953006926	0.21039862165793097	-0.056102936528057035	0.10170634126497563
FadR	-0.04543276431804972	-0.2150539503526092	-0.05409746397133467	-0.0461649850041741	0.0035415773850861723	-0.0045032934534211585	0.1232110963358381	0.07955867528157426	0.22365257816609216	0.21608547195014988	0.17535662274380193	0.05460934402301694	-0.2258661939016505	0.031456762729107565	-0.1232453400861643	0.015963696783898567	-0.0719063408196924	0.15762139988964002	-0.06404788150999091	0.0510751343876081	0.08752051808161256	0.015175972406962196	0.11623367368628375	0.09483076167629519	0.1743028599765439	0.07697459807604776	-0.022673119427278232	0.07359855892815627	-0.07988841876332557	-0.10063525009798792	-0.020415483886633296
FixJ	-0.08813991043239959	-0.1419593636976674	-0.24871947008079506	-0.10496820472651942	0.1934749056217135	-0.13644538800635977	0.2618393243334085	0.2692390666765366	0.31665785514615774	0.2936187836684514	0.285915410344499	0.0639689590979296	-0.16544127924392432	0.09680502214468396	0.292830139064155	0.2506381429065902	0.06454665666783373	0.2888185162651111	0.12046221164630046	0.06192235605574182	0.0032401010317258333	0.052449941511401345	0.042256812435523365	-0.029513504206906745	0.3029756022252758	0.2199196741686182	0.05468783718214294	-0.005428039775597484	0.16300003517335224	0.15119595546122824	0.24029785244812182
FnrN_FixK	-0.07407261477988573	0.1481754455497024	-0.09255739787049613	-0.16194976655982354	-0.10213783442113311	-0.11126819974876119	-0.01470673441849566	-0.15869338345246647	0.03436761200360068	0.1529515635407397	0.07487738503232594	-0.02578414019151275	0.11201869176334306	-0.019283092942301232	-0.18032150958672405	-0.13386815780203265	-0.0917733862949128	0.1144523881236683	-0.1422798556662035	-0.04210642042419116	0.01809823167568968	-0.09049868983484709	0.41192160278056933	-0.12428781312075567	0.11136556397986261	0.09047858252972127	0.013237473840291144	-0.045283431564898405	-0.0056259449833327875	0.2867051279764255	-0.09344985202272921
FruR	0.019990184529686462	-0.0627217028634494	-0.22992291325771447	0.017008152369958878	0.16144772977776556	-0.14634660758073711	0.1855547522777584	0.26739855063134044	0.26405528349011326	0.21938081080575847	0.2668147653241608	-0.05110238572476462	-0.0779411630780122	-0.0031895014841432593	0.03665472237825372	0.10972002764161756	-0.03271133501413298	0.18884522100933585	-0.0011903569173334376	0.01859820339383764	-0.028424821424369633	0.06095510215150742	0.04291536016179126	-0.07846651716218445	0.33122372483247065	0.026833450072283816	-0.04598524489103183	-0.013679802706402937	0.0355254984260035	-0.13952810037740354	0.06981217270897203
GguR	0.2609675133427677	-0.013120521761510125	-0.26463280659710475	0.2374158739319983	0.287808696148136	-0.22553782256606608	0.2581613811592044	0.22175724420432905	0.16018185085286085	0.05357207513019447	0.1196028371723514	0.13996425866544424	-0.056066134036534175	0.08279312822006987	0.0037871067425783215	-0.012560269043168924	-0.07605788239739293	0.09106683624389299	0.1400852096462701	-0.13758175772588516	-0.009618433792962996	-0.024600172923225368	-0.21325970535642053	0.14426221179330498	0.2571917698747819	0.09557972091136566	-0.03868305494195444	-0.19399562294862596	-0.019550158817081435	0.25695209751267256	0.002418192729377043
GlcC	-0.13881647677925113	-0.060992695756209234	0.22482397059300704	-0.3326187556041102	-0.3302782862582877	0.09517871794039799	-0.2559999597595694	-0.010579226373607035	-0.03857222660617457	0.043009365293114825	0.024923421436606343	0.046813141619730964	-0.011152498249861885	-0.1374650792326171	-0.16565962063542256	-0.47040233416513294	-0.06276826165183923	0.06720084284567825	0.027194526768739853	0.19311865326130234	0.03541929915867839	0.11799526853827527	-0.2720899689030193	-0.11845200880287314	-0.1050306170964134	-0.18449942573869813	0.0782344366350871	0.10964224902380633	-0.056353215583050086	0.11541453320416586	-0.1893797431362006
GntR	-0.17430282058609511	-0.01641513785124456	0.0018472078653508305	-0.3475733558700156	0.014254325072991802	-0.059940388724847145	-0.061023627021863466	0.08790833343782987	0.083603499369328	0.19352798047149977	0.16794233845028836	0.0874294207078178	-0.0017163930071750443	-0.05053290328503309	0.11075314770613165	0.02771362588879853	-0.019014470599348233	0.24801513024983107	-0.08054827990116403	0.03490384569420754	0.10248873329409854	-0.00985698248771469	-0.16342959406881635	-0.14631285838916552	0.153502414884248	-0.012185659740155605	0.0782395899095748	0.014225073384649994	0.06297542165718138	-0.13761586857199895	0.04902561065414788
GulR	-0.21680485002440122	-0.013193529434268925	0.27843471730998326	-0.12164139878590495	-0.25980299190299305	0.058498778571461685	-0.30667496311045306	-0.21860991188856005	-0.11706335353465057	-0.10889411053137114	-0.038272703855681	-0.0049707019633853915	-0.03431974754994908	0.13691726409221083	-0.032972813045191465	0.12284753464157476	0.036068897927361496	-0.04767833342888803	-0.05678646576577651	0.0945568471885945	0.023842345877978482	0.1155652226411021	-0.3897504959962168	-0.05849635244681861	-0.2878857233809335	-0.12594363984972512	0.15507104756538434	0.11951684135415659	-0.23310165380942183	0.11778051492949698	-0.16788813256181384
HcpR	-0.03674717399631059	0.1962712779704721	-0.07332974862212663	0.0094612839725025	-0.03175893803016624	-0.021408606088137543	0.011996140681890432	0.0008653916906274495	0.14418885355374675	0.09134729666315927	0.0962836760799556	0.024286787210236478	0.0770070558776185	0.05605974936824317	-0.05572175285304041	-0.051780722055386724	0.09747772747471727	0.11112344054666409	0.06716332466437462	0.08465620775138114	-0.07678973723059764	-0.003959706313510418	-0.04006165334796371	-0.06253695891890995	0.07769253946775143	0.02772962787395967	0.05280431535688692	-0.08442607668191925	0.0641709349661396	-0.13700006510924154	0.06920607836759364
HexR	0.07501591971943151	-0.01748707590365552	0.019260097065326727	0.13224669421913487	0.1252146688380378	-0.07830585312263884	0.027423348900264433	-0.059043654972924686	0.03372420122811784	-0.2182792171099963	-0.01954953185750999	-0.0704856896039021	-0.07265754679191427	0.14129978521546113	-0.16456819751169338	0.182812690073478	0.03046124049636727	0.04933914903323958	-0.04258328924112063	0.02394181276193639	0.03604530245131913	-0.2222061825605488	0.18121038267804956	0.09592312262963039	-0.121513449689661	-0.13583225438242738	0.03952432700207221	0.002505648592897188	-0.3089229831785464	0.05056070536324031	-0.16295897756101205
HisR	-0.026367343107475714	-0.08567508340842653	0.17273827127302058	-0.04129005328413741	0.004895340101515561	0.08013451937829982	-0.17965996664239012	-0.05096583455234167	0.03385388091930043	-0.15357789824204449	0.0491020988024504	-0.01482634418689422	-0.04279393098577887	-0.07105771054558857	-0.18790229790997545	0.07998055190714663	-0.10686191073045108	0.10924069510384561	0.08100390749878064	0.012907717440472593	-0.10712378654485846	0.12630144896162201	0.08242822373786506	-0.10208211901251778	-0.12750695966786096	-0.1240710999167498	-0.04680075057871108	0.0615078307697876	-0.10478322531457317	0.08990730556258245	-0.28515501834625917
HrcA	0.010729803974514026	-0.06599082421031567	-0.3491570520694754	0.15639976501386213	0.2790825847685509	-0.15396952686447474	0.17136696052630795	0.030610425391242983	0.07284008500117325	0.04108944485192931	0.022936587083442574	-0.09833274644144563	-0.050097583066276596	0.02444472893190712	0.03658239915921142	0.06288237920967152	-0.04320298666532959	0.09683945083346732	0.006068673342076683	0.06139349140285341	0.015474275617035444	-0.06437507462705819	0.12479479412776641	0.021854275662009898	0.29582583181097283	0.20234987253049952	-0.02699156344797467	0.026369030347323724	0.022374852027463105	-0.25202566981061325	0.11819458120492243
HutC	-0.2364624442375648	-0.110615895045171	0.29382657105376603	-0.04888587712698527	-0.2309883830006647	0.2807848663381711	-0.3180614721155233	-0.13187621673973748	-0.2914800443350154	-0.21015260304583072	-0.2114103973475542	-0.024872052887902514	-0.04783532840725858	-0.09353030497203306	0.051007593939101765	-0.16903691112290564	-0.005009976074712708	-0.11370611855695527	0.15696012915171448	0.26535448074658147	0.027484994958777757	0.06685486557842119	0.04006165334796371	-0.12443741294123827	-0.378253597841165	-0.20011650311421786	0.09358990628982483	0.19288301111229805	-0.12203612326346037	0.12166979995743854	-0.19091353289805613
HypR	-0.013178456722990981	-0.10545900387411287	-0.3466214869443891	0.17401341894524205	0.22154766932030187	-0.2870681543218174	0.2481956666406075	0.22454295751392808	0.3232515686747493	0.1388354271821872	0.29968297368002916	-0.011320544830577874	-0.16508432512764484	0.17229394849267005	-0.02766691870272496	0.2241400269251951	0.031413428931619684	0.18461148255242793	-0.08118997531351412	-0.03144118682367955	0.052267167302348115	-0.11733365931755053	0.06530598285489975	0.08946351528671666	0.36093009589555075	0.10696353735528498	-0.06174782323029822	-0.06354220970505697	0.1533890458268254	-0.12419783522560056	0.24087920824495415
Irr	-0.020745755562344755	0.04286129816915858	0.06247363614872225	0.046667422470034116	-0.1698909340881278	0.14487254961039442	-0.12038462219785383	0.04494799550483724	-0.08987550751017813	-0.07916052297747024	-0.12179881198374293	0.05208053271872528	0.08401633670637924	0.10941694404381533	-0.04254577731115333	0.029091203783855765	0.2183646414037939	-0.15418270678811918	-0.037523675971252446	0.0434621704581545	0.10559903311816395	-0.03594204527850647	-0.05081793287700602	0.05352427539436392	-0.15202240152603613	0.0470611264011622	0.040008734803916444	0.01483915202943775	-0.2737608270327165	-0.08857846651136908	-0.02689079792156364
IscR	-0.3143395677601149	0.10575798767683939	0.4244429405138807	-0.26971616148082495	-0.38826794862521347	0.4531801178319296	-0.34556039519060017	-0.1821337768248221	-0.24284267862090003	-0.30422240984280224	-0.18719856356760087	3.940402582305976e-05	0.11567399462939984	-0.22541984344229288	-0.03823268352099469	-0.3006361170977852	0.10779066068114343	-0.1421472809327963	0.1724800932883304	0.33373680250469456	0.0962352725807372	0.07605272609812064	-0.05806195786595288	-0.29700503982509996	-0.5019204125547685	-0.13693125137079828	0.09411811692481455	0.22124357769874314	-0.26541567530743954	0.05603811511092468	-0.13020514458203297
KdgR	-0.23722728608043975	0.04777714813491781	0.5626636876480432	-0.05867954280767209	-0.4103095527295545	0.40422099744589324	-0.3639702641749041	-0.15779307682331228	-0.41057587764493153	-0.4976244938919292	-0.3259760100686881	0.06916913156463751	0.08394100548054104	-0.0782158283802307	-0.09538775107869148	-0.1918074633882635	-0.07390154181786747	-0.27622216884003664	0.09088697104289373	0.14515075138396696	-0.07443359885357186	0.13602411980302417	-0.001426853406913776	-0.23106821328786376	-0.6047840615632852	-0.3751376694188759	0.04860310833078576	0.17297933309276084	-0.07030087085422929	0.16072470377968506	-0.29017075825297217
LexA	-0.22602698848742991	0.06987993134965749	0.24767186913331882	0.03895307491729107	-0.03705873046027448	0.033305366405384486	-0.08545423859955632	-0.02720123103652332	-0.10495575929058401	-0.17284634568620466	-0.0869947791425712	0.11056653751756972	-0.12327781267131441	-0.010846739780044443	-0.14773661198912308	-0.0762529881911094	-0.028477758740472238	-0.0766023761126022	-0.24528031854520785	-0.01464698595251205	0.1603685705378135	-0.05827260010432087	0.165624753156376	-0.09263192657901322	-0.29599587011039974	-0.19527242625989627	-0.06123249578152776	0.0533664202381512	-0.1489703348711661	0.027581512989818913	-0.1399397618609063
LiuQ	0.20504019185945185	0.07365894755388683	-0.36950646870408055	0.3967271996454595	0.15661106669801475	-0.19504382772990436	0.3962051688715589	-0.10841836589811849	-0.09292796793339904	-0.1261513626281255	-0.12316332594900944	-0.28832273377313616	0.04259227508891968	0.03392801769582925	-0.054308162662668295	0.49163324054777974	-0.055347051478010396	-0.2047144238544394	-0.049315127358785876	-0.18700678554062436	-0.07360878611628668	-0.019813455083809037	0.13291688275173713	0.2144541652999283	0.17327310803521448	0.19741381953337436	-0.13332294090864907	-0.009298163327631948	-0.3115953070456295	-0.23423219080778057	-0.11570217284190722
LiuR	0.04633782716545176	0.10361295272006892	-0.2830562135251772	0.08372154142661321	0.3560123515179671	-0.14286078495904622	0.3428246100623908	0.22198419130475297	0.3449953615097681	0.2564541597839948	0.25686784109137684	0.015599358458187775	-0.07991368225303713	0.20483416783280337	0.09668299418335802	0.2502329729374557	-0.08741382816674174	0.10188042859293082	-0.12545264585684465	-0.009072532659711433	0.017273418938404506	0.04675164555395639	0.40182387097779493	0.1419984560192098	0.314740892239223	0.20297955535430862	-0.0500241237707703	-0.12150837759327798	0.19018038187407876	0.19770532225369608	0.28645997657106365
LldR	-0.229242800781336	-0.0044326087032128805	0.3400971580347748	-0.17299050779679884	-0.3010110260452028	0.27999221252393025	-0.2611742715950593	-0.09282635192174149	-0.27743723008407023	-0.3525162774650162	-0.20966330937333447	0.035664120195676996	0.002641228672080976	0.020037860469083225	-0.0798514086607877	-0.4072768529739807	0.015117822541238349	-0.23983786927862585	0.15135901083127576	0.28679975921174217	-0.04471733756564416	0.09738216170836472	0.24311386894723183	-0.1331240817626571	-0.3781747000702309	-0.19864724319199667	0.027785167719081176	0.1632787080740418	-0.08470563415530427	0.001977053222536961	-0.11031535476700337
LtbR	0.011064711993591091	-0.08196328061721322	-0.20092383570279654	-0.11662217733208283	0.003602350014771083	-0.00969030876415536	0.009633188149422304	0.1414578734411515	0.2366554610473616	0.26077555448194184	0.1960895835356739	-0.12196125463204982	-0.043762806444251755	-0.03932095341138446	0.0849140339937483	0.08759774732687488	-0.22247223582294434	0.20218296042225598	0.09135929703414027	0.1165639680101724	-0.14047612470053933	0.18265015909515125	-0.15662460089738142	0.09099620778713272	0.25835891276204825	0.222990262320676	0.14230509834071817	0.028338496106611304	0.015916736015345677	0.19715434020807102	0.10471207442732153
MerR	-0.011178279418745253	0.14380425599976282	-0.27785065660475317	-0.10816834489368939	-0.0009618840353577238	-0.22509050623229857	0.1127768219334042	-0.1096603401399988	0.26448173016688675	0.30330336595948065	0.2391495634900563	-0.18609246560101556	0.19286995804258183	-0.043983468939731284	-0.15998553535964982	-0.11847169897492237	0.058473159356208324	0.3685181549585158	-0.04848259316209375	-0.10676959006210751	0.050318506134180346	-0.026893419921376505	0.18955198721077623	-0.06498983144720011	0.2669152399892107	0.1686276451984916	-0.08182755727163912	0.054164852302727245	-0.17129830402376808	-0.08212873550669932	-0.16055315410390802
MetJ	0.1094569796743464	0.05685559429987721	-0.1122671289708016	0.08100322590619106	0.22700672795234297	-0.03642035683327848	0.22756895519513945	0.14886981610554567	0.1788307879810029	-0.06677860983710335	0.14166715551538062	0.0050124238730803955	-0.05648798890122811	-0.04952248869272817	0.20322824550884708	0.12616992838847751	-0.05369756812709621	0.05369238817239892	0.02285294442495858	0.016319077661066834	-0.02559055454824029	0.03609749857284968	0.09845288507705055	0.11254704985099395	0.2309800259415238	0.04234440112918403	-0.07467094732683938	-0.22037893419466567	0.1792332305940104	-0.03399883328592249	0.2911541153986779
MetR	-0.35260367807812754	-0.11342031676066777	0.6406682396132221	-0.26760850072660186	-0.43457459683719524	0.455254460415981	-0.5047951815203554	-0.10774500636938819	-0.2436631520516514	-0.3380381888921418	-0.22613184521207444	0.22155840672564128	-0.06308700428465465	-0.08209922904222192	-0.15447582103624594	-0.4206474619554186	-0.03901921717135898	-0.11173801548395719	0.027621528548705157	0.22884327735444984	0.14251022463830637	0.0376532751426366	-0.3726282551132515	-0.18135873331580613	-0.5943029007866101	-0.39454227718779405	0.11987804777022781	0.15706002581498607	-0.15411573038717255	0.18911648448365848	-0.1836218468931059
MntR	-0.18515662164725705	0.025311644260281235	0.46213571531212483	0.029280509548888455	-0.23146408599854315	0.27148624907871377	-0.4090678934246316	-0.07766079898022703	-0.27244206813332555	-0.4208937718662544	-0.28024311303841914	0.12688907574380423	-0.010777001062606845	0.04387390591165003	-0.18332621059602663	-0.25193468680782055	0.04525971368547481	-0.1806411333543599	0.03793397935758782	0.16807758371507134	0.052410112936100726	0.03576171945706833	-0.039842137439207746	-0.05771448168693786	-0.5619738589931693	-0.302941114043342	0.11807053674366544	0.0842508111067684	-0.1936731560512312	0.03098463738926778	-0.19674564477478898
ModE	-0.3326239232099348	-0.037903729533251475	0.3384863556929695	-0.2890252197841838	-0.32452793812534303	0.2887878886205506	-0.37924632404365327	-0.031031898577744535	-0.1222879487851798	-0.0584096451598701	-0.06170663715076278	0.11812399788204538	-0.004689079072944111	-0.15307172389930285	0.03553699990214554	-0.1110976055366748	-0.0061555320075856144	-0.033591885659821165	0.1693336388314911	0.25982644051800663	0.05861428205161632	0.0981917624653042	-0.4729470254147278	-0.12078633053002616	-0.3619761715136251	-0.07422003051721252	0.15529392668697756	0.2278543355407289	0.0048289361106939755	0.06631230972640363	-0.1532985759157769
NadQ	0.05599685255994084	-0.023207169121710104	0.18757155902489675	0.2388252754387954	-0.06998911331781538	0.2967816400980851	-0.08391756371170392	-0.028969423280485455	-0.28394864688556515	-0.33974093800473426	-0.3217702464635956	0.0029298052141380902	0.09689449949890395	-0.07136205229025873	-0.028396725731242658	-0.1367853815798009	0.08485903334969526	-0.16618886717023765	0.20748946827587655	0.06212755065547681	-0.05521151874699958	0.02313642470368964	-0.3230176597344033	-0.0058767325706560675	-0.3496259497496493	-0.021633260459927882	-0.02999205751844066	0.06553764073473728	-0.20472579379973707	0.2960718227520514	-0.1451781486685338
NagC	-0.19841156255453551	0.035314854280185444	0.5449216848760725	0.04423510981479382	-0.3267597605603234	0.28520008714556555	-0.4219457328126669	-0.2034593224921285	-0.41019681393224394	-0.4708526196743489	-0.34658144619090897	0.04041694107509959	0.029648052606044552	-0.15607862033664402	-0.3109503928532971	-0.23872614581403645	-0.030924150566428443	-0.2839409373977057	0.06015954127902196	0.15545323024566135	-0.010946020828274595	0.1287476620014069	0.09208692372312755	-0.14996676343849993	-0.6369471459764855	-0.3901179888826785	0.12258609351351657	0.15203964078455423	-0.11672663768544006	0.22305049635244859	-0.3427154268687966
NagQ	-0.02969440512398179	-0.03901506855191321	-0.07842173818320038	-0.028154534304884207	-0.16048375013448768	0.1287343960765954	-0.10702814636933995	-0.11028631510929993	-0.09123465042738026	0.1657174607693437	-0.08224065945797908	0.03291395098161462	0.06077491512238982	-0.010213708951130515	-0.01986916072234668	-0.10056318633917828	-0.027317553754749296	-0.15782625820207105	0.019482254396517403	0.05128521457305107	-0.1907289087042587	0.19135181269930715	-0.12523382594527835	0.084275506417905	0.030415090695091466	0.225365133495117	0.0707789367700005	0.11774211512281439	-0.0881046425827345	-0.03367472620026069	-0.10948042888857396
NagR	-0.19068665994149842	0.05923935275804947	0.44641243029513605	-0.2839802323064714	-0.2202882089602801	0.29139993788560753	-0.27816838437121066	0.051791323456081395	-0.2044525023504241	-0.2271328830133649	-0.12091124028297144	0.1012637105975197	0.04884476683349049	-0.0720681251378935	0.16586344061635994	-0.3662736520975712	0.01325739282928363	-0.06888604634436682	0.019856775510788644	0.2795410002461168	0.009741662787577316	0.05374206929398216	0.019866189742414882	-0.16566768799386708	-0.3336491511354962	-0.28244930109923283	0.07780027325949798	0.031700998622468154	-0.018190555446109345	0.05555195448243198	0.03807880469251779
NarP	0.2761380354110648	0.08221127493420344	-0.47202766408165725	0.40699238356333806	0.1800525368930289	-0.27103197964131254	0.1847385511897843	-0.18787728421247343	-0.09967131187489357	0.06346438651813885	-0.09572256753349086	-0.22962927836775268	0.15981229826090662	-0.03950355845818655	-0.12127946349583285	0.13613710962918577	0.1375428870195689	-0.08071173630839128	0.032743164423484496	-0.22244560286985526	-0.17510675829368608	-0.09764705412192556	-0.0808916123765733	0.15829919117556848	0.2337904189544519	0.33011416833520824	-0.19091980153910124	0.021573244905788897	-0.13495235528769522	0.03091981597213542	-0.0977667280460161
NiaR	-0.008758597952195378	-0.05829720612387638	0.11201218183756623	0.01100724540591794	-0.0920935856597615	0.16584311016960937	-0.03910207804794273	0.10030812446318918	-0.04079673207799895	-0.12634335467224406	-0.05279011224875953	0.04024773555244763	-0.03037818602570713	0.06663866841297787	0.03939642986376615	0.1482111747093933	-0.056413502525493105	-0.09658581673236223	0.12947457323685302	0.08111782230237952	-0.03842115746748321	0.07424449337832034	0.11074577596738461	-0.06862821198686182	-0.12720633195447417	0.007511384995625237	0.041093499083578254	0.06411474391721639	-0.024156401272185154	0.11583587241552619	-0.03963733299891936
NifA	0.1448181675432654	0.10567107378069795	-0.4219120107912168	-0.03589722448390654	0.07843022202025744	-0.2627716925244865	0.21407644585196323	-0.013262688791806271	0.26772871012688154	0.35206305034447405	0.24525799516634286	-0.09801171952518128	0.06932558872599379	0.08722434402246738	-0.12309411880998496	-0.20914873806721931	0.049276483976955	0.2569386607877493	-0.06164808379688983	-0.014132778056747574	0.08009391733952291	-0.12241014209762262	-0.08572096236920454	0.0643561491887408	0.37748230411496453	0.25958497534331865	0.02157676028001908	-0.020828041645517922	0.0074309356654853895	-0.18056005742218703	0.03481950144857481
NikR	-0.3500345047968339	0.042123109477930715	0.4580055717537118	-0.10632092098075793	-0.2516929892519377	0.23723294287793595	-0.39170598633105985	-0.09303833547708251	-0.20607848617063654	-0.3525792256762026	-0.1567737278822471	0.08280756026716009	0.0014312932909258471	-0.17399826226282294	-0.18328018672936336	-0.2264900127461751	0.03594584588342118	-0.09551274938153304	0.04607563899457985	0.15240462476388433	0.17924889556598872	0.0022422583176065587	0.1726492622365669	-0.13348820208043552	-0.5242307977459754	-0.35260115606936415	-0.020481689451381856	0.23431709134147616	-0.058298854889786006	0.06459454217239612	-0.13745353813402758
NmlR	0.2564920297106721	-0.15072839639236332	-0.3726492715465093	0.2950802353983943	0.35881627491515367	-0.18169155105200457	0.29192792246539073	0.09266424685001012	0.05755783216334835	0.14993949163546996	0.019460264588754234	-0.13158974423610806	-0.14535333866771566	0.04406868462823893	0.005779282685288793	0.035735991277661264	-0.05477866822742895	0.02931912657197401	-0.006925062386811561	-0.0877805398116318	-0.04055384060094169	-0.09331923440741041	0.31687121428923626	0.09391622692466571	0.333828711579691	0.2544319529836825	-0.0576767363850116	-0.12787765842061147	0.042276632406002844	-0.3079341420872732	-0.04224724944852834
NnrR	0.009115524145537027	0.11446096581046782	-0.3707348503460328	0.008974306120976635	0.14927015215366157	-0.06338681042594713	0.2989764738362285	0.024634983054806762	0.13792931461397187	0.248875195157151	0.11283127721387924	-0.1520902681415229	0.10019748401642513	-0.021961300295398625	0.09400703507879313	0.36724606002349397	0.03431687120649705	0.12461238490447381	0.04364005900941464	-0.04039890821925354	0.011609814345930395	-0.039587114124266215	0.4215803027658318	0.025739637037374006	0.34561304588317404	0.310277980203904	-0.012107618408861914	0.017243536067803343	0.0373304891081561	-0.11058533762780509	0.2565572608510176
NorR	0.026194674267190306	-0.0926050180607698	0.08901363271852446	0.2331490203757717	0.04334555422078248	0.11888416592886511	0.00540103435992715	0.06604160622335876	-0.12011082627744137	-0.18757307969326534	-0.11686870825503232	0.030189278490143637	-0.02074853747971291	-0.20780454326078412	-0.17551530293945886	0.05818240756771153	0.06932810751808587	-0.08006545710846005	0.07088706644384855	-0.09025386757629464	0.022708639127526745	-0.08349085532585487	0.1548684736273337	0.028711874980169798	-0.1872448150225254	-0.07722222615282662	-0.06215879687069266	0.1180796636379197	0.15941349524647758	-0.04417579577570291	0.15693514196404723
NrdR	-0.20534960515043307	-0.08792325618861815	0.2034084114012358	-0.0015820338668618014	-0.025585277097347384	0.007599742271625311	-0.14447263084973042	0.0005760964856914722	0.04722086447196712	-0.2034139970383255	0.08796906761870542	0.11791886515937827	-0.10516355021206664	-0.020451765241834643	-0.17789539432975982	0.11215104745642446	-0.04617674439388714	0.08087513520044935	-0.12694834482912534	0.09394370618224351	0.0075465436301809085	0.02147742714645883	0.18823489175824046	-0.027685846022708953	-0.12245750232807925	-0.3148013197397311	-0.08710193370980476	0.023876364389622894	-0.14870075834071472	0.17936086120523836	-0.07037497459739482
NrtR	-0.26432934089758625	-0.00492743848524475	0.5142445916442236	0.04185948241211209	-0.22029240017612042	0.27448071904362376	-0.29541441106340344	-0.06729854401032197	-0.3049567568571443	-0.4816545327139369	-0.2914703849544999	0.12601291564020914	-0.030383980735386992	0.015302302922015561	-0.0441237384538943	-0.1305457640551299	0.11761138571180835	-0.23956228607261745	-0.003859714413317639	0.1946747123092927	0.11345775686803446	-0.0012162665749413282	-0.006256203399545018	-0.1369812167567981	-0.6083018139018294	-0.3853116458305328	0.011668301758785098	0.17117344853694738	-0.19164547171348834	0.2118688018971166	-0.2058123213509188
NsrR	-0.2846961520923248	-0.06006909075321298	0.5103137703899764	-0.11864996341224608	-0.3022097137755396	0.2934371972502793	-0.47193049203359716	-0.1688436548670305	-0.3277030734586131	-0.367469625032348	-0.2947324660041744	0.015500848393630126	-0.04808334198155666	-0.04560256702137653	-0.13773628324700218	-0.12317167061688235	0.09690348460299582	-0.2144403161160458	0.1242336631218599	0.22656537301810603	0.1066998788033852	0.051073247136697815	-0.1981131076522589	-0.2222615823462466	-0.6377238809282676	-0.30056860123153695	0.1677429495306499	0.23524275323097651	-0.17774469931717024	0.14127827863997725	-0.3033254793153378
NtrC	0.002354785795033211	-0.015114905964968783	-0.34332339812080787	0.09255671101858245	0.15623804848822462	-0.1458598903263787	0.08456750161509068	-0.0640489608031532	0.07415932647493458	0.11498749737421565	0.06889137703890441	-0.12520281522696447	-0.018019229220498034	-0.012076280428511884	-0.10394819027806122	0.23588995603009508	0.15529167945267391	-0.019976124251458918	0.06957743528630135	-0.11595815538238337	0.008046031821684282	-0.04391244658607188	0.19196666220709185	0.05885200485023007	0.32194507490934265	0.2521136825125052	-0.0005204807232581627	0.07196144862989545	-0.14427032666634015	-0.02482660276169364	0.15917398024546536
PaaR	0.08683967929951215	-0.10606855999905143	-0.2720934867960562	-0.0014738165665227204	0.07584633745468866	-0.295414196383459	0.10441327992083045	-0.006327085645884263	0.19539986236979348	0.22806136912836444	0.20889816135542802	-0.0036587796918646958	-0.1195854236633065	-0.038213149460785086	-0.17259607482538805	0.17551963062905734	-0.06921384490585557	0.13146782200261212	0.020176430474561552	-0.018065674551668257	0.01661126847401023	-0.05435393346051706	-0.3618719755842092	0.0723131660555417	0.2726774978801901	0.15671555552411073	0.03617083362919846	-0.0342520864385526	-0.07237543806683325	0.28638102089076367	-0.09983239651561183
PdhR	-0.14063819098682603	-0.03846461387635083	0.19342375458325414	0.03720871509992064	-0.09251480285171554	-0.02974074194251174	-0.02103481198945508	-0.10387942388964022	-0.029846279693715474	-0.18903347819279007	0.017233683856646444	-0.010540576907668485	-0.06648038627318167	0.10966041743955146	-0.2117360860034588	-0.22332968698692615	0.06715711788571035	-0.03457227901216965	-0.09821518036162784	0.05898123345954026	0.11275617312536361	-0.0676221830392993	0.04028116925671968	0.0034690222523229143	-0.24349212416655405	-0.33261639109199265	0.028215466138804508	0.018887137683662326	-0.15672945066067923	0.24320995708061235	-0.1407870570116087
PdxR	-0.23931321837918965	0.12413274417308603	0.027351191993732937	-0.40399064178012306	-0.26916616809030963	0.0030825426109367684	-0.1343053851983004	-0.12495308321471787	0.15807704971135886	0.20396164647564727	0.1875428801756588	-0.08296865319626023	0.10249450693352233	8.521568850764433e-05	-0.1368618297803999	0.22422106091902202	-0.05234692545432278	0.13003137502616124	-0.049615698444124584	0.04371622091496925	0.06831651156091705	-0.0619226434554996	-0.010207489757152398	-0.19066638252413387	0.1074968525913014	0.03148649955309028	0.15714781718392928	-0.014097843559725681	-0.1657895662275881	-0.11940105035780596	-0.007706056626096664
PhnF	-0.3609589957858979	0.007388840023970019	0.5914263596794156	-0.2777474311274181	-0.41365414297014474	0.4997450528667646	-0.4741120665465155	-0.18106388335139506	-0.302036469965321	-0.3194716140027101	-0.25809972940020626	-0.03673730042838739	0.09677976424724269	-0.14660750524250868	0.023176304284007958	-0.14026984331435746	0.01773121356968498	-0.14233994529805882	0.06515951742878326	0.3174030680865038	0.10886377994881265	0.08731998087211698	-0.4349707731999457	-0.28676592003640883	-0.565569148796252	-0.3030307318235096	-0.011021565810578173	0.24304142219342906	-0.17086463743130287	-0.1707072020180684	-0.12416275507665861
PhnR	0.12381746469996231	0.053105549394361684	-0.21751394097278556	0.040189844064023414	0.12695611901969853	-0.07284998447140188	0.14791881322117648	0.025106334724917967	-0.006803196106655733	0.24487798374681394	-0.13194212420778953	-0.0835318989771428	0.07193784384967546	0.1303556560771222	0.09524310464060688	0.29634131542495973	0.08700658449751071	-0.11952994772463735	0.18330542333013228	0.09396446992150241	-0.10179865092425834	0.07350826657631086	-0.18647876448819273	0.04321176701449267	0.17492588030564413	0.2480337151522441	0.16094191552550177	-0.010932677098853483	0.16376188188984522	-0.3254359247130102	-0.016859318108137646
Phr	-0.11534278531065234	-0.046138531479664735	0.2881064844644488	0.1728384882558463	-0.12578467419232386	0.15672063820220553	-0.3155927157383178	-0.11256576181026098	-0.23745598375639257	-0.3345288261184995	-0.25236366975930086	-0.010875511127164493	-0.09564516009192577	-0.0055877144321441075	-0.30729478287261386	0.009967181240708244	-0.0758879533843325	-0.19704930866431178	0.046745960224581246	0.14501273358771666	0.003496417340523617	0.09278944958028873	0.027549246548873675	-0.028431022486999635	-0.48216196216136076	-0.19398711862328222	0.0039048937430581463	0.20563195887512206	-0.32419507966455186	0.20707201702932201	-0.2582889589692416
PhrR	0.15207605309163794	-0.07188126866480746	0.07271092239872805	0.19185381388685624	0.03323215039804528	0.03156477279575026	-0.007209776277104245	-0.011117913996591268	-0.16032399974511868	-0.28716344461128507	-0.1899148390311688	-0.12980845048051856	-0.03184772440052006	0.060795306915310834	-0.07319767250889662	0.2663587377090081	-0.08681907662103024	-0.1673253430463431	0.011421701242870739	0.013001764965351131	-0.08567372621565929	-0.0388036295207764	-0.03457375562906457	0.15501928567744055	-0.19933113734579064	-0.05647335168139464	0.04822820761180525	-0.017226658642048077	-0.10534581981290644	0.05000972331761525	-0.14808492765269546
PhsR	0.1362751159286075	0.182620002016525	-0.42796121095252887	0.4281565955867954	0.4618615075657201	-0.33127830492604216	0.5193961120941136	0.17397365690628314	0.2012953006381711	0.10529662026206779	0.15766385007641162	-0.1379419049871725	-0.07366930310201814	0.21955213460505224	0.08820145304112532	0.3576030147580933	0.053606743999425985	0.14414952705786624	-0.21498227604610565	-0.17528626542718992	0.1281597974521535	-0.08428304531382791	0.36999406420817993	0.25999460876532937	0.26845646713521626	0.18990007617511315	-0.19907485841589376	-0.00848415210082027	-0.06431158359072292	-0.07989239661563292	0.2581405277019652
PrpR	0.30107651489389686	0.017962205202561997	-0.16382671011583871	0.20544023828418895	0.27328403765344234	-0.12503998034589373	0.18593766143014126	0.17866472828977084	-0.033826448676934885	0.04598681568223203	-0.007768802875143565	0.08261865273159659	0.0153049872064508	0.2847786573227606	-0.07653111542293692	0.27186904928923705	-0.021285073791103993	-0.061259951785178436	-0.09615650697553814	-0.1870385418477262	-0.18237891202919243	-0.04225469265519581	0.07562323056643012	0.1534668347101683	0.1757760718027787	0.07950747954710004	-0.14982372581827913	-0.22266387798922477	0.24232585943834453	-0.029817851880885312	0.03345269686240518
PsrA	0.04326107702479567	0.07058451333437733	0.10349926528871604	0.22150277757737538	0.06573293363195146	0.06178759659019798	-0.1889958963708836	-0.037772975637588906	-0.21906640601061567	-0.3031711747159892	-0.1874969712945844	0.021305988550915606	0.0767381813484729	-0.04392260059079725	-0.3022584568920323	0.14740083477112434	0.012064959927290606	-0.18788921555132437	0.0429745087490218	-0.06174891776310867	-0.030546003184997447	-0.046213155342351486	-0.018768610198635054	-0.03953669217924089	-0.19023068756046205	-0.08808956117946432	-0.03539011254431121	0.06037444671714551	0.022890563650935277	0.07541971883350013	-0.03932191655595713
PurR	0.0974987933461241	0.024611697683355596	-0.4631694100523337	0.2370345367784225	0.379103855190313	-0.35806629552544605	0.40561667277486474	0.13582409871744136	0.3220295869693749	0.22349132899623106	0.3222624916884487	-0.11602863086180738	-0.0715878433850118	0.11427423828875105	0.1331601959330534	0.23443134414121095	0.11931653546355267	0.19944176109877412	-0.10639739324029254	-0.15559613362761965	0.06334956155132922	-0.16540106155482792	0.3234566915519152	0.11879354801567305	0.45639367811300807	0.19332913544784128	-0.08514626604172087	-0.07527851192256504	0.001793269963437326	-0.4580929548743837	0.2714869724845628
QorR	-0.12805654267153294	-0.10786593937125619	0.1529080197097311	-0.03411421563070073	-0.12401598110770094	0.013600270707501472	-0.04465426075749471	-0.267246421256331	-0.07167546162074502	-0.09584809376298761	-0.055210530478736954	-0.10492480817325633	0.027129671779176644	0.03031243776914777	-0.05903547125279644	0.11749929104899962	-0.014364861224746438	0.10112196507904928	0.0049999761497612925	-0.023515545408915484	0.010034126268128633	0.083597807192363	-0.021622317012462606	0.005125910830120759	-0.0922219720771826	-0.13038443669329258	0.19763451819658032	0.043747585821169194	-0.025058896613261456	0.22188371084406613	-0.03525242597813081
RbkR	0.00628097392179134	0.19499306427121885	0.28670195753044303	0.11777391859997732	-0.0928039967446989	0.2140095767414048	-0.16700381150047128	-0.07766578682858799	-0.25793539960238115	-0.32282360624838646	-0.32586378835939517	0.09150194267082462	0.19564910080504352	0.04963205172080942	-0.13519182090433238	-0.20777116017216207	0.09562315738390256	-0.13947192892402444	0.0640383395707738	0.0900792078872345	0.030573935090443358	0.05968038513789304	0.04313487607054723	0.05443739882693224	-0.4448854860077944	-0.13558226794301254	-0.007911564657248458	0.012667157161086975	-0.0019104771505900923	-0.10070007151512028	-0.07410431018771287
RbsR	0.1013855805294614	0.0899616767661218	-0.3260588417983507	0.11325713461201521	0.06003288008909088	-0.16785719252216882	0.23853728709958105	0.0031997047235591287	0.19942242663666873	0.17496455299262736	0.1128720851081676	-0.10049764997784197	0.06772972568015986	-0.02752466738796912	-0.047016667215586075	0.32348770335696997	0.011971205989050366	0.08755010188049368	-0.05179126058562377	-0.1279253975740706	-0.010776786342337596	-0.08998880302940133	0.3792137323759305	0.1863604480685451	0.30762104856561917	0.2240279418805112	-0.07861062567268953	-0.022418414457071836	-0.28597381593403476	-0.08287418180372146	0.008559536412935621
Rex	-0.02143063666710097	-0.010319576601859006	-0.14306010726321206	0.35383965288012614	0.11726393238891536	-0.061597545090877066	0.09242217751726084	0.06295662201210184	-0.04018823506552681	-0.07692271406979335	-0.08487021814618427	-0.06172640645182311	-0.0735661572697166	0.13882853024873942	-0.051112791348617834	0.3905838502456401	0.12849563197938596	-0.13887686430220098	0.08634023700594476	-0.06201518218419336	0.0457771069193273	-0.017796293136411456	-0.30918815748277745	0.104760802590593	-0.0903325064939507	0.12631390278357543	-0.06782868712578963	0.2014320763891001	-0.25596877602292656	-0.09917676821250984	-0.14891366889498836
RutR	-0.2783838891860522	0.06757845137983244	0.08529140457328803	-0.31261916786049243	-0.18757367371851663	0.1252114902355248	-0.1259519197423683	0.17455723516451607	0.2167870360540602	0.200590769766615	0.10835771180251949	0.10959766205909684	-0.015563431258172633	-0.05569453927463898	0.10883329498246347	-0.19934362481416484	-0.006738564311017094	0.15431440141753913	0.07033363396925665	0.22084557355049314	0.17515440683827027	-0.017914437640112302	0.2560653075638338	-0.11230430297247501	-0.025341147840192268	0.02849609573065612	0.15664923787724386	0.017279887446353146	-0.10316576613186498	-0.016983211288678156	0.16164783470007105
SahR_SamR	-0.29371317387930973	-0.11979052592186025	0.5740922723206215	-0.17616745854246757	-0.42483630683216833	0.407393930404068	-0.5700912685582806	-0.18569510055455118	-0.32577533497237965	-0.3648824535525865	-0.29020278973816815	0.0893358801924923	-0.03821726928062408	-0.13826854143854633	-0.1269666984477951	-0.24083302965353576	-0.04733401956904007	-0.24221568897648602	0.015858702978823032	0.22147459271039505	0.02563656003956297	0.05828254911515884	-0.19460085311216346	-0.1466939145356778	-0.5962141312721687	-0.32152501161493596	0.11943744280152908	0.17049056192561893	-0.4028997058376345	-0.03461463674867991	-0.32519435269405195
SdaR	-0.07548525448665025	0.10087806212148528	-0.043670126222007964	0.0700140167169963	0.1185653049073405	-0.15784472328965238	0.0014207944864733733	0.17593138738796196	0.16338144784876968	0.0581798841890397	0.22788658466647327	0.0012412268134263825	-0.06013402023179711	0.1009197225326245	-0.2874716460169305	0.022527450283877166	0.04869931129466353	0.12235406588886509	-0.0995582083064349	-0.08422139062337128	-0.02828187579061702	-0.03955229258633333	0.41740950049946846	0.10229099423356895	0.017206515595608568	-0.08974041502465668	-0.15882778466692096	-0.00019863431850428485	0.2475532999853579	0.15388604427222113	0.03483187072084784
SiaR	-0.24894443134302874	0.07820975915585204	0.3672026737001173	0.005995753759262886	-0.2331405723346786	0.2505504540376673	-0.25564224199879065	-0.14668513852344292	-0.27003301848558753	-0.32023958217918436	-0.32521596303756767	0.03439739665965923	0.0925716460777271	-0.09790065242549653	-0.009974029389741864	-0.07163405054297631	0.07795054002561773	-0.2056021432083072	-0.03481376523359556	0.08094071982046538	0.00755475889648853	0.0881469923980229	0.3010660688588067	-0.019414105005270143	-0.4564249651601026	-0.20009999457576594	0.07717157377199803	0.18553613785467876	0.08136522932145043	0.12529979931685067	-0.044337656462670134
SoxR	-0.10645323716414655	-0.005184703617823379	0.15393244364509504	-0.18981056819235884	-0.3052609189073062	0.16588019338898907	-0.1613407866678611	-0.05541499529032256	0.013032808963850022	0.08085382985838468	-0.033209974470533275	0.07192393654644379	0.023744402384201422	-0.09995800261946682	-0.15068871429366762	0.20850046611660414	-0.13062560426378136	-0.06833731872178371	-0.11551948713184178	-0.07795806974574604	0.050270857589596145	-0.1611391540371143	-0.15969782361996493	-0.05493136049833705	-0.08847704857060419	-0.050511410937614236	-0.015283323811909862	-0.09116925740290784	-0.048793352011696656	-0.053963829762689174	-0.13621042627058824
ThiR	-0.19892029826517507	0.0262422023749688	0.3370818287589637	0.012061075783029467	-0.21860334019246394	0.20423583073364515	-0.34125770550461343	-0.10295667194286166	-0.28482149096083254	-0.3760809403226489	-0.2037665686486687	0.06632045228601749	-0.010406139643095693	-0.022533462775378526	-0.16798711332096547	-0.0239860621727613	0.024446339396142013	-0.25283661696026133	0.009661213457315476	0.09456539696358346	0.055913102489670435	0.03805869733428371	0.011305069300932225	-0.17539449896335835	-0.4543709025030255	-0.2492223299207826	-0.0008618851580685912	0.11990242561948844	-0.1970370023225156	-0.023400531584781732	-0.17955235631527958
TrpR	-0.1402719939832677	-0.05589606488647583	0.1306859004964516	-0.12457357230461624	-0.15998918666532772	0.23524667293991128	-0.24225049822203096	-0.09483645481121043	0.0033093259653710254	-0.055381836201803765	-0.03699490666577722	-0.06927343633887503	0.024169734074703273	-0.20504112021917908	0.05449883296741616	0.2747052390731784	-0.01065572104311703	0.017164200034399692	0.1717906881798948	0.19038883224697076	0.007009265213662477	0.07503295248722913	-0.38492114600358557	-0.05840320538878228	-0.10592433839820127	-0.011157413630864364	0.05966461201864364	-0.051700748142458404	-0.028340697853538915	0.05665391857368209	0.06370175220609602
TtrR	0.06084664515453434	0.12545847080222997	-0.17383222624472144	0.15112803652591547	0.07102434363037903	-0.1251512300040328	0.14019513255534782	0.024146173915432178	0.011055193673315566	-0.03660123739433826	0.031207837157011382	-0.07277112310163956	-0.0034524880272616184	0.04599212445455433	-0.13325881850447469	0.4447145581220068	-0.018246860230006285	-0.1383647185211234	-0.2034842392894981	-0.2590178760833366	0.06876506510131317	-0.11458275782085298	0.37811615283215066	0.10228676027638549	0.13903691667540136	0.02615188327048297	-0.05890579235032914	-0.1272311231878328	-0.06706595248881293	-0.05675115069938063	0.12612946936807012
TyrR	-0.029175239751848485	-0.039366200692324584	0.0058753725704697056	0.13905150112855186	-0.1869617562058272	0.14631879516620236	-0.08877446401298168	-0.2633384420655148	-0.2848040340793272	-0.1834562666816741	-0.24569668002994258	-0.055281530345880896	0.10230212257215092	-0.2393100006690389	-0.1862059896815289	0.048782464283791564	0.175431197310905	-0.21216004799553378	-0.0022829089576915824	0.015999071797194408	-0.09699436318756141	-0.03108444073686963	0.04598858288437478	-0.0030794981914436938	-0.09659943805762916	0.03932805531775399	0.0678866614637763	0.12573033055913377	-0.012658376212498771	-0.13602774385225613	0.010340711620251703
VanR	0.25650477707472	-0.026859870463547226	-0.2999870208732171	0.24515856411102063	0.2857382355230087	-0.35649257640302046	0.21141623489856626	0.153683089773877	0.16292008740898548	0.03329645630705172	0.1435621721063956	-0.05065851096328721	-0.06045852397386937	0.26131999564358477	-0.03362372201657211	0.035817025271488154	0.012117696517550739	0.19373011624504238	-0.165781651957925	-0.13350473645257918	-0.06468864995947149	-0.047928116085545855	-0.08352580328164488	0.09982965379091185	0.28717020221694506	-0.002900786042266575	-0.1717934232779857	-0.13624237027762523	0.06230734069041062	0.16503532801898696	0.13557959338466377
XylR	-0.2657396629017966	-0.11085577739852134	0.49736709142404195	-0.06123810897997465	-0.1343179896432534	0.23263462367485432	-0.2547655815709666	0.016245422111663417	-0.2024524424979542	-0.3556007398131503	-0.18022041364429398	0.2729169186182558	-0.0726610236177222	-0.0786297331529821	0.08901673296487482	-0.08751671333304799	-0.04958118427623577	-0.09004986105003895	-0.036858125710859606	0.19087250523206037	0.006217313541607786	0.10198855372634293	0.063769371493608	-0.18169039329517792	-0.47044292256485765	-0.3803095586795999	0.05880272686057505	0.08407944032217647	0.30840727155507425	0.17112854122942875	0.1128201324022916
ZntR	0.14120023385621142	0.13246836623902336	-0.2569565801855088	0.19690910777412474	0.12139437559956912	-0.11687471897872814	0.20816150710331166	0.07510203277105192	0.0015187486909653011	0.11398347340579242	0.07918771886653231	-0.10317364690800211	0.01710366509107988	0.15055177425343394	-0.08726782603167024	-0.0960252826848721	0.09220699825927389	0.03925719351431257	-0.12892352624706538	-0.18821718939977541	0.009915826433298885	-0.10894166867572633	0.07913548510652557	0.26263659804781453	0.14670904474554383	0.1854121120788259	-0.009440798861474793	0.05526837629441771	-0.027883589823643126	-0.14892720586159566	0.25104056541724695
Zur	-0.3852357711895154	-0.08462632239498662	0.45014624694642863	-0.25876817792985457	-0.3859292501863045	0.40940801275662747	-0.4469355932839716	-0.06379458053674397	-0.1570271429808229	-0.15652387452556848	-0.21728418363168278	0.048403209955885027	-0.08535259675855536	-0.12788440111040053	-0.08505210559373814	-0.3513633972334223	-0.17630721067133723	-0.11554252700053341	0.21355814161795322	0.2906373867853573	-0.02085363199526586	0.23027607397649388	-0.1438926781895354	-0.2592748360441395	-0.46758491882809006	-0.12973824533103157	0.24072362282552218	0.2605277335394043	-0.36785475687895736	0.12568872781964482	-0.27853127304405245
