	FixJ	GlcC	FruR	BioQ	NifA	CueR	MerR	NmlR	RbsR	AcnR	FadP	PaaR	FabR	HrcA	LiuR	PurR	GntR	NnrR	NtrC	PdxR	CsoR	PhnR	HypR	ZntR	HexR	NikR	HisR	PsrA	SoxR	NagQ	PhsR	TrpR	QorR	SdaR	LexA	PrpR	NarP	TyrR	HcpR	AmtR	CadR-PbrR	AgaR	GulR	IscR	KdgR	NagC	MetR	FUR	SahR_SamR	AraR	RbkR	ArgR	NrtR	Phr	NsrR	Zur	MntR	ThiR	BirA	XylR	CzrA	NadQ	LldR	Irr	SiaR	CblR	NagR	Rex	CcpA	LiuQ	PhrR	ModE	NiaR	HutC	PhnF	ExuR_UxuR	TtrR	NrdR	PdhR	LtbR	MetJ	FadR	NorR	RutR	DasR	FnrN_FixK	GguR	VanR
Oxygen	0.0816221284575715	0.1714017815283638	0.26994842944210035	0.40609470229723393	0.3405532114392874	0.3350445382090952	0.376769807782466	0.4349507735583685	0.4337318330989217	0.4438584153774027	0.48190342240975154	0.45192217533989687	0.7454524144397562	0.6358180965775903	0.63441162681669	0.660196905766526	0.6687060478199719	0.5977730895452414	0.6122362869198312	0.25829817158931084	0.3374355368026254	0.13687294889826535	0.07402719174871074	0.25103141115799343	0.15002344116268168	0.21078293483356775	0.25093764650726674	0.31828410689170183	0.170042194092827	0.4186122831692452	0.2645100796999531	0.4254102203469292	0.5887013595874355	0.5261603375527426	0.18666197843413032	-0.06207219878105954	0.16465072667604314	0.14739803094233475	-0.09153774027191748	0.10218002812939522	0.16275199249882794	-0.7289967182372246	-0.7101031411157993	-0.5522503516174402	-0.6360759493670886	-0.5582512892639475	-0.7071261134552274	-0.6508907641819034	-0.6147913736521331	-0.45750117205813406	-0.4388888888888889	-0.3751992498827942	-0.4146741678387248	-0.353398968588842	-0.46225972808251287	-0.48462259728082513	-0.5085794655414908	-0.4641819034224097	-0.27400375058602905	-0.40208626347866855	-0.29664791373652133	-0.34643694327238633	-0.35646976090014065	-0.5721518987341773	-0.6389826535396156	-0.4473980309423347	-0.5357946554149086	-0.008040318799812471	-0.3062587904360056	-0.16849507735583685	-0.17925457102672293	-0.18626347866854195	-0.1596812001875293	-0.16207219878105955	-0.1780825128926395	-0.2943741209563994	-0.17182372245663385	-0.19706985466479138	-0.11251758087201125	-0.16364275668073136	-0.05002344116268167	-0.05405532114392874	0.018846694796061884	-0.3052977027660572	-0.12030004688232536	-0.0857712142522269	-0.37449601500234414	-0.41373652133145805
Fluorescence	0.14406124672398418	0.15678040884180808	0.3938680250074458	0.47008562613836746	0.3444641216234772	0.3946469976156187	0.3789458309821328	0.45759772151359496	0.45541903250011123	0.4834133606063265	0.5444409958778758	0.4829386741732211	0.744137926851212	0.6379907375406454	0.7018543199638243	0.6962189400015731	0.7034974653091891	0.5714981225648829	0.6103250385035032	0.4066237014662778	0.3238335189538969	0.26292759815237465	0.03249776349721509	0.2615035388530585	0.15678040884180808	0.2053323109355875	0.12790973655139826	0.2693662936168042	0.2128420937362548	0.2939526165622628	0.10259312678577752	0.2460092868186185	0.5090464279940174	0.47008562613836746	0.141371356936387	-0.045922869541195704	0.06337672454307078	0.10231318350471537	-0.018926600089202047	-0.021677347111812763	0.08872984864969963	-0.7067594131059133	-0.6581953395651312	-0.6058094316655006	-0.6628448323201636	-0.5946847291050308	-0.695817282250484	-0.661968488135969	-0.6638915767623959	-0.49388080502865045	-0.5332554360823923	-0.4554068610531085	-0.48582330711286154	-0.4254164156384501	-0.5755755573107881	-0.53657824111413	-0.5423961927814217	-0.5436011660346892	-0.33498256440837215	-0.39939386194667265	-0.3620031767543712	-0.43567694546172814	-0.4526439425834951	-0.49775132517550974	-0.6091322366972384	-0.28487271709824685	-0.5229218775770981	-0.1323158003663765	-0.2861385475865279	-0.03687948441818791	-0.1834845635657369	-0.2867349484896603	-0.18583365283725842	-0.2673945192023664	-0.35213213323517967	-0.2848970599922523	-0.19502309532429865	-0.34554738040671773	-0.15674389450079998	-0.04572812638915247	-0.12256647131721196	0.18902257195196642	0.13703832180342498	-0.23257200932763517	-0.007850583316742972	0.09078682319315631	-0.3782277156089734	-0.31884322568278894
ChlorophyllA	0.10864363376852357	0.07558456823810923	0.34402418034507365	0.3786784769740985	0.24327274253809664	0.3316401494479661	0.3441920994080853	0.3757608832542714	0.39165022459174675	0.47057218420721214	0.4733008689811511	0.4371562906678981	0.6276604676545905	0.47449729230510895	0.671004575794467	0.6804920028546241	0.5440157843919231	0.46112673691280803	0.49626380084799127	0.24386045925863734	0.22965030855127827	0.239494563620335	0.050228789723353345	0.1058309894630788	0.18076487133201796	0.08962679988245666	0.2401242601066286	0.29740565047647033	0.22578817010201083	0.17308257419923598	0.20368582343310523	0.13901599429075187	0.35495990932370597	0.25653834851601526	0.1271567104655556	-0.03116997607153352	0.026342303009949206	0.03897821250157424	-0.05369212039796818	-0.009655346123168632	0.018156248688132322	-0.6247848537005164	-0.5452541874816339	-0.5422736241131775	-0.5537970698123504	-0.4964736996767558	-0.6187187775492212	-0.5636623147642836	-0.5588556315855757	-0.43423869694807105	-0.4450904663951975	-0.37322110742622056	-0.4058813651819823	-0.36788967717560134	-0.49250661181310607	-0.4433273162335754	-0.45424205532933126	-0.4417320851349649	-0.23838209982788297	-0.3317241089794719	-0.3076277234373032	-0.3290583938541623	-0.453906217203308	-0.4178455984215608	-0.5005457369547878	-0.2748835061500357	-0.41885311279963056	-0.11672473867595819	-0.3282397884219806	-0.07883800008395953	-0.09560891650224591	-0.2662776541706897	-0.17312455396498888	-0.3386087905629487	-0.390411821502036	-0.17161328239788423	-0.12428109651148146	-0.2651651903782377	-0.1797993367197011	-0.07413626631963394	-0.07300281264430544	0.12046093782796692	0.11668275891020528	-0.22975525796566054	0.021598589479870704	-0.01236304101423114	-0.38134419209940806	-0.22906259183073757
Carbon.total	0.2732893372346307	0.13037860399642984	0.31263633281411596	0.424369573792301	0.36454324506162894	0.3889128178887536	0.40002778839143305	0.5131504006824531	0.4605765902047793	0.546161863075411	0.4944216753854382	0.581563044126445	0.6136019466004184	0.47324765657783385	0.6997985428486976	0.6812643295354796	0.5970128531251694	0.48925321410169226	0.5324626619308586	0.24908648896504626	0.3003265029823985	0.21526919121064406	0.06052101438708955	0.2714553671016886	0.15310871867440928	0.15613754813638944	0.07441472751543884	0.13610281380530975	0.24355679113996323	0.1626953807329703	0.2106009035995187	0.309496353647109	0.404918375412612	0.28143105312784344	0.36412643366777847	0.12843348415846093	0.020701632561240458	0.1825911779327665	-0.016783605459045954	0.2361931231819381	0.13621396351033654	-0.6817367157818435	-0.5947342841721202	-0.4959777712558133	-0.6330531449801075	-0.5717818700840871	-0.6700382093277734	-0.6423341453498448	-0.5999861077346361	-0.47774921963141903	-0.4847516510481071	-0.40527961195394907	-0.44090309241503667	-0.40116707286795766	-0.4952830855993958	-0.5046196608216466	-0.5282667605660971	-0.5317401888481844	-0.34725946592996243	-0.4245362983498412	-0.367210837982272	-0.3814657876519584	-0.40753039348074166	-0.5055088584618609	-0.5207641554767884	-0.4364015293614515	-0.46782910845777764	-0.1664744707038813	-0.30863494343315134	-0.14457797881360282	-0.22713442222225436	-0.29774227234052547	-0.23730462023220605	-0.3118860723051851	-0.29852032027571307	-0.29682528727405444	-0.19384508556672944	-0.227717958173645	-0.07916637740533432	-0.0772212575673654	0.01950677323220242	0.039763806973335696	0.19945814567058254	-0.14666203578285522	-0.05902049336922783	-0.045210142519648625	-0.21510246665310387	-0.2636193128972996
Latitude	0.1548213760967214	0.1578858989966836	0.29228411905461565	0.43106922463372654	0.31033541832836575	0.3690441207338063	0.3037865748709122	0.18985349061752235	0.23861298853952395	0.37204567398513916	0.38380000839595313	0.4190630116283951	0.2568112169934092	0.37299021871457955	0.44639183913353764	0.44555224381847947	0.3261408001343353	0.3442340791738382	0.4149699844674867	0.2152302590151547	0.32677049662062885	0.28275471222870574	-0.16418286385961967	0.07472398304017464	0.007304479241005835	0.035283993115318414	0.020863943579194827	0.1803450736744889	0.13920490323663995	0.1880693505730238	0.12167835103480122	0.16103438142815163	0.40798035346962763	0.14472524243314722	0.2551320263632929	0.25844842785777256	0.038264556483774824	0.0031484824314680325	0.0996809537802779	0.19772469669619244	0.1522816002686705	-0.45835607237311615	-0.4587338902648923	-0.33590109567188614	-0.45592124595944755	-0.4355190798035347	-0.452101087275933	-0.47777171403383567	-0.4583350824902397	-0.47617648293522524	-0.308866126527014	-0.3918601234205113	-0.365790688887956	-0.38552117879182235	-0.4038873263087192	-0.41005835187439654	-0.4248981990680492	-0.43933923848704926	-0.31367280970572187	-0.2982452457915285	-0.3516015280634734	-0.3331514210150707	-0.3771252256412409	-0.320620460937828	-0.42420553293312624	-0.08656227698249444	-0.3911884471684648	-0.1678351034801226	-0.31379874900298055	0.01649804794089249	-0.273834012006213	-0.21430670416859074	-0.08133579614625751	-0.1856345241593552	-0.1501616220981487	0.04959909323705974	-0.004722723647202049	-0.18045002308887118	-0.002518785945174426	-0.06674782754712229	-0.13972965030855128	0.012635909491625037	0.03287015658452626	0.03855841484404517	0.1224129969354771	-0.09825364174467907	-0.14077914445237397	-0.20118802737080727
Gradient.Surface.temp(SST)	0.03455912508544087	0.06094326725905673	0.22354066985645932	0.31901572112098425	0.2010116199589884	0.3609022556390977	0.15876965140123034	0.2581818181818182	0.37826384142173614	0.19797676008202325	0.39324675324675323	0.38657552973342446	0.4331373889268626	0.37872863978127136	0.4443198906356801	0.30944634313055364	0.4377306903622693	0.3680382775119617	0.35406698564593303	0.2541626794258373	0.2679152426520848	-0.10236500341763499	0.051756664388243334	0.05829118250170882	-0.11650034176349966	0.36308954203691046	-0.012385509227614491	0.08325358851674641	0.11136021872863978	-0.03163362952836637	0.05356117566643882	0.1762406015037594	0.32656185919343816	0.1321667805878332	0.003827751196172249	-0.0955023923444976	-0.001695146958304853	0.090580997949419	0.023485987696514013	0.17161995898838003	0.18734107997265892	-0.36954203691045795	-0.38813397129186605	-0.33621326042378674	-0.4251811346548189	-0.43915242652084757	-0.4090498974709501	-0.44494873547505126	-0.3989336978810663	-0.28995215311004785	-0.298838004101162	-0.30452494873547503	-0.36374572795625426	-0.33692412850307585	-0.39365686944634315	-0.38810663021189334	-0.32235133287764867	-0.36781954887218044	-0.2845933014354067	-0.22570061517429937	-0.26220095693779905	-0.27059466848940533	-0.24205058099794943	-0.22173615857826384	-0.25927546138072455	-0.14693096377306902	-0.3363773069036227	0.01263157894736842	-0.22734107997265893	-0.14373205741626793	-0.24571428571428572	-0.18045112781954886	-0.20188653451811348	-0.09238550922761449	-0.2473274094326726	-0.24451127819548873	-0.18179084073820917	-0.16776486671223514	0.07327409432672591	0.05071770334928229	-0.06241968557758031	0.17260423786739576	0.008749145591250854	0.15830485304169514	0.02304853041695147	-0.030211893369788106	-0.2182365003417635	-0.2161038961038961
PAR.PC	0.162406015037594	0.47518796992481205	0.15338345864661654	0.3518796992481203	0.4631578947368421	0.14736842105263157	0.18947368421052632	0.29172932330827067	0.33533834586466166	0.2857142857142857	0.362406015037594	0.3894736842105263	0.11428571428571428	0.013533834586466165	0.29473684210526313	0.2631578947368421	0.3067669172932331	0.3849624060150376	0.38345864661654133	-0.08421052631578947	-0.2887218045112782	-0.4195488721804511	-0.6345864661654136	-0.38646616541353385	-0.11879699248120301	-0.20150375939849624	-0.02706766917293233	0.11127819548872181	0.3037593984962406	-0.06917293233082707	0.33533834586466166	-0.3218045112781955	0.05263157894736842	-0.05413533834586466	0.5233082706766917	-0.2992481203007519	-0.2631578947368421	-0.12030075187969924	0.09774436090225563	0.031578947368421054	-0.1924812030075188	-0.1593984962406015	-0.23759398496240602	-0.18796992481203006	-0.05112781954887218	-0.07368421052631578	-0.11127819548872181	-0.22255639097744362	-0.20902255639097744	-0.3804511278195489	-0.22406015037593985	-0.3037593984962406	-0.16390977443609023	-0.15639097744360902	-0.19548872180451127	-0.26917293233082706	-0.19699248120300752	-0.11729323308270677	-0.10977443609022557	-0.32781954887218046	-0.23308270676691728	-0.18345864661654135	0.09774436090225563	-0.1548872180451128	-0.20451127819548873	-0.20300751879699247	-0.17894736842105263	-0.05112781954887218	-0.19548872180451127	-0.039097744360902256	-0.28721804511278193	-0.36390977443609024	-0.22105263157894736	-0.7233082706766917	-0.24511278195488723	-0.281203007518797	-0.39398496240601505	-0.08571428571428572	-0.14586466165413534	0.10827067669172932	0.45714285714285713	-0.23308270676691728	-0.22706766917293233	-0.05413533834586466	-0.042105263157894736	-0.019548872180451128	-0.061654135338345864	-0.06917293233082707
Mean Flux at 150m	0.20316742081447964	0.20823529411764705	0.55710407239819	0.37402714932126696	0.0416289592760181	0.2541176470588235	0.2702262443438914	0.20995475113122172	0.006968325791855204	0.32416289592760184	0.3195475113122172	0.1884162895927602	0.14895927601809955	0.10733031674208145	0.272579185520362	0.396289592760181	0.26733031674208146	0.23457013574660635	0.3172850678733032	0.4982805429864253	0.10778280542986425	0.29800904977375564	0.04389140271493212	0.07203619909502262	-0.030497737556561086	-0.07809954751131222	-0.10597285067873304	-0.0734841628959276	-0.05855203619909502	-0.0730316742081448	0.1232579185520362	-0.26760180995475114	0.02072398190045249	-0.1411764705882353	-0.33647058823529413	-0.007873303167420815	-0.25610859728506785	-0.2504977375565611	-0.10678733031674208	-0.09592760180995476	0.12615384615384614	-0.3211764705882353	-0.33918552036199096	-0.46452488687782806	-0.4314027149321267	-0.40479638009049773	-0.41429864253393667	-0.41203619909502265	-0.44054298642533934	-0.31085972850678734	-0.3630769230769231	-0.42380090497737555	-0.44588235294117645	-0.37176470588235294	-0.40144796380090497	-0.41936651583710405	-0.4713122171945701	-0.4660633484162896	-0.2973755656108597	-0.34135746606334844	-0.22787330316742083	-0.16597285067873302	-0.1204524886877828	0.12199095022624434	-0.06253393665158372	0.07746606334841628	-0.04986425339366516	-0.2644343891402715	-0.25547511312217197	-0.23375565610859728	-0.2065158371040724	-0.22705882352941176	-0.2065158371040724	-0.386606334841629	-0.3860633484162896	0.008687782805429865	0.061447963800904976	-0.0820814479638009	-0.09909502262443438	0.2546606334841629	0.2323076923076923	0.39040723981900455	0.4006334841628959	0.19457013574660634	0.463710407239819	0.2697737556561086	0.03239819004524887	0.4643438914027149
NPP 8d VGPM (mgC/m2/day)	0.18860794665184774	0.17499305362600723	0.47090858571825506	0.23828841344818005	0.14648513475965547	0.29158099472075577	0.2863573214781884	0.3188107807724368	0.1954987496526813	0.2980272297860517	0.4638510697415949	0.13437065851625452	0.3674909697138094	0.3054181717143651	0.3952764656849125	0.44634620727979996	0.38605168102250625	0.3305918310641845	0.3822728535704362	0.22422895248680189	-0.07707696582383995	0.12848013337038067	0.0657404834676299	0.15732147818838566	-0.04367879966657405	0.16510141706029452	-0.25156988052236734	-0.12420116699083078	-0.0955265351486524	0.09469297026951931	0.0739094192831342	-0.02172825784940261	0.09886079466518477	-0.04823562100583496	-0.3718255070853015	-0.10780772436787997	-0.3611558766323979	-0.28085579327591	-0.14159488746874133	-0.05812725757154765	0.1972770213948319	-0.4774103917754932	-0.42650736315643234	-0.4727979994442901	-0.564156710197277	-0.5357599333148096	-0.544762434009447	-0.45823839955543205	-0.44995832175604333	-0.25684912475687693	-0.44012225618227285	-0.3493748263406502	-0.45812725757154765	-0.39877743817727146	-0.41022506251736596	-0.4196165601555988	-0.5036954709641567	-0.47729924979160876	-0.3358710752986941	-0.2973603778827452	-0.11147540983606558	-0.23639899972214504	-0.304306751875521	0.020505696026674076	-0.15181994998610726	-0.09480411225340372	-0.07874409558210614	-0.2657404834676299	-0.4549597110308419	-0.34465129202556266	-0.0945818282856349	-0.1403723256460128	-0.11847735482078355	-0.11603223117532648	-0.04984717977215893	-0.27174215059738815	0.06629619338705196	-0.013448180050013893	-0.026118366212836898	0.35009724923589886	0.2617949430397333	0.4123367602111698	0.301083634342873	-0.02289524868018894	0.2615170880800222	0.13559322033898305	0.05451514309530425	0.18266185051403167
HCO3	-0.18181818181818182	-0.412987012987013	0.06623376623376623	-0.13766233766233765	-0.12727272727272726	-0.22077922077922077	-0.13636363636363635	-0.2064935064935065	0.14935064935064934	-0.04285714285714286	0.0	0.05844155844155844	0.21168831168831168	-0.03636363636363636	0.09220779220779221	0.11038961038961038	0.2584415584415584	0.14155844155844155	0.03766233766233766	-0.2506493506493506	0.14415584415584415	0.053246753246753244	0.4012987012987013	-0.02987012987012987	0.00909090909090909	0.07272727272727272	0.005194805194805195	0.09220779220779221	0.048051948051948054	0.16753246753246753	0.22597402597402597	0.2701298701298701	0.24285714285714285	0.1961038961038961	0.1038961038961039	-0.2727272727272727	-0.048051948051948054	0.03506493506493506	0.412987012987013	0.06753246753246753	0.11688311688311688	0.07922077922077922	-0.02987012987012987	0.17142857142857143	0.04025974025974026	0.01818181818181818	-0.03766233766233766	-0.016883116883116882	-0.02077922077922078	0.05714285714285714	-0.16623376623376623	0.03116883116883117	0.025974025974025976	-0.0025974025974025974	0.016883116883116882	0.045454545454545456	-0.01948051948051948	-0.04935064935064935	-0.08441558441558442	-0.08311688311688312	-0.09610389610389611	-0.005194805194805195	-0.2051948051948052	0.1025974025974026	-0.13376623376623376	-0.12987012987012986	-0.13636363636363635	0.41688311688311686	0.20909090909090908	0.08701298701298701	0.08571428571428572	-0.05974025974025974	-0.03506493506493506	0.16623376623376623	-0.05974025974025974	-0.2831168831168831	0.003896103896103896	-0.3246753246753247	-0.1987012987012987	0.06363636363636363	-0.02727272727272727	-0.0987012987012987	-0.09480519480519481	-0.12857142857142856	-0.2519480519480519	-0.12207792207792208	-0.11558441558441558	-0.17012987012987013
Alkalinity.total	0.1862612726623985	0.03876813205555067	-0.04477937050910796	0.10855076975554187	0.1673563633229502	0.03894237085130595	0.03345384878501451	0.24558958261707267	0.24088513513168	0.23304438932269222	0.28749401299621846	0.28540314744715506	0.33819750256100606	0.15036808073681002	0.262055148815947	0.15855730413730837	0.2759071330784921	0.19959054053767772	0.12066036606053411	0.1466219466280714	0.19244674991171107	-0.01568149161797555	0.11247114266003576	0.037635579883141326	0.076403711938692	0.12754279849286781	0.12005053027539062	0.005140044474780875	-0.08415733834980213	0.05854423537377539	0.00400749230237153	0.2062116147763785	0.17179945261470994	0.14461820047688564	0.2282528224394219	0.04338546014306569	-0.172757765991364	0.19174979472868994	0.08354750256465864	0.22790434484791136	-0.014548939445566206	-0.3057890865505233	-0.20150716729098583	-0.19802239137588015	-0.2251165241158268	-0.1918369141265676	-0.21832121108137073	-0.24349871706800927	-0.2284270612351772	-0.2136167635959781	-0.191488436535057	-0.10585006842133497	-0.0990547553868789	-0.07500980157264972	-0.17894324324067656	-0.1478416181983584	-0.1455765138535397	-0.17136385562532172	-0.048438385219968925	-0.16578821416115264	-0.08511565172645619	-0.23417694149510157	-0.16056105028849413	-0.09931611358051183	-0.18896197399660541	-0.16901163188262538	-0.23931698596988246	-0.017946595962794243	-0.32626214505176915	-0.2207605542219447	-0.07945289086440946	-0.11177418747701463	-0.059851026341940027	-0.022041207663043415	-0.09992594936565533	-0.17101537803381117	-0.1320730071825052	-0.28496755045776684	-0.263274820386234	-0.03632878891497669	-0.22006359903892359	-0.18242801915578225	-0.17423879575528392	-0.1622163188481693	-0.33854598015251663	-0.08485429353282327	0.05314283270536159	-0.24863876154279013
Density	-0.021560496729465285	0.09337077306516037	0.030463316681359584	0.06792481579434269	0.1210587607884111	0.10995744495597566	0.11165529325975991	0.17630413251923685	0.13673120666949642	-0.02780770779595346	0.1981367203230265	0.20462337153492016	0.3423449897149574	0.25975990683601613	0.26670367105277476	0.2914966097452139	0.2818754693571032	0.2884274224268347	0.2621107737181789	-0.07591340973650701	0.0692743875229917	-0.19837616046843198	-0.04067217379001099	0.08272657023758992	0.07336663728083063	0.05312306135109544	0.1484420065084185	0.10939149552138092	0.02552214277162852	0.34325921572468737	0.2280667384987103	0.423406362577682	0.2355546848641177	0.23792731903222647	-0.015400354806760918	-0.04276183324082237	0.11413676385759841	0.01923139713324844	-0.06646640763596391	0.16095819592734079	0.20771432613924531	-0.30588478575548805	-0.28126598535061653	-0.18927743494302413	-0.2594551648327728	-0.2131561476257333	-0.2950229100684581	-0.2622631447198006	-0.20490634625221754	-0.09330547120732252	-0.1443715240365255	-0.0734319391386685	-0.09265245262894396	-0.10597403162786648	-0.11701004560246406	-0.1591079766219349	-0.16176358550734102	-0.16602997355274757	-0.07782893089975076	-0.20116237306951382	-0.060567473144610966	-0.08845136644137526	-0.14765838421436422	-0.19112765424843003	-0.1717983043284248	-0.317660887452248	-0.32253675950414123	0.08429381482569846	-0.224126859742493	-0.3935198789738901	0.03359780585757665	-0.011199268619192217	-0.07687117031812889	0.07408495771704705	0.043458386391092826	-0.11896910133759972	-0.09519922508462032	0.017446479685680392	0.005387403271623078	0.12301781652354676	0.07025391539055953	0.06918731837920788	-0.03860428162514557	-0.200639958206811	-0.27747847759602096	-0.215093436074923	-0.06150346644028689	-0.27954636976088637
Si	0.07268912748364803	0.04998148833765272	0.026471677156608663	-0.041589534740219675	0.11862890287547821	0.07904479822288041	0.13791188448722697	0.15845982969270642	0.0930519560656547	0.15580649142292977	0.07944588424040479	-0.01770949031223004	0.12075774404541528	0.012711341478464765	0.15198074787115884	0.11764161421695668	-0.008731334073799828	0.0426693817104776	0.03153153153153153	0.11551277304701962	0.18851042823645564	0.17888436381587067	-0.08015549796371714	0.1449463161791929	0.009194125632481797	0.12304084906824633	0.01706158213007528	0.04479822288041466	0.0427310872516352	-0.04911761076144638	0.02684191040355424	-0.12591015673207454	-0.07083796124892015	-0.0016043440700974948	-0.04479822288041466	0.08256201406886339	-0.15731827718129088	-0.006047143033444403	-0.0273972602739726	-0.2147969887695915	-0.007096137233123534	-0.08058743675182031	-0.03909046032333704	-0.13831297050475133	-0.0960446748117981	-0.09641490805874367	-0.09413180303591262	-0.09579785264716771	-0.06374182401579662	-0.08965815130198691	-0.10233864000987289	-0.04146612365790448	-0.10869431074910527	-0.10310995927434284	-0.11023694927804517	-0.09622979143527088	-0.07811921510551648	-0.036005183265457236	-0.07870541774651364	-0.08142046155744787	-0.05803406145871899	-0.029094162655806492	0.09690855238800444	-0.0684931506849315	-0.021689497716894976	0.00033938047636677775	0.13945452301616684	-0.1783907194866099	-0.13454893249413796	0.08968900407256572	-0.046464272491669754	-0.04698876959150932	-0.18159940762680488	-0.16398247562631124	-0.09660002468221646	-0.015889176848080958	0.06997408367271381	0.04485992842157226	0.07898309268172282	0.1465506602492904	0.06343329631000864	0.029803776379118845	0.17280636801184746	0.05056769097864988	0.12569418733802296	0.12226952980377638	-0.12976675305442428	0.037239294088609154
NO3	-0.08492632331961204	0.07276619684200436	0.057784921021591704	0.1589896003192279	0.012808666556413424	0.008625583048116382	0.06683205512093182	0.11878011543327183	0.13794447476198154	0.09277365827316153	0.14926149913714176	0.23178822416517256	0.21216988678129883	0.1748788322499686	0.2778669967643206	0.17757027357701244	0.20156625649282492	0.11621838212198915	0.09520568356868307	0.1252006622134487	-0.017543009131695347	-0.07892732759065893	0.0737065799562727	-0.09222239920617666	0.20458196785927163	-0.06676720111305125	0.23707382580743935	0.0994211940809204	0.2253676773849957	0.049321472993176754	0.12260650189822571	0.0378423135983151	-0.034956310247629546	0.040371619905657505	-0.21635297028959585	-0.10464194171530664	0.02707654829013977	-0.13599885452556432	-0.21353182094679088	0.11874768842933155	-0.05626085183639821	-0.1516935244326633	-0.17089031076531327	-0.16638295721761337	-0.09131444309584862	-0.05645541386003993	-0.12980529677296945	-0.10386369362073974	-0.1433273574160692	-0.08670980853632784	-0.1561684509764229	-0.023574431864588758	-0.059698114254068645	-0.06835612430612531	-0.13385867226550535	-0.08745562962695444	-0.044100725358790525	-0.024093263927633352	0.03297826300727203	-0.064594591849052	-0.03187574487330227	0.08255915203197109	0.08006227272856897	0.016245928974083862	-0.017996987186859367	-0.17153885084411902	-0.1635293808708681	0.20114470544160118	-0.20013946831945228	-0.032945836003331744	0.13917670091171244	-0.12672473139864218	-0.26058340366414756	-0.20026917633521343	-0.3250482874974384	-0.02308802680548445	-0.20169596450858607	-0.10441495268772462	-0.0946544245016982	-0.019975034427216886	0.12056360064998763	0.11774245130718264	0.13603128152950458	-0.07237707279472091	-0.13768505873045925	-0.23386355241735093	-0.2668742424285632	-0.00943625814662356
PO4	-0.06290928444347048	-0.0470045585334121	-0.001295826359306405	0.022831226330636663	0.011739569755144933	0.06562434919630294	0.11588390013225852	0.19514527910983365	0.19790662337549847	0.22929955958012388	0.11605359167931055	0.07904540791769071	0.31409905359330614	0.20682314284786874	0.32539125472440483	0.23752188636000857	0.2394964789075231	0.09866792135861628	0.14348191628462945	0.14804816155075678	0.07670057926751722	0.06446736137549365	0.2680972178379288	0.021612532492717544	0.13849915540301078	0.24326054595122265	0.20980045817341797	0.16316613574266486	0.25231590396209	0.05966971854520447	0.0845680964490204	0.013081675627283709	0.09154087638243105	0.18255725161942857	-0.03327496972647519	-0.10198461977826957	-0.00041651561549134453	0.10044196935052385	-0.23571698535954608	-0.16589662699977478	-0.09117064027977208	-0.2280654392379273	-0.15563800165526573	-0.2139347613197765	-0.1731316575059022	-0.14255632602798202	-0.24782679121735	-0.127608043383126	-0.17189753716370562	-0.05252724706474178	-0.16143836726358965	-0.03369148534196653	-0.09009078498035007	-0.07460257468578305	-0.15653273890335825	-0.11426411718312551	-0.09010621148462754	-0.0678766188208117	0.01550363679884449	-0.05643015264693845	-0.01053630242150327	-0.06301726997341268	-0.08168334014913589	-0.11699460844023545	-0.1568412689889074	-0.23937306687330345	-0.12106720556948414	0.0467885874735277	-0.04467515638751606	0.038828511266359785	0.041080780890868536	-0.0322259674356081	-0.06832398744485796	-0.12651276157942654	-0.17223692025780968	-0.17931768572116255	-0.10804723595931026	-0.16045107098983238	-0.04450546484046403	-0.11890749497064013	0.04734394162751616	0.013498191242775053	0.1454873618406989	-0.17305452498451493	-0.078582612789367	-0.024157905698497982	-0.2894166467493746	-0.15465070538150846
CO3	0.20397428404441847	0.06820572764465226	0.27749853886616016	0.135885447106955	0.03518410286382233	0.09561659848042081	0.17194623027469316	0.23775569842197544	0.07399181765049678	0.16592635885447107	0.2218585622443016	0.26721215663354764	0.2130333138515488	0.039216832261835186	0.2358270017533606	0.23115137346580947	0.21338398597311514	0.1266510812390415	0.16399766218585624	0.15248392752776155	0.007130333138515488	-0.014611338398597311	0.15300993571011104	0.030391583869082407	0.0342489772063121	0.07036820572764466	-0.11390999415546464	-0.18305084745762712	-0.07615429573348918	-0.11624780829924021	-0.07843366452367037	-0.013909994155464641	-0.06504967855055523	-0.14044418468731737	-0.05967270601987142	-0.017942723553477497	-0.2065458796025716	-0.04284044418468732	-0.1977790765634132	0.17463471654003507	0.029924021040327296	-0.24243132670952658	-0.11490356516656926	-0.2054354178842782	-0.31227352425482174	-0.2636469900642899	-0.2516072472238457	-0.23448275862068965	-0.21531268264172998	-0.13395675043834016	-0.19497369959088254	-0.1043834015195792	-0.16294564582115723	-0.16931618936294565	-0.16937463471654005	-0.19970777323202804	-0.2541203974284044	-0.27019286966686146	-0.15032144944476913	-0.10116890707188779	-0.013909994155464641	0.038924605493863236	-0.12390414962010521	0.03185271770894214	0.0782583284628872	-0.020338983050847456	-0.09491525423728814	-0.12302746931618937	-0.2938632378725891	-0.3147282291057861	0.033547632963179426	0.00017533606078316773	-0.1368790181180596	-0.11426066627703098	-0.05096434833430742	-0.235885447106955	-0.1939801285797779	-0.050730566919929866	-0.028345996493278784	0.28018702513150207	0.13237872589129165	0.2572180011689071	0.24652250146113383	-0.08790181180596143	-0.0380479251899474	-0.048451198129748685	0.07369959088252484	0.15505552308591466
NO2	0.05819145890691856	0.12563964008841694	0.20320356737157616	0.00022216133458991563	0.12249975989287948	0.11371698179875814	0.18135770280356778	0.35907195971986094	0.1565644978633332	0.22371646393204503	0.27017780437261607	0.1907181003676229	0.30758977311755786	0.0974992043736943	0.32885801821563243	0.22758207115390958	0.18682287163447972	0.1783659301644236	0.15536482665654766	0.14631545496091844	-0.05594022404974076	-0.07266156716654174	0.11773069657701596	0.1677910506379436	0.1409539614194818	0.2793456621133599	0.006250138879796293	0.08756118733970542	0.005628087142944529	-0.028732865940295754	-0.010411961214447379	-0.01609929137994922	0.039144827154743135	0.03938179924497238	-0.17614431681852444	-0.09394462302025565	-0.22607137407869815	-0.11910809685147343	-0.28389256409463354	-0.08951620708409667	-0.0009330776052776456	-0.2489391807858201	-0.13206750803588518	-0.2801898751848016	-0.2958152223842923	-0.23196605482315058	-0.27782015428250917	-0.2284114734697119	-0.21451898468002253	-0.11696053728377091	-0.27445811275238174	-0.10885905394905866	-0.19662759186771467	-0.16448825213037352	-0.20320356737157616	-0.19791612760833616	-0.1996341752624982	-0.2055732882738686	-0.16060783415286967	-0.15755681849116815	-0.0028880973496689033	-0.1273724984982183	-0.17478172729970629	-0.0583691879745905	-0.09024193411042372	-0.0736094555274587	-0.1311196196749682	-0.013522219898706198	-0.40547405713787465	-0.20957219229648708	0.045720802658604634	-0.07633463456509501	-0.1902885884540824	-0.11712345559580352	-0.09455186400146809	-0.32817672345622334	-0.11416130446793797	-0.0651080817904846	0.0010959959173102503	0.20751349726262053	-0.026718603173347184	0.20318875661593683	0.017402637876210058	-0.05285958687676059	-0.0717877325838214	0.029369728432786846	-0.04881625058722413	-0.0531854235008258
NO2NO3	0.00942205500760405	0.09340054187572	0.0824831777969433	0.11785608055586635	0.19640000327283869	0.19061171009410582	0.23140309841200934	0.35541727976636095	0.3358817902881375	0.3583275049478905	0.2716799717806922	0.2881605287479177	0.41735201677880257	0.20550048643717977	0.44270795662008516	0.3050912862957113	0.23466705262112816	0.22974700341920523	0.19107798926683708	0.1178721591480295	0.020387654862870197	0.01668957866534642	0.10470379216641224	0.1653040060293127	0.07375250225235457	0.24060005312932933	0.10695479506925279	0.16048042838036863	0.17884218063068233	0.11439918324078978	0.09862608432874273	0.019020974529002713	0.037495276924458434	0.17273231560868652	-0.006334965312279856	-0.037704298622579346	-0.08745146277535568	-0.04473064339787451	-0.1970592255515277	-0.11436702605646348	-0.03519603824512844	-0.270892120764698	-0.20513067881742741	-0.30883759826972457	-0.2934021497931036	-0.24576128121369947	-0.32573619863319186	-0.25674295966112876	-0.25828650450879087	-0.19360232823645113	-0.30089477374113	-0.11806510225398727	-0.19697883259071197	-0.20551656502934293	-0.2602802499370211	-0.238702779254078	-0.195885488323618	-0.16959699013687288	-0.11973727583895453	-0.2138774329541793	-0.09201778294968938	-0.17987121052912372	-0.19196231183581014	-0.20672245944157894	-0.208040903998957	-0.2730627307067228	-0.25960494906616893	-0.02509868236667222	-0.3195298620582172	-0.07195169993008212	0.0022510029028405577	-0.1571360812104341	-0.2311779981217253	-0.18418027322884709	-0.2105170071920816	-0.2742364679346325	-0.12468948222520376	-0.13752019877139493	-0.04432867859379584	0.08198474143988575	0.050888744196359754	0.11020267068620845	-0.04855734833270346	-0.03095128991405767	-0.05259307496565332	-0.11655371459065146	-0.20517891459391685	-0.21616059304134613
Lyapunov	0.19516463572724915	0.188877365828364	0.32259528130671505	0.08562354161265232	0.3448275862068966	0.21947109152190822	0.2288047705470573	0.20365569095151673	0.3253176043557169	0.2202488981073373	0.2806585429089966	0.23029556650246305	0.16346901737101374	0.13054187192118227	0.31481721545242414	0.2715193155302048	0.2277676950998185	0.338475499092559	0.2975110189266269	-0.06753953850142598	-0.02476017630282603	-0.06274306455794659	0.0012315270935960591	0.17558983666061706	-0.18019185895773918	-0.08866995073891626	-0.1022167487684729	-0.21428571428571427	-0.1274306455794659	-0.05386310604096448	-0.08432719730360384	-0.03020482240082966	0.07933627171376717	0.1070132227119523	-0.045242416385792066	-0.1588021778584392	-0.03733471610059632	-0.16677469535908737	0.05276121337827327	0.296149857402126	0.20106300233341975	-0.2341845994296085	-0.32765102411200414	-0.34754990925589835	-0.378208452164895	-0.3489110707803993	-0.34716100596318383	-0.3336790251490796	-0.2514259787399533	-0.34372569354420535	-0.2648431423386051	-0.2446201711174488	-0.2983536427275084	-0.2507778065854291	-0.2413793103448276	-0.3141690432978999	-0.32389162561576357	-0.3242805289084781	-0.29964998703655693	-0.14207933627171376	-0.11621726730619653	-0.13131967850661136	-0.14019963702359348	-0.37140264454239047	-0.18220119263676432	-0.1770158154005704	-0.12354161265232046	-0.16969147005444646	-0.2444257194710915	-0.2161654135338346	-0.20475758361420793	-0.10422608244749805	-0.1792196007259528	-0.12943997925849104	0.1268472906403941	-0.15815400570391497	-0.15005185377236194	-0.08497536945812807	-0.1354679802955665	0.13261602281565985	0.007842883069743324	0.17792325641690432	0.07298418459942961	0.05729841845994296	0.12937516204303864	0.18284936479128858	-0.021843401607466943	-0.02132486388384755
Longitude	0.1549473153939801	0.0866252466311238	0.10415179883296251	0.18609630158263718	0.243335712186726	0.24935980857226817	0.1818353553587171	-0.043092229545359136	0.1958356072373116	0.2127534528357332	0.12218210822383611	0.06189916460266152	0.10784601821921834	0.0597372066663868	0.15601779942067923	0.1871667856093363	-0.000419797657529071	0.17956844800806013	0.12314764283615297	-0.22396205029175936	0.23353343688342218	0.24621132614080013	-0.10142311405902354	0.02195541748877041	-0.036942193862558245	-0.07466101339154528	-0.0008605851979345956	-0.09273330254817178	-0.10381596070693926	0.20110406783930146	0.13674908694009488	0.14598463540573445	0.0653415053943999	-0.07426220561689266	0.09059233449477352	0.18408127282649764	0.08689811510851769	0.16827589102052812	0.3193400780823643	0.06664287813274002	0.2909617564333991	-0.207191133873473	-0.21928130641031024	-0.19146971159900927	-0.18452206036690316	-0.2162587632761009	-0.20544897359472733	-0.24707191133873474	-0.19967675580370262	-0.24973762646404432	-0.11790017211703958	-0.21665757105075353	-0.17362831115402377	-0.24155157214222744	-0.1684228202006633	-0.22685865412870995	-0.22578817010201083	-0.2197430838335922	-0.23418412325259225	-0.22251374837328408	-0.2339742244238277	-0.31018848914823055	-0.04867553839049578	-0.229776247848537	-0.2024894001091474	-0.13645522857982453	-0.06515259644851182	-0.23750052474707192	-0.09735107678099156	-0.11565425464925906	-0.1944922547332186	-0.038180596952269004	-0.10599890852609042	-0.07789345535451912	0.08045422106544646	0.02271105327232274	0.0851769447126485	0.12297972377314134	-0.06437597078208304	0.009298518114268923	0.20141891608244825	-0.044729440409722515	0.11252676210066748	0.1124218126862852	0.14250031484824316	0.07499685151756853	0.03051928970236346	-0.05795306662188825
Iron.5m	0.2109903026741111	0.16720540699382896	0.1727047563074598	0.17146635321774906	0.26888039964737	0.264346584946056	0.15221863062004115	-0.08924898199068049	0.09336299903446539	0.08028630200243482	0.0774946475798665	0.021094832290835818	-0.17812014608958482	-0.001637210864363377	0.0033793711431090215	0.033373913773561144	-0.026237353595566937	0.11764829352252214	0.0990092775282314	-0.0984635405734436	0.208765375089207	0.23546450610805592	-0.2158599555014483	0.04737416565215566	-0.14352881910918938	-0.11160320725410353	-0.18620125099701942	-0.2511229587338903	-0.16947231434448595	0.1395827211284161	0.06836404852860921	0.056273875991771964	0.03620754796188237	-0.10719533185004827	0.01905881365181982	0.1986062717770035	0.03553587170983586	-0.006380924394441879	0.31407161748037443	0.22876873347046722	0.36866630284203017	-0.08045422106544646	-0.13544771420175475	-0.09269132278241887	-0.13532177490449604	-0.18385038411485663	-0.1041098190672096	-0.1785819235128668	-0.12402921791696403	-0.2057848117207506	-0.10851769447126484	-0.22948238948826666	-0.18313672809705722	-0.24614835649217076	-0.14531295915368792	-0.21252256412409218	-0.20842953696318375	-0.22604004869652827	-0.27521934427605893	-0.20836656731455439	-0.23351244700054574	-0.2550690567146635	0.030666218882498635	-0.12153142185466605	-0.091725788170102	0.005373410016372109	-0.03364678225095504	-0.2526342303009949	-0.09094916250367323	-0.10249359808572268	-0.25939297258721294	-0.07971957516477059	-0.09980689307753662	0.03478023592628353	0.12698879140254396	0.13148062633810503	0.1594601402124176	0.10841274505688259	0.07291885311279964	0.10324923386927501	0.11936946391839133	0.08822047772973426	0.11611603207254104	0.26165987993786993	0.25013643423869697	0.11714453633348726	0.14978380420637252	0.11783720246841023
Temperature	-0.05933839889173419	-0.15578691070903825	-0.2730783762226607	-0.37042945300365226	-0.342282020066328	-0.35957768355652575	-0.38537424961168715	-0.4298728013097687	-0.4413332773603123	-0.4178875781873137	-0.48981990680492005	-0.44093446958565974	-0.7243398681835356	-0.6316065656353638	-0.6365181982284539	-0.6742789975231939	-0.6667646194534235	-0.5897947189454683	-0.6132404181184669	-0.22629192729104572	-0.31367280970572187	-0.1300952940682591	-0.06914067419503798	-0.28741446622727845	-0.12709374081692623	-0.23223206414508207	-0.21428571428571427	-0.3161706057680198	-0.19405146719281308	-0.4121993199277948	-0.24971663658116788	-0.4315100121741321	-0.5682800889971034	-0.5311279963057806	-0.1726627765417069	0.056672683766424585	-0.13219428235590444	-0.09615465345703371	0.07281390369841736	-0.09420259434952354	-0.21779102472608203	0.7124176147097099	0.6897275513202636	0.5337937114310902	0.6401074682003275	0.5606187817471978	0.6987951807228916	0.641471810587297	0.6030603249233869	0.4441039419000042	0.4651567944250871	0.36795264682423073	0.4158515595482977	0.3573527559716217	0.4633516644977121	0.4845094664371773	0.5026027454766803	0.4633096847319592	0.29631417656689474	0.39857688594097646	0.3112589731749297	0.34969144872171615	0.3705763821837874	0.5559590277486252	0.5934469585659712	0.44286553881029345	0.5739683472566223	0.025418748163385248	0.3502371856765039	0.18534066579908484	0.16424583350824903	0.1989630997859032	0.17182318122664875	0.1297804458251123	0.16445573233701355	0.3216069854330213	0.11345031694723143	0.1910079341757273	0.0792577977414886	0.10385794047269216	0.10234666890558751	0.016057260400486967	-0.018701985642920114	0.32125015742412155	0.14145082070442047	0.12058687712522564	0.3227824188741027	0.44662272784517865
Salinity	-0.03559884135846522	0.07896393938121825	-0.07503883128332144	-0.2775702111582217	-0.13477603794970824	-0.14512405020779984	-0.18280088997103397	-0.2116619789261576	-0.29786742789975235	-0.3948616766718442	-0.22952436925401956	-0.28892573779438313	-0.5145459888333823	-0.35649217077368706	-0.41969270811468873	-0.42519205742831956	-0.37815372990218715	-0.26499727131522605	-0.28709961798413164	-0.25284412912975945	-0.3344737836362873	-0.2806977037068133	-0.20337097518995845	-0.18597036228537844	-0.10853868435414131	-0.13897401452499894	-0.2965240753956593	-0.3401200621300533	-0.23256790227110533	-0.11091054111918056	-0.09233449477351917	-0.1582007472398304	-0.3415683640485286	-0.30662020905923343	-0.2884009907224718	0.020591075101800933	-0.15408673019604552	-0.2196591243020864	0.013685403635447714	0.001637210864363377	0.11357625624449015	0.43016665967003903	0.39565929222114943	0.299609588178498	0.30494101842911714	0.26852357163847024	0.3695898576885941	0.3436883422190504	0.3699886654632467	0.317660887452248	0.2303639645690777	0.1980185550564628	0.20299315729818226	0.15939717056378824	0.2800680072205197	0.23132949918139456	0.2224087989589018	0.2019436631543596	0.08845136644137526	0.13599345115654254	0.23794131228747745	0.20276226858654128	0.21751815624868814	0.3683094748331304	0.40798035346962763	0.2321690944964527	0.27593300029385837	0.018303177868267496	0.03452835733176609	-0.21487343100625497	0.089920658242727	0.14250031484824316	0.10723731161580119	0.25013643423869697	0.2949288442970488	0.10136014441039419	0.1271986902313085	0.1896016120230049	0.24621132614080013	0.32297132781999077	0.16216783510348012	0.19375760883254273	-0.08834641702699299	0.17589521850468073	0.03068720876537509	0.01851307669703203	0.4377859871541917	0.30156164728600815
Brunt.Väisälä	0.008359866201782995	-0.15511470491589543	-0.17586197702604958	-0.4160666221754576	-0.14523090477107908	-0.2002449201145833	-0.0643862090931594	0.06729256882737301	-0.24078156299927064	-0.20539363979354602	-0.13182028607238552	-0.1494543788417715	-0.23297684416244982	-0.297765807226268	-0.3328598288858362	-0.3619669671977734	-0.3791547650266996	-0.29343348073107317	-0.43527907510012814	-0.2469426102261055	-0.29260620230485507	-0.1791384350035713	-0.011233570208645901	0.18390617119677566	0.07520614008869625	0.039622282518867326	-0.2935423331555756	-0.24271913615541307	-0.24977277326316746	-0.12992625388604406	-0.21995809419196483	-0.033428579564681746	-0.3143440314779809	-0.3542057893307535	-0.2782159117856401	-0.14610172416709813	-0.11840966737369196	-0.1929626929153739	-0.10223419709263788	-0.24589762695088263	0.06003211211306409	0.3597028367681238	0.4008925941998254	0.2668734891524918	0.23808202287161156	0.24893460959449912	0.3257953065356316	0.3018586583875576	0.25869867207236286	0.3248374052000106	0.15589844237231257	0.21546248906001642	0.20836531098246105	0.20574196755195365	0.25022995344607746	0.24517920094916693	0.2160285216674288	0.20727678673743724	0.02367540232926825	0.11142134172063899	0.23330340143595696	0.13716494011545252	0.08188967895314254	0.3598878858897779	0.44241979414748445	0.16777424188552253	0.28875282647747075	0.037575856938222525	-0.0674014212518754	-0.01843960071070364	0.19164557857889508	0.1356301209299689	0.05001768905884488	0.33835687632320655	0.3036438381493967	-0.10855852295622632	0.21757422609536264	0.2119030147787885	-0.03948077436701423	0.28123112394435607	-0.004550031344199599	0.05132391815287347	-0.1076115068630556	-0.006041309559882243	-0.12426592781192015	-0.10691485134624035	0.5271178656527885	0.09997006666298833
FluxAttenuation	-0.041244631715420144	-0.2676444372417146	-0.31642492504659264	-0.09747994489911677	-0.1747832428490398	-0.12178915809091646	-0.28595737784620373	0.03362774491532291	-0.2924398346973503	-0.41220322502228346	-0.24058017988817762	-0.1683007859978932	-0.09051130378413419	-0.1238959565675391	-0.12422007941009643	-0.3115630824082327	-0.08500121546065958	-0.2632687788671907	-0.15339113524025605	0.02601085811522567	0.12924398346973504	-0.19844421035572482	0.03443805202171623	-0.09067336520541285	0.08532533830321692	0.18094157685762904	0.24965561947978285	0.19455473624503686	0.09537314642249413	-0.052750992626205334	-0.13199902763147234	0.24236285552224293	0.22777732760716313	-0.04367555303460011	-0.05064419414958269	0.04432379871971477	0.06928125759662912	0.17899683980228506	-0.2274532047646058	-0.10072117332469006	-0.15193258244874808	-0.05307511546876266	0.09796612916295276	0.29584312454420225	0.3139940037274127	0.2974637387569889	0.2994084758123329	0.29276395753990764	0.21140912405801798	0.3079977311401021	0.3007049671825622	0.2775301839397131	0.3099424681954461	0.27153391135240257	0.2475488210031602	0.2880641763228263	0.33473786565108177	0.28482294789725304	0.30961834535288874	0.22534640628798314	0.22388785349647516	0.14058828295924156	0.08208410987764363	-0.07057774896685844	0.03897577181751884	0.15857710072117331	0.2347459687221457	0.2535450935904708	0.2880641763228263	0.3350619884936391	0.14820516975933878	0.11125516570780326	0.22696702050076978	0.29957053723361154	0.09585933068633012	0.1354023174783243	-0.15193258244874808	0.008994408880965886	0.01401831294060449	-0.38627339761769713	0.013532128676768495	-0.1509602139210761	-0.24090430273073496	-0.06150230937525322	-0.17689004132566244	-0.09083542662669152	-0.3857872133538611	-0.022931691110931043
Depth.Min.O2	-0.07366558055424233	-0.19816451399054497	-0.14118943251494082	-0.2862584683971775	-0.10397571441474682	-0.23463981815678236	-0.16301366656299163	0.08205771351793963	-0.10620267707271118	-0.10785531778204263	-0.19120232547038268	-0.20066105633868397	-0.1984809771050978	-0.20912351443894855	-0.23681989739036854	-0.3083991655597811	-0.2501113482015874	-0.254049555849356	-0.25586628854401117	-0.24468459182981112	-0.09857239975515959	-0.2920368504517903	0.10327246304907385	0.09386061560515077	0.19707447437375186	0.10593309738253655	-0.04977847583355086	-0.01316252139417886	-0.11889636422310806	-0.1473897653889574	-0.12319791840980766	-0.004946201271899803	-0.18209522028491787	-0.11608335876041624	0.015412925764332326	-0.20359127036232127	0.038268595148703455	-0.12476851312647727	-0.23781617015840523	-0.13646592750883746	-0.046391148422226115	0.24832977807521595	0.19412081863792546	0.19458965288170743	0.23538995294683351	0.24205912006463207	0.26305117332996986	0.24118005585754088	0.24306711368876333	0.2741859866197917	0.1285074662206385	0.22172343474058906	0.19324175443083424	0.23958601942868218	0.2348390727103897	0.19204622710919023	0.1881666237418944	0.23188541697456327	0.15839564926173919	0.2072364566077261	0.20894770159753032	0.22120771707242887	0.1601068942515434	0.26029677214775077	0.2773740594775091	0.15167959871956244	0.2703532666768741	0.19267915333829588	0.03762394806350324	-0.008450737244170043	0.09064910103524426	0.08465974357092958	0.03230267939657786	0.16356454679943544	0.2986708550013052	-0.07439227363210439	-0.04046039523838417	0.07247005323259831	-0.03114231464321748	-0.05372840433741398	0.0191635997145881	-0.2884268267746691	-0.10876954455741747	-0.1418458004562356	-0.1702805973416122	-0.2194027052338683	0.25891371112859396	-0.029114606538860454
Depth.Max.O2	-0.22032583372554793	-0.07014237894934111	-0.26887320610576126	-0.23372514503048866	-0.0987267879732085	-0.3117793856417939	-0.20373339439559926	-0.059214785263758375	-0.04384046514334977	-0.3066703808017812	-0.22056236172740037	-0.19980702956484875	-0.18438540384406968	-0.10038248398617557	-0.17394269256228445	-0.17909900300266762	-0.25923469003027433	-0.08603706067382508	-0.20162829517911254	-0.3313047721947128	-0.2112786376546921	-0.425880493735411	-0.08075065983242305	-0.07741561500630365	0.01091576728549011	0.11585141530732515	0.0075807224593707045	-0.013363832104662864	0.0699176773475813	-0.08049047903038536	-0.01091576728549011	0.05832780525681173	-0.15148435878639524	0.12622316818855464	0.21332460487071572	-0.1911737574972347	0.12726389139670538	0.10929958965601257	-0.0751331197884276	0.1719913365470018	-0.07976906862473541	0.30940227922317687	0.19627093593715478	0.3120395664438316	0.26284174205852406	0.2804985573968087	0.2665788844877926	0.24805874194274655	0.29965732554685637	0.2011670655755003	0.20136811437707486	0.255083623597764	0.2579219596199933	0.2606065524410185	0.30628010959872465	0.2380417810642957	0.24526771152088775	0.29567182871564274	0.1699453693309782	0.2301890514027947	0.18723556626639157	0.26623591888510656	0.27741186697263437	0.08752718708549545	0.1517681923886182	-0.0047660392373266676	0.029364951429980437	0.24587085792561147	0.16062616605799207	-0.00979225927669102	0.02780386661775433	0.09655073035616604	-0.024669870593209502	0.12706284259513081	0.21223657606219448	-0.11198418247703776	0.01091576728549011	0.0415461435253811	0.20324851199180177	0.03440299786943741	-0.0894312375004076	-0.2325661578214117	-0.23091046180844463	-0.12221401855715579	-0.26268799885731997	-0.09735492556246433	0.06655897972127664	-0.016024772125502816
Ammonium.5m	-0.017043784895680283	-0.11231686327190295	-0.1046975357877503	-0.20452541874816338	-0.20649846773855002	-0.07652911296754965	-0.24096385542168675	-0.06960245161831997	-0.1942613660215776	-0.19104991394148021	-0.15244951933168213	-0.20297216741530583	-0.02229125561479367	-0.15736115192477226	-0.13206834305864573	-0.19787162587632762	-0.11105747029931573	-0.21010872759330004	-0.1505604298728013	0.04319717895974141	0.017127744427186096	-0.1540447504302926	0.1649804794089249	-0.05940136854036354	0.0721212375634944	0.12023004911632593	0.14787372486461525	-0.07592040636413248	-0.028693169892112003	-0.05738633978422401	-0.10792997775072415	0.05388102934385626	-0.14877628982830277	-0.18139456781831156	-0.39473573737458545	-0.17096259602871416	-0.0034633306746148355	-0.02697199949624281	-0.22140128458083203	-0.097602955375509	-0.1878804416271357	0.06265480038621385	0.19161664077914445	0.03711011292556988	0.1170815666848579	0.08416943033457873	0.13815540909281726	0.1806599219176357	0.14359178875781872	0.2160488644473364	0.1313127072750934	0.1794005289450485	0.13290793837370388	0.12153142185466605	0.12684186222240879	0.14325595063179547	0.15948113009529408	0.1326770496620629	0.15454850761932748	0.190021409680534	0.20975189958440033	0.12856303261827798	0.0024768061794215187	0.22744637084925065	0.2503883128332144	0.04626170185970362	0.151379035304983	-0.036291507493388185	0.042777381302212335	-0.03576676042147685	0.208765375089207	0.21514629948364888	0.06309558792661937	0.1534570337097519	0.023760547416145417	0.1304101423114059	-0.05150917257881701	-0.025586667226396877	-0.0464086310398388	0.137819570966794	0.09237647453927207	0.16382603585071995	0.1452289996221821	-0.00484866294446077	-0.025229839217497167	0.0704420469333781	0.01681289618403929	0.13408337181478527
Residence.time	-0.187632033555919	-0.11206915679446895	-0.18965892280729468	-0.050872692858703585	-0.2219220995173788	-0.22792480999260675	-0.05005970980732763	-0.03179543303668974	-0.17764236510271036	-0.19555026574123824	-0.10799310478346075	-0.16259661027519098	-0.1683877224219786	-0.13621363974492198	-0.20614131891738252	-0.06383587466420511	-0.1935901970146332	-0.108126745833002	-0.25676900318526047	-0.20100727526417272	-0.15899943869170557	-0.11835028612290784	0.00020046157431187928	0.0465961792733835	0.03465757884769824	-0.008252334809172363	0.010891745537612107	0.06546184076695702	-0.028142577682562165	-0.07398145767521189	0.10466321529905787	0.049580829379804806	-0.07988393736328389	0.05160771863118048	-0.10713557471557103	-0.05826749759998624	-0.0662525503100761	0.03756427167522049	-0.07477216721833096	-0.10360522365685627	-0.05664153149723433	0.196129376955917	0.22332533053756196	0.2441733342659974	0.18766544381830433	0.18998188867701937	0.18885707651004716	0.1680090727816117	0.18525990492656177	0.17008050904950114	0.17331016774674807	0.17140578279078522	0.16415575585317224	0.1536872069724408	0.2190599537063703	0.14453279507886496	0.15388766854675265	0.19922539460362268	0.11045432744584548	0.07042883310824026	0.1556695492073027	0.13316216911373002	0.0518193169596208	0.18286550278894764	0.08350338245502616	0.1680090727816117	0.15004548837244164	0.07211048298163435	0.10893972888437795	-0.062042857249526635	0.09595427357061954	0.13047821136877655	0.01102538658715336	0.04697482891375038	0.08329178412658585	-0.06317880617062728	0.03116063805136879	-0.09279143539814323	0.02259647412660017	0.08544117767337432	0.02760801348439715	-0.015101438598161572	-0.038410664988981755	-0.040782793618338996	-0.042542400770632156	-0.04607275182934692	0.023765833310086134	0.22762411763113893
Nitracline	-0.015522688784073868	0.12305966403303399	-0.05893126980856363	-0.17180273840072316	0.009890562765073616	-0.05838179409939287	-0.020582444272687916	0.11303173234066768	-0.16903246503365393	-0.12722652149424554	-0.07191263343772275	-0.030175374361960706	-0.1862264757664555	-0.10355327635747213	-0.18405146775098793	-0.13253812001622953	-0.13972709387788027	-0.06117496228767755	-0.0818718806664427	-0.21109025160643224	-0.26715966876306485	-0.2848573655626063	-0.14989239449753924	-0.018201382866281306	0.019414808390700058	-0.05590915340812446	-0.15032739610063278	-0.15573057390747855	-0.007463711716236107	-0.1387884062080469	-0.129905215576453	0.029442740083066365	-0.0806813499632394	-0.14535921989688053	-0.09302165859836597	-0.03129722060151767	-0.03477723342626579	-0.15467741213156794	-0.1473052797001936	-0.19854388958036664	-0.05256650951066903	0.13924630263235585	0.13839919424738426	0.08338293886666229	0.12633362346684307	0.12708915256695286	0.11234488770420424	0.14565685257268135	0.12138834208430627	0.15749347514106804	0.10039379102974029	0.12079307673270462	0.10124089941471187	0.11513805589248892	0.15918769191101123	0.08546636759726807	0.07637712357473514	0.10105774084498828	0.06316681173342154	0.028023261167708577	0.15270845750703937	0.12214387118441605	0.012821099880650983	0.10808645095813087	0.1821740924113212	0.04947570864658352	0.03724987411753419	0.16740693272735713	-0.09467008572587823	-0.016095059314460074	-0.032670909874444556	0.09961536710841505	0.12963047772186762	0.12122807833579813	0.18581436898457745	-0.04997939471332338	-0.054146252174534955	0.030679060428700566	0.1405513074416364	-0.023787719242850662	-0.08022345353893043	-0.1147488439318263	-0.24355510808993777	0.0012821099880650983	-0.16832272557597505	-0.17161957983099957	0.3860524753348873	-0.03427354735952593
Okubo.Weiss	0.061798099469332346	-0.1312785388127854	-0.04850055534987042	-0.15518943601135382	0.041805504134271254	-0.08487597186227323	-0.10477600888559793	-0.026008885597926693	0.07500308527705787	-0.012402813772676786	-0.04701962236208811	0.02770578797976058	0.0045970628162408985	0.0023448105639886463	0.04788349993829446	-0.09576699987658892	-0.06988152536097741	-0.14078119215105517	-0.05550413427125756	-0.1738245094409478	-0.15009872886585215	-0.15799703813402444	0.032673084042947054	0.001326669134888313	0.014593360483771443	-0.14130568925089473	-0.03452425027767494	-0.06617919289152166	0.04738985560903369	-0.24308897939034926	-0.10172158459829693	-0.01934468715290633	-0.13640009872886585	-0.05087621868443786	0.05143156855485623	-0.1832037516969024	-0.028939898802912502	-0.008484511909169443	0.018018018018018018	-0.08280883623349376	0.021442675552264593	0.061828952239911146	0.10891028014315686	0.033105022831050226	0.076206343329631	0.10653461680858942	0.11693200049364433	0.1355979266938171	0.10678143897321979	0.012896458101937553	0.06432802665679378	0.11097741577193632	0.09703196347031963	0.11193385165987906	0.0640503517215846	0.11940022213994816	0.11690114772306553	0.09200296186597556	0.06497593483894853	0.1478156238430211	0.06118104405775639	0.10992842157225718	-0.020640503517215848	0.02971121806738245	0.11779587806985067	-0.059792669381710475	0.047081327903245714	-0.017524373688757252	0.02850796001480933	0.22294212020239418	0.05769468098235222	-0.036653091447611995	-0.05519560656546958	-0.018357398494384797	0.009009009009009009	0.0671356287794644	-0.07744045415278292	0.07916820930519561	-0.0182956929532272	-0.11791928915216586	0.09150931753671479	-0.12649635937307172	-0.019745773170430705	-0.03619029988893003	-0.0304825373318524	-0.002838454893249414	0.07167098605454769	-0.05420831790694804
