	FadR	BioQ	AcnR	GulR	PdhR	NikR	RbsR	HcpR	HisR	RbkR	ThiR	AgaR	ArgR	XylR	LldR	PrpR	AmtR	BirA	MntR	NagR	ZntR	Zur	PsrA	SoxR	ModE	Phr	CzrA	IscR	CcpA	FUR	NsrR	PhnF	NrtR	NrdR	KdgR	NagC	MetR	NifA	SahR_SamR	FadP	ExuR_UxuR	HutC	CblR	FixJ	HypR	PurR	GguR	NtrC	MetJ	TyrR	LiuR	LtbR	PhrR	TrpR	AraR	NnrR	CsoR	NiaR	LexA	PhnR	GlcC	MerR	NagQ	PdxR	FabR	Rex	DasR	SiaR	NadQ	HexR	RutR	PaaR	FnrN_FixK	HrcA	CadR-PbrR	PhsR	QorR	SdaR	NorR	TtrR	LiuQ	NmlR	CueR	FruR	Irr	GntR	NarP	VanR
PAR.PC	-0.09924812030075188	-0.2857142857142857	-0.12481203007518797	-0.2721804511278195	0.17142857142857143	0.5639097744360902	0.4075187969924812	0.3368421052631579	0.081203007518797	0.2646616541353383	0.11879699248120301	-0.08571428571428572	-0.081203007518797	0.07067669172932331	0.04962406015037594	-0.07819548872180451	0.48120300751879697	0.4496240601503759	0.3398496240601504	0.33533834586466166	0.3879699248120301	0.3849624060150376	-0.11578947368421053	-0.3669172932330827	-0.10827067669172932	-0.09323308270676692	0.1368421052631579	0.022556390977443608	0.6646616541353384	0.13383458646616542	-0.016541353383458645	-0.039097744360902256	-0.23308270676691728	-0.0481203007518797	0.07368421052631578	0.1518796992481203	0.04962406015037594	0.23458646616541354	0.04661654135338346	0.17593984962406015	0.11428571428571428	-0.02706766917293233	-0.09774436090225563	-0.6030075187969924	0.16691729323308271	0.11578947368421053	-0.26917293233082706	0.03609022556390978	0.5714285714285714	0.4045112781954887	0.3067669172932331	-0.0481203007518797	-0.007518796992481203	-0.07518796992481203	0.23308270676691728	-0.09172932330827067	-0.04962406015037594	0.08721804511278196	-0.15639097744360902	0.21203007518796993	-0.04661654135338346	-0.010526315789473684	-0.021052631578947368	-0.02857142857142857	0.3007518796992481	0.05714285714285714	0.3097744360902256	0.34887218045112783	0.2857142857142857	0.4330827067669173	0.22706766917293233	0.6270676691729323	0.5473684210526316	0.6781954887218045	-0.03308270676691729	0.33383458646616543	0.21654135338345865	-0.010526315789473684	-0.13984962406015036	0.0	-0.20601503759398496	-0.3142857142857143	-0.3007518796992481	-0.11729323308270677	-0.2887218045112782	-0.21954887218045113	-0.1699248120300752	-0.058646616541353384
Latitude	-0.5921245959447546	-0.3798958901809328	-0.4386465723521263	-0.3601234205113136	-0.24684102262709373	-0.20154485537970698	-0.16032072541035222	-0.24060702741278703	-0.10425674824734478	-0.1814365475840645	-0.20232148104613576	-0.22049871961714454	-0.2954745812518366	-0.14617354435162253	-0.13588850174216027	-0.19829142353385668	0.09235548465639562	-0.13496494689559632	-0.13769363166953527	-0.28290164140884094	-0.1927710843373494	-0.3150161622098149	-0.07820830359766592	-0.060828680575962385	-0.15767600016791905	-0.0992821460056253	-0.2240460098232652	-0.09852651022207295	-0.35036312497376265	-0.5013643423869695	-0.3940850510054154	-0.47199949624281096	-0.4090718273792032	-0.39465177784307964	-0.3080475210948323	-0.32148104613576256	-0.5599471054951514	-0.24765962805927544	-0.4141093992695521	-0.3083833592208555	-0.2254313420931111	-0.28900969732588894	-0.01981444943537215	0.05365014063221527	0.24642122496956467	0.2820200663280299	0.44805003988077746	0.3248184375131187	0.0789009697325889	0.20769489106250788	0.21453759288023172	0.23691280802653122	0.08058016036270517	0.08985768859409765	0.1344821795894379	0.2001385332269846	0.2291885311279963	0.06628605012384031	-0.14436841442424753	0.08211242181268628	0.1224129969354771	0.1194744133327736	0.18607531169976071	0.06231896226019059	-0.00608706603417153	0.05451072583014987	-0.12268586541287099	-0.15144200495361235	0.05358717098358591	-0.037236052222828595	-0.09663742076319214	-0.027391797153771883	-0.24595944754628268	-0.06987532009571387	-0.13956173124553964	-0.05400696864111498	-0.13232022165316318	-0.3328365727719239	0.0629486587464842	-0.05896058099995802	-0.020213257210024767	0.03920910121321523	0.021304731119600354	0.014818857310776206	-0.07073590529364847	-0.00816506443894043	-0.06513160656563537	-0.16821292137189875
Carbon.total	-0.3369781182149839	-0.30405001810079607	-0.29029524210373026	-0.3766029880570361	-0.34086835789092174	-0.15224730846045162	-0.23866620411878428	-0.21151788866598975	-0.16447377601339902	-0.30516151515106404	-0.24094477307183357	-0.2961583890438937	-0.3274192435826796	-0.09878430034256352	-0.19556790599464474	-0.07585967368078718	-0.206238277677217	-0.2638971871598666	-0.30088225150753245	-0.32227856972519037	-0.21924279316535195	-0.2767627655167181	-0.3318930192100081	-0.23360889254006512	-0.2120736371911237	-0.09400486302641137	-0.18484195945955909	-0.04704411265259073	-0.48111149820847954	-0.46696769824381995	-0.42478638518615147	-0.4273428284017678	-0.431010768667652	-0.49019798659442	-0.47983327660067143	-0.4768878094174614	-0.627384510023741	-0.39377561748367584	-0.3986106296523414	-0.38202153617709234	-0.44384855959824676	-0.30060437724496547	0.06302188275019242	0.12004168142893795	0.4804445999783188	0.5308509912079701	0.3403126093657878	0.36546023012809997	0.15163598508280426	0.17525529740099807	0.04634942699617327	0.16822507855805333	0.0715526226109989	0.019645710363485912	-0.001945119837968902	0.13235151126065542	0.11284473802845302	-0.014477249079739971	0.18525877085340955	0.1824800282277397	0.10553664492294128	0.23341438055626823	0.04726641206264432	0.14521708961750687	0.117179576524498	-0.16880861450944398	0.12887808297856812	-0.08969781195662307	0.030538381456111763	0.10303577655983841	0.03984716925210579	0.26120180681296684	-0.05060090321344815	-0.060159777845752466	0.16322334183184758	0.025814518992472998	0.09022577305550035	-0.06460576604682425	-0.019979159478566294	-0.0953664469129896	0.0010559221977545468	-0.13396318198354396	0.05229593621510677	0.19387287299298614	-0.18781521406902585	-0.1150121572764755	0.06677318529484673	-0.18575894452603015
Oxygen	-0.30918893577121426	-0.27641819034224097	-0.20949367088607596	-0.16715893108298172	-0.23225503984997656	-0.10283638068448195	-0.160056258790436	-0.16896390060947022	-0.13009845288326302	-0.1322315986872949	-0.10825128926394749	-0.11978434130332864	-0.14613220815752462	-0.03750586029067042	-0.1615799343647445	-0.1263244256915143	-0.09767932489451477	-0.10658696671354899	-0.16279887482419128	-0.14095171120487576	-0.13302859821847163	-0.11872948898265354	-0.21940928270042195	-0.03159868729488983	-0.016736990154711674	-0.07294889826535396	-0.017604313173933427	0.11148616971401781	-0.31828410689170183	-0.42395686826066575	-0.29892170651664324	-0.27913736521331456	-0.296530707923113	-0.5359118612283169	-0.3691514299109236	-0.413666197843413	-0.5643694327238631	-0.4686826066572902	-0.44217065166432257	-0.45963431786216596	-0.3574074074074074	-0.1803328645100797	-0.008837318330989217	0.03541959681200187	0.4421940928270042	0.5660806375996249	0.39974214721050166	0.460196905766526	0.19540553211439288	0.28921706516643225	0.2221753398968589	0.30956399437412097	0.2142991092358181	0.08387248007501172	0.3806141584622597	0.1750351617440225	0.26120487576183776	0.16697140178152836	0.16336146272855134	0.2613220815752461	0.10194561650257852	0.17421472105016408	0.27395686826066573	0.2107594936708861	0.0527191748710736	0.09676511954992968	-0.1750351617440225	-0.12109704641350211	0.0627051101734646	0.1196671354899203	0.026957337083919362	0.21129864041256446	0.09943741209563994	0.11019690576652602	0.3080168776371308	0.08673230192217533	0.15815752461322083	0.120042194092827	-0.04275668073136427	0.011908110642287858	-0.028246601031411158	-0.05121894045944679	0.03839662447257384	0.0809423347398031	-0.0323019221753399	-0.10607126113455227	0.08656821378340365	-0.08523206751054853
ChlorophyllA	-0.22028882078838	-0.05690357247806557	-0.22967129843415474	-0.27282649762814326	-0.22377314134587128	-0.051530162461693466	-0.1294655975819655	0.025943495235296588	-0.016414088409386674	-0.13983459972293355	-0.051173334452793755	-0.08261617900172118	-0.1295495571134713	-0.04059443348306117	-0.14443138407287687	-0.1855925443936023	-0.145270979387935	-0.25108097896813736	-0.23493975903614459	-0.3238948826665547	-0.2134251290877797	-0.22152722387809076	-0.22721548213760967	-0.13595147139078964	-0.1448301918475295	-0.22180009235548465	-0.15771797993367198	-0.06223500272868478	-0.46662608622643886	-0.345472482263549	-0.34274379748961	-0.44706351538558414	-0.31127996305780614	-0.3944418790143151	-0.3187103815960707	-0.3335292389068469	-0.6091893707233114	-0.5448133999412283	-0.4057554258847236	-0.5100961336635742	-0.45140842114101004	-0.3847235632425171	0.2971957516477058	0.18794341127576508	0.41941983963729484	0.5520549095336048	0.2936274715587087	0.31990680492002854	0.008899710339616305	0.07879602031820662	0.11128835901095673	0.15696234415011964	0.08958482011670375	0.16187397674320977	0.23046891398345998	0.19946685697493807	0.2972377314134587	0.1661139330842534	0.18292682926829268	0.21774904496032912	0.13790353049829981	0.12745056882582595	0.3132320221653163	0.18632719029427816	0.22962931866840183	0.08263716888459763	-0.04875949792200159	-0.07260400486965282	0.06511061668275892	0.020423156038789303	0.04493933923848705	0.2641996557659208	-0.031799672557827126	0.03650140632215272	0.21774904496032912	0.10526426262541455	0.11643088031568784	0.018660005877167204	-0.011964233239578523	-0.06825909911422694	-0.02170353889425297	-0.03098106712564544	0.01970950002098988	0.07629822425590865	0.014986776373787834	-0.13614038033667772	0.08849334620712816	0.019289702363460812
Fluorescence	-0.23178086527245953	-0.15653697990175403	-0.21418095290655204	-0.22345559552261118	-0.3034828595653787	-0.1765955245622074	-0.10648798982664226	-0.08394646997763763	-0.07123947930681646	-0.11164868335578802	-0.09577711646426425	-0.141493071406414	-0.21168580627099806	-0.027726556272155794	-0.24615534418265092	-0.18925382944501776	-0.1499765699672975	-0.2618686822631396	-0.22932223297791368	-0.2358704714653675	-0.21623792745000872	-0.24693431679082387	-0.18554153810919358	-0.1254632757038551	-0.06234215154784108	-0.2054175110646064	-0.13400763149975212	0.0003773148570837707	-0.5126004905188065	-0.4677000225258378	-0.3473974403511285	-0.41490028542811536	-0.31941528369191596	-0.5028876758106501	-0.41061593608316416	-0.4361029461068227	-0.618674651147357	-0.5569775862906591	-0.4997839568249611	-0.4099586779450182	-0.4046154127108319	-0.3369299959288045	0.1787985564696965	0.16463099215855104	0.3888412173953298	0.609923380752414	0.35512630919784444	0.356002653382039	0.02715449826302879	0.10845976424108002	0.18213353294843693	0.25477272866056416	0.164837906757597	0.272482184049496	0.26231902580223954	0.1952178384763419	0.27778893494267415	0.21459478210464392	0.1105289102315394	0.2545414711675128	0.09225956828048329	0.08728144645637806	0.2775333345556174	0.2429055678329294	0.09790711968973714	0.021287860807726287	-0.061222378423592475	-0.08135395176606204	0.01483699389629408	0.0070716107085700254	-0.013461620384988722	0.15984761348648904	-0.0224076339319749	0.047432128969530786	0.3438555492733421	0.020046373213450656	0.25108478021874536	0.08300926855842955	0.04180892045428233	-0.028590729009347657	-0.15763241013199725	-0.10147335366152892	-0.015384709011415683	0.092393454197513	0.014179735758148158	-0.0976393478556777	0.10985948064639078	0.033714908197485315
NPP 8d VGPM (mgC/m2/day)	0.02622950819672131	0.2531814392886913	0.31380939149763826	0.17938316198944151	0.15376493470408448	0.06696304529035843	0.13937204779105308	-0.17588218949708254	-0.1748263406501806	-0.21389274798555155	-0.2197277021394832	-0.1640455682133926	-0.24273409280355654	-0.07424284523478744	0.05195887746596277	-0.13831619894415115	-0.4873020283412059	-0.22895248680188943	-0.3538760766879689	-0.2540150041678244	-0.12064462350652959	-0.20522367324256738	-0.2616838010558488	-0.1882745207001945	-0.2739094192831342	-0.48241178105029175	-0.1126424006668519	-0.24367879966657405	-0.3848291191997777	-0.15821061405946096	-0.221561544873576	-0.07968880244512365	-0.4026674076132259	-0.47524312308974714	-0.40094470686301753	-0.3812170047235343	-0.2694637399277577	-0.37893859405390384	-0.3712142261739372	-0.34581828285634897	-0.10714087246457349	-0.05290358432898027	0.24162267296471243	0.2756876910252848	0.05929424840233398	0.10219505418171715	0.07396499027507641	0.04390108363434287	0.44212281189219227	-0.06279522089469297	-0.13592664629063628	-0.0013892747985551543	-0.06824117810502918	-0.05907196443456516	0.1909974993053626	0.02917477076965824	0.11731036398999722	0.12481244790219505	-0.12747985551542096	0.05734926368435676	-0.11914420672409003	-0.1450402889691581	0.09141428174492915	-0.05006946373992776	-0.029952764656849123	-0.22261739372047792	-0.06412892470130592	-0.08791330925257015	-0.036454570714087246	0.17877188107807723	0.048513475965545984	0.21022506251736595	-0.011669908307863295	-0.044345651569880525	-0.02873020283412059	0.14192831342039455	-0.07363156432342317	0.08696860238955266	0.08719088635732147	0.14965268130036122	-0.18699638788552375	0.23939983328702416	0.10564045568213393	0.21417060294526258	-0.1503751041956099	-0.02145040288969158	0.12192275632120034	0.15593220338983052
CO3	-0.10631209818819404	0.09795441262419638	0.08275862068965517	-0.045528930450029224	-0.13495032144944477	-0.10847457627118644	-0.1315020455873758	-0.13834015195791935	-0.2191116306253653	-0.3815897136177674	-0.2992402104032729	-0.07901811805961426	-0.2772063120981882	0.002396259497369959	0.07030976037405026	0.03161893629456458	-0.3388661601402688	-0.29772063120981884	-0.3836937463471654	-0.5109292811221507	-0.2646990064289889	-0.24786674459380478	-0.3184102863822326	-0.1875511396843951	-0.3475745178258329	-0.30455873758036234	-0.13383985973115137	-0.2403272939801286	-0.28451198129748684	-0.19853886616014027	-0.29497369959088254	-0.18866160140268848	-0.36873173582700175	-0.2934541203974284	-0.3026300409117475	-0.32741087083576853	-0.2102863822326125	-0.1724137931034483	-0.24050263004091174	-0.19590882524839276	-0.13109292811221507	-0.20227936879018119	0.2288720046756283	0.34278199883109295	0.110812390414962	0.05990648743424898	0.06288720046756283	-0.02478082992402104	0.09742840444184687	-0.2217416715371128	-0.34278199883109295	-0.189187609585038	-0.19281122150789012	-0.10637054354178843	-0.15739333722969023	0.09953243717124488	-0.005552308591466978	-0.05686732904734074	0.005669199298655757	-0.05739333722969024	0.082583284628872	-0.008182349503214495	-0.28702513150204556	-0.036645236703682055	-0.11326709526592636	-0.2662770309760374	-0.02180011689070719	-0.017592051431911164	-0.010520163646990065	-0.09123319696084162	-0.07030976037405026	0.10210403272939801	-0.10508474576271186	-0.26428988895382816	0.07486849795441262	-0.03343074225599065	-0.09175920514319112	-0.13027469316189363	0.21969608416130917	0.09994155464640561	-0.13243717124488602	0.06218585622443016	0.001870251315020456	0.13500876680303917	-0.08141437755698422	0.012741087083576855	0.03495032144944477	0.06808883693746347
Mean Flux at 150m	-0.15122171945701357	0.3657918552036199	0.14660633484162897	-0.18316742081447965	-0.0648868778280543	-0.12271493212669683	0.0971945701357466	-0.1102262443438914	0.1216289592760181	-0.1523076923076923	-0.2918552036199095	-0.14461538461538462	-0.33737556561085974	-0.21619909502262444	-0.021447963800904978	-0.15981900452488687	-0.08597285067873303	-0.2023529411764706	-0.4532126696832579	-0.38497737556561085	-0.2534841628959276	-0.345972850678733	-0.11819004524886878	-0.2581900452488688	-0.31574660633484164	-0.4069683257918552	-0.21610859728506787	-0.34081447963800904	-0.3675113122171946	-0.30778280542986425	-0.22361990950226243	-0.16199095022624435	-0.46144796380090497	-0.3375565610859729	-0.27638009049773754	-0.4502262443438914	-0.37493212669683257	-0.36343891402714934	-0.44380090497737557	-0.18262443438914028	-0.12425339366515838	-0.30343891402714934	0.4167420814479638	0.2665158371040724	-0.07294117647058823	0.12452488687782805	-0.018642533936651582	0.060090497737556564	0.011221719457013574	-0.31402714932126696	-0.0432579185520362	0.0015384615384615385	-0.1295022624434389	0.2334841628959276	-0.034389140271493215	0.09221719457013575	-0.10669683257918552	-0.08389140271493213	-0.20995475113122172	-0.12334841628959275	-0.21665158371040724	-0.005972850678733032	0.053031674208144794	-0.14180995475113123	-0.061447963800904976	-0.18941176470588236	0.08570135746606335	0.17266968325791857	0.04723981900452489	-0.023167420814479638	0.07113122171945702	0.07294117647058823	0.018552036199095023	-0.15384615384615385	-0.067420814479638	0.10588235294117647	-0.04832579185520362	-0.037918552036199094	0.11285067873303167	0.028597285067873304	-0.17665158371040723	0.07493212669683258	0.13610859728506788	0.18244343891402715	-0.22570135746606335	0.031312217194570134	0.07176470588235294	0.08850678733031674
NO3	0.18726594775515829	0.2937886556990016	-0.06932893442433392	-0.06443245682935057	-0.2761483655554854	-0.27971533598891696	-0.1816560760734886	0.25098501049782257	0.21995236772696775	-0.11712633823231719	-0.04108501399234382	0.06602138002242464	0.08291584907531424	0.0984159569587715	-0.050326710115325655	-0.0325567119560483	0.008949853087519253	-0.21823373651813252	-0.2588971994592526	-0.2159638462423124	-0.19475658566536463	-0.25299548474212036	-0.47654724990645997	0.01342477963127888	-0.28762752495034705	-0.33879733716812016	-0.22757271365293522	-0.21881742258905768	-0.05976296826194922	-0.19991247929187028	-0.24339709157579534	-0.08891484480426737	-0.26366396903847483	-0.06495128889239517	-0.09656761773417513	-0.20088528941007888	-0.28873004308431677	-0.45034623072270796	-0.42806887901573065	-0.1622647277171969	-0.1885306009088295	-0.5349482840029172	0.5956516353791347	0.06903709138887135	0.06271382562051535	0.31784949262269463	0.05499619868272701	-0.08619097647328325	-0.2203090647703109	-0.21855800655753538	-0.016797188041068743	-0.11631566313381	-0.1407980511087268	-0.0860612684575221	0.04238209414995531	0.1859364405936065	0.062065285541709606	0.008041896977191213	0.025001220037961392	0.07497123310994389	-0.12448726812676236	0.03502116425551012	-0.13862544184472755	-0.22293565208947416	0.1882387578733669	0.06624836905000665	0.11359179480282589	0.04335490426816392	-0.11317024375160216	-0.1764029014351621	-0.07120970065287058	0.03524815328309213	0.10000488015184557	-0.11291082772007986	0.09601635866719026	0.21583413822655126	0.1380093287698621	0.005447736661968241	-0.17439242719086429	-0.03635067141706189	-0.019553483375993153	-0.18460693343205475	-0.21236444880494054	0.03093536175903394	0.21969295169544545	-0.23026415497997904	-0.15535777587791574	-0.008139177989012075
Si	0.2699925953350611	0.09786498827594718	0.09922251018141429	-0.057509564358879425	-0.0066024929038627665	-0.019097864988275946	-0.05402320128347526	0.15818215475749722	0.036036036036036036	0.06648772059730963	0.06821547574972232	0.04698876959150932	-0.009255831173639394	-0.10348019252128841	0.06136616068122917	0.1160064173762804	-0.13763420955201777	-0.07386153276564235	-0.030513390102431197	0.02042453412316426	-0.06037887202270764	-0.0028693076638282118	-0.018789337282487967	-0.18841786992471923	-0.08876342095520177	-0.052943354313217325	-0.007034431691965938	0.06941873380229545	-0.06216833271627792	0.09693940515858324	0.0410958904109589	0.005244970998395656	0.00033938047636677775	0.07231889423670246	0.0868814019498951	-0.043193878810317166	-0.15136369245958287	-0.21405652227570035	-0.08129705047513267	-0.10116623472787856	-0.09363815870665186	-0.26696902381833887	0.10634950018511663	-0.012433666543255584	0.02927927927927928	0.046464272491669754	-0.10323337035665803	-0.037270146859187954	-0.11662347278785636	-0.024466247068986795	-0.01354436628409231	-0.038596815994076265	-0.16703689991361223	-0.06836973960261632	0.11603727014685919	-0.016845612736023696	0.14988275947180058	0.06426632111563618	0.10542391706775268	0.16410588670862644	0.14216956682710108	0.06932617549055906	0.08765272121436506	0.018048870788596814	0.030667653955325187	0.028291990620757743	-0.007960014809329877	0.12063433296310008	-0.05809576699987659	0.07410835493027274	0.1723744292237443	0.03838084660002468	-0.009811181044057756	0.001419227446624707	0.044181167468838704	-0.11785758361100827	-0.2331543872639763	-0.21081698136492658	-0.3098852276934469	-0.0930519560656547	0.25330124645193136	0.028168579538442554	0.19458842404047882	0.0442120202394175	0.05803406145871899	0.025206713562877948	0.09672343576453166	0.12233123534493398
NO2	0.12461769794930334	0.13574057543443846	0.11254693210325126	0.08077786125689332	-0.2092019234055039	-0.13676251757355207	-0.12247013838160081	0.1244399688816314	0.08375482314039819	-0.12183327588910972	-0.17023482531843268	-0.03502743708701003	-0.12467694097186065	0.04948273459099387	-0.10841473127987883	0.029873294124523986	-0.3011619051700896	-0.21203077773261547	-0.21025348705589614	-0.2603730841393811	-0.16005983619421454	-0.13271918128401558	-0.12209986949061763	-0.22950746938702216	-0.12192214042294569	-0.2555003455340423	-0.08741307978331213	-0.10023919416696993	-0.3343676193134623	-0.06651510357622074	-0.18723757279238087	-0.18295726441261517	-0.14930722760006263	-0.21791064772142857	-0.1819501330291409	-0.18466050131113787	-0.2806193870983421	-0.31266986230184723	-0.21645919366877445	-0.30656783097844426	-0.23571317599990046	-0.2555003455340423	0.33977354512181696	0.23980094455635492	0.22307960143955394	0.19421343869850424	0.1458118892691813	-0.12498796684028653	0.04542458754581808	-0.17247124941997116	-0.14909987702111205	-0.1581640594723806	-0.07112124858005166	-0.004620955759470245	0.1851492562472357	0.10718543856181463	0.23152173215397073	0.1627109614536542	-0.07466101917785098	0.06368624924910915	0.03875974750812061	-0.04191443845929741	0.0642490579634036	0.154476181318188	-0.023712019778563662	-0.027355465665838276	-0.060383450741539064	0.01798025734614384	-0.1356517109006025	0.037619319323892376	0.00045913342481915893	0.09604775032104018	0.019476143665715935	0.04326221722247624	0.11614594572360788	-0.016351074225817788	0.040922117831462455	-0.004102579312093776	-0.0287032444290171	0.043395514023230185	-0.09507024044884456	0.04609107154958783	0.05712508450088697	-0.03037685981626113	-0.06026496469642444	-0.010367528947529396	0.22472359531551933	0.03935217773369372
NO2NO3	0.27761297228889337	0.12269573679697356	-0.05161228084370136	0.008569889622957266	-0.13703784100650054	-0.13065463991773124	-0.1731664375970915	0.14170063273381311	0.08192042707123316	-0.0325752277225355	-0.04778557590887241	-0.0025725747461034947	0.03358817902881375	0.11583017794330985	-0.10279043969899776	0.002476103193124614	-0.1532289833147894	-0.18059474717646534	-0.09756489724597504	-0.14773010479499318	-0.01966411821552859	-0.022236692961632082	-0.24114672526287634	-0.049956185850897235	-0.09676096763781769	-0.16679931510048535	-0.08624556836311965	-0.02582221901401383	-0.25363979137364145	-0.034842309217539204	-0.16803736669704764	-0.14576851655108927	-0.09462251488011916	-0.12005884768221747	-0.0832067144442849	-0.06968461843507841	-0.3277781798379115	-0.36856956815581504	-0.20717266002214707	-0.3467830757747511	-0.32973976808181543	-0.37876339558725014	0.33932260901105094	0.05275386088728479	0.25478137141722484	0.38587013332336106	0.1478426549401352	-0.04124158889847165	0.06214375871056255	-0.02831440079930159	0.07130855624355624	0.02199551407918488	0.046033009363089405	-0.00014470732946832157	0.2233959595147622	0.17487076836638504	0.2416130044356076	0.07856000130913547	0.07193562133791898	0.14546302329998947	0.1301562035606737	0.12303338723239964	0.08862520000326539	0.10766225312443126	0.17274839420084967	0.03267169927551438	0.0537185764170736	0.05334876879732122	-0.1127591668401488	0.057046844994845	0.06958814688209954	0.12502713266062984	0.16020709231359515	0.0348744664018655	0.15737726009288128	0.020580597968827958	0.0901365876666012	0.11118346480816041	-0.21911905399936515	-0.007862431567778806	-0.013120131205127823	-0.12084669869821167	0.0012702087808886006	-0.01212325849101272	0.04770518294805668	-0.1053790930372644	0.048444798187561436	0.04426436422514326
PO4	0.3517088710217468	0.13809806629179688	0.06128950149433747	-0.01258802749040508	0.012125232362081363	-0.09738752150358733	-0.05612162256138931	0.11762709511561119	0.0915563028867085	-0.031809451820116755	0.07329132182219918	0.10500821461665119	0.08594105532971409	0.16760896897457253	-0.12817882404139191	0.02355627203167715	-0.16922875192370554	-0.13374779208555396	-0.055165179296186966	0.01695372820092547	-0.012572600986127622	0.014932856140578574	-0.09511982537480113	-0.0782586561995404	0.017431949833526642	-0.13964071671954262	0.007620693113063859	0.034694208120001256	-0.2675572901882178	0.07963161508023409	0.012896557575954223	-0.05891381983560907	0.026456454835839107	-0.05809621510890383	-0.01661434510682141	-0.05379222041549327	-0.25280955209896866	-0.33245659368348024	-0.0957060325373445	-0.2730799787195474	-0.3079593048908782	-0.27156818130035665	0.27497743874567465	0.08665067452647712	0.3470037872171224	0.3991145186663728	0.0985136563158417	0.13441113176948463	-0.16731586539330084	-0.09644650474266245	0.046696028447862956	-0.013220514165780824	0.11620785672208513	0.10510077364231593	0.11461892678150704	0.039630689488787556	0.10767699985665129	0.0652078335808116	0.2096924726434758	0.23465255656440154	0.09067699214289345	0.11640840127769206	0.16541840536717362	0.17945652425965966	0.2943839811267158	0.07444830964300847	0.1348122208806985	0.023849375612948837	-0.18903638341596057	-0.004612524778959704	0.001959166043237065	0.1255871713227791	0.08152907510636133	-0.02736661858820908	0.3635718528111114	0.02886298950312243	0.09606084213572601	0.20450916720625015	-0.2681897768635935	-0.1874474534753825	0.02471325985248644	-0.09198824500647731	-0.0032549924025434703	0.06273959289641845	0.062261371263817276	-0.1224864439630102	0.14212438390821322	0.2404683486770029
Alkalinity.total	-0.30021344508635417	-0.09652829284842729	-0.03510911734468971	0.08781635306066309	-0.06150629490161522	0.018120834758549528	-0.0959184570632838	0.025264625384516168	-0.04103323640036936	-0.13050485802070766	-0.00487868628114795	0.016378446800996687	0.03929084844281652	0.008973297981397121	0.05889271296528596	0.09008145740548178	-0.26545280533317506	-0.08903602463095008	-0.03354096818289215	-0.07893017447714361	-0.1904430037605253	-0.016204208005241402	-0.06551378720398675	-0.07257045843207575	0.06821448853819365	-0.01332926787527922	-0.018295073554304812	0.15777322955640957	-0.44134686964813413	-0.16918587067838067	-0.10698262059374432	-0.10454327745317035	-0.10628566541072318	-0.1318987683867499	-0.1754584673255709	-0.23182471775240523	-0.3264363838475244	-0.09443742729936389	-0.23199895654816052	0.10314936708712807	-0.2539530448133263	-0.23191183715028288	0.2002003763228212	0.3386330995503943	0.09661541224630493	0.16308751282694575	0.2811342969511506	0.12501633595441622	-0.16021257269698355	0.2651914471395421	-0.0795400102622871	-0.013067909681646294	0.15664067738400023	0.1337282757421804	0.0811952788219623	0.15768611015853193	0.07527115976628265	0.1725835271956087	0.05096484775842054	0.26353617857986694	0.1853900786836221	0.19654136161196026	-0.03493487854893442	0.19314370509473222	0.0932177557290769	-0.02901075949325477	-0.025613102976026734	-0.2618809100201917	-0.08799059185641837	-0.11961493328600241	0.09173672596515697	-0.13921679780847185	-0.20464346561458097	-0.0026135819363292587	0.05828287718014247	0.046521758466660804	0.0654266678061091	0.026397177556925513	0.06176765309524815	0.279566147789353	0.01960186452246944	-0.18800366061995133	0.09565709886965086	0.047567191241192505	0.26980877522705715	-0.20455634621670332	0.08032408484318589	-0.11395217242395568
Lyapunov	0.0641042260824475	0.03940886699507389	0.06164117189525538	0.019509981851179675	-0.2832512315270936	-0.03143634949442572	-0.07084521648949961	-0.11673580502981593	-0.23243453461239305	-0.15925589836660617	-0.18959035519834067	-0.2118874773139746	-0.19328493647912887	-0.16820067409904071	-0.12289344049779621	-0.10506870624837956	-0.08011407829919627	-0.11809696655431683	-0.22096188747731396	-0.05010370754472388	-0.0885403163080114	-0.030464091262639357	-0.04777028778843661	-0.15303344568317345	-0.03240860772621208	-0.16528389940368163	-0.05814104226082448	-0.06740990407052114	-0.1297640653357532	-0.19192377495462795	-0.2454627949183303	-0.21072076743583096	-0.1874513870884107	-0.30943738656987296	-0.2419626652838994	-0.28448275862068967	-0.1856365050557428	-0.08115115374643506	-0.05347420274824993	0.03344568317345087	-0.11472647135079077	0.06909515167228415	-0.25032408607726214	0.1359865180191859	0.16120041483017888	-0.128208452164895	0.0928182525278714	0.1501814882032668	0.2881773399014778	0.05483536427275084	-0.30878921441534873	0.12918071039668136	-0.015750583354939073	-0.38002333419756285	-0.09865180191858958	0.07881773399014778	-0.019121078558465128	-0.12276380606689137	0.03830697433238268	-0.005055742805289085	0.1799974073113819	0.005120560020741509	0.1397459165154265	-0.0499092558983666	-0.034936479128856626	-0.02301011148561058	-0.138903292714545	-0.059242934923515685	0.022491573761991186	0.006092818252527872	-0.009204044594244232	0.17571947109152192	0.14305159450350013	0.22919367383977185	-0.03739953331604874	-0.04764065335753176	0.02054705729841846	0.0563261602281566	0.02586206896551724	0.01847290640394089	0.2534353124189785	0.19010889292196007	0.1751361161524501	0.09735545760954109	-0.052113041223749025	-0.03921441534871662	-0.04232564169043298	-0.21674876847290642
Gradient.Surface.temp(SST)	-0.14258373205741626	-0.15059466848940534	-0.061161995898838	0.014709501025290499	-0.2468626110731374	-0.030922761449077237	-0.03975393028024607	-0.06660287081339714	-0.13604921394395078	-0.10490772385509228	-0.1956801093643199	-0.10146274777853725	-0.21473684210526317	-0.09446343130553657	-0.14261107313738894	0.03111414900888585	-0.11026657552973343	-0.0062884483937115515	-0.20803827751196172	-0.18580997949419	-0.2509090909090909	-0.20675324675324674	-0.04177717019822283	-0.025208475734791524	-0.021872863978127138	-0.11330143540669857	-0.05014354066985646	-0.058838004101161995	-0.2963773069036227	-0.3139029391660971	-0.2756801093643199	-0.26641148325358854	-0.1735885167464115	-0.3168010936431989	-0.22053315105946686	-0.29585782638414215	-0.37159261790840736	-0.30288448393711553	-0.28680792891319207	-0.029692412850307586	-0.11516062884483937	-0.14936431989063567	0.11152426520847573	0.1420369104579631	0.11428571428571428	0.23209842788790158	0.3055639097744361	0.31423103212576897	0.132987012987013	0.2367464114832536	0.14332194121667807	0.1450170881749829	0.07912508544087492	-0.013041695146958306	0.18963773069036227	0.01719753930280246	0.04836637047163363	0.06323991797676008	-0.062064251537935745	0.008557758031442242	-0.016377306903622692	-0.04202323991797676	0.1524812030075188	0.11868762816131237	-0.044948735475051266	0.061845522898154474	-0.10321257689678742	-0.04276144907723855	0.046944634313055365	0.12084757347915243	0.02107997265892003	0.020970608339029393	0.028680792891319206	-0.10673957621326043	0.2416678058783322	-0.0675598086124402	-0.004511278195488722	0.049159261790840736	0.04650717703349282	0.07789473684210527	-0.10739576213260424	-0.10559125085440875	0.11311004784688995	0.17681476418318523	0.20678058783321943	0.15382091592617908	0.07264524948735475	0.17110047846889953
Density	-0.14931269794625657	-0.017381177827842535	-0.04913964802298625	0.0016216628029734113	-0.3074955649154885	-0.08205178437326542	-0.07667526474461532	-0.1638532449581524	-0.12090638978678943	-0.1158999140192205	-0.13355318292138746	-0.03564393073649612	-0.05190409333812213	0.043676059250552346	-0.011199268619192217	-0.10249126587651419	-0.1027524733078656	0.04408963768352543	-0.05455970222352826	-0.13747129439165878	-0.07423732871866871	-0.08274833752353587	-0.2568866250911505	0.0419782109467681	-0.08200824980137351	-0.05223060262731141	-0.0157703986678421	0.017707687117031815	0.05987091999434051	-0.1610017304992327	-0.20133651135708144	-0.10497273647435269	-0.20135827864302738	-0.23921158890303762	-0.2761724404392638	-0.19746193445870203	-0.17395326563707403	-0.20971691644627288	-0.3063201314744071	-0.15301313655706839	-0.006040421850001632	-0.028003613369467027	0.07197353098028972	-0.12216889237165464	0.06672761506731534	0.12767601571598045	0.12421501725057411	0.0037983913975685943	0.339362871540362	0.15658297145220448	0.06433321361326064	0.05488621151271754	0.050946332756500255	-0.19580762072680968	0.26206723914628705	0.1923248549754574	0.244914617820877	0.1425648393030115	-0.08046277249921094	0.01065508647054342	-0.07917850262839977	-0.04115105408082193	-0.08233475909056279	0.042631229525146655	-0.06350605674731447	0.03100749883000838	-0.1934567538446469	-0.025587444629466376	0.2156376182235718	0.10788955279111025	0.015966304241355665	0.1303316246013866	0.03229176870081954	0.16753191628301825	0.04576571870136372	0.1801569421316703	0.15068403696085153	0.06827309236947791	0.11013158324354327	0.2032520325203252	-0.05466853865325802	-0.16955627387599176	-0.06015389471163788	0.029287883240278187	-0.028678399233791535	-0.10297014616732512	-0.09213003776624111	-0.141890053438687
HCO3	-0.08571428571428572	0.22207792207792207	0.04155844155844156	0.2792207792207792	-0.2701298701298701	0.2	-0.16883116883116883	0.2519480519480519	0.2844155844155844	0.33246753246753247	0.14285714285714285	0.2896103896103896	0.09480519480519481	-0.23636363636363636	-0.2038961038961039	0.006493506493506494	-0.00909090909090909	0.045454545454545456	0.16883116883116883	-0.12337662337662338	-0.17662337662337663	-0.032467532467532464	-0.10909090909090909	0.1974025974025974	0.22987012987012986	0.14675324675324675	0.15454545454545454	0.02077922077922078	-0.10779220779220779	-0.2844155844155844	-0.012987012987012988	0.08831168831168831	-0.06883116883116883	0.06233766233766234	-0.07662337662337662	-0.13896103896103895	-0.07142857142857142	-0.046753246753246755	-0.287012987012987	0.3	-0.18961038961038962	0.24155844155844156	0.2064935064935065	0.21168831168831168	0.05194805194805195	-0.024675324675324677	0.3012987012987013	-0.23636363636363636	0.44285714285714284	0.11038961038961038	0.08311688311688312	0.21428571428571427	0.22077922077922077	-0.17532467532467533	0.04025974025974026	0.09090909090909091	0.07012987012987013	0.0025974025974025974	-0.1961038961038961	-0.21558441558441557	-0.2012987012987013	-0.22467532467532467	-0.08571428571428572	-0.35584415584415585	0.11818181818181818	-0.12987012987012986	-0.04415584415584416	-0.08311688311688312	-0.1	-0.08181818181818182	-0.08831168831168831	-0.13896103896103895	-0.025974025974025976	0.2012987012987013	0.15064935064935064	0.18311688311688312	0.4584415584415584	0.2857142857142857	-0.06493506493506493	-0.05974025974025974	0.024675324675324677	-0.2805194805194805	-0.24935064935064935	-0.02727272727272727	0.17792207792207793	0.2727272727272727	0.2987012987012987	-0.08441558441558442
FluxAttenuation	-0.1683007859978932	-0.34656834940442427	-0.23636658293493235	-0.3071874240337088	0.008346163195851228	0.1820760068065797	-0.03087270075358561	-0.1294060448910137	-0.14156065148691355	-0.11141722712908192	-0.004780811927720606	-0.15565999513815737	-0.0757637144477757	-0.1238959565675391	-0.19001701644923427	-0.09440077789482214	-0.09715582205655944	-0.13426788752937363	-0.04837533425168139	-0.0895389352564622	-0.11611700834616319	-0.1632768819382546	-0.08548739972449558	-0.09196985657564216	-0.0057531804553925935	-0.07819463576695568	-0.14609837128271616	-0.12000648245685115	0.2443075925775869	-0.2149744753261486	-0.0922939794181995	-0.10671744591200065	-0.03233125354509359	0.0052669961915566	0.01158739162142452	-0.033141560651486913	-0.04999594846446803	0.037355157604732195	-0.11401020986954055	-0.05064419414958269	-0.2997325986548902	-0.10558301596304999	-0.11611700834616319	0.06944331901790779	-0.18288631391297303	0.27283040272263187	-0.23247710882424438	-0.06587796774977717	-0.1183858682440645	-0.1861275423385463	-0.007859978932015234	0.17121789158090917	0.0313588850174216	-0.04318936877076412	0.07381897739243173	-0.30183939713151287	-0.12405801798881776	-0.1986062717770035	-0.25127623369256946	-0.19179969208329958	-0.1908273235556276	-0.14707073981038812	-0.1128757799205899	-0.027469410906733653	-0.059233449477351915	-0.10639332306944332	-0.1000729276395754	-0.33165869864678715	0.02066283121302974	-0.028603840855684303	0.057450773843286604	-0.3707155011749453	-0.286767684952597	-0.4366744996353618	0.02876590227696297	-0.33554817275747506	0.08046349566485698	-0.17591767279799045	-0.2251843448667045	-0.06879507333279312	-0.1028279718013127	-0.09585933068633012	0.01823190989384977	-0.17802447127461307	0.12632687788671906	-0.03443805202171623	-0.2242119763390325	-0.1101207357588526
Longitude	-0.16943033457873305	-0.1346081188866966	-0.2214642542294614	-0.1646236514000252	0.14096805339826204	0.17425800764031737	0.1402124176147097	0.01200621300533143	-0.04332311825700012	-0.008584862096469501	0.1451030603249234	-0.03616556819612947	-0.0014692918013517484	-0.22047772973426807	0.09212459594475463	-0.08016036270517611	0.05388102934385626	0.1498467738550019	0.11357625624449015	0.12048192771084337	0.1901893287435456	0.20593174090088578	0.13521682549011377	0.10534822215692037	0.09428655388102934	0.20458838839679275	0.031065026657151253	0.047940892489819906	0.1035221023466689	0.022501154443558206	0.07136560177994207	-0.018009319507997144	0.09497922001595231	0.06563536375467025	-0.043386087905629485	-0.05755425884723563	-0.0319046219722094	0.1838713739977331	0.1194744133327736	-0.03683724444817598	0.02501994038873263	0.14033835691196844	-0.24503589269971873	-0.17805717644095545	0.11366021577599597	0.02755971621678351	0.04854959909323706	0.30548675538390496	0.3327526132404181	0.43499433273162336	0.17432097728894672	0.04004869652827337	0.07512279081482726	-0.050522648083623695	0.08419042021745518	0.02329876999286344	0.12866798203266025	0.23401620418958063	0.1792116199991604	0.24860417278871583	0.2174341967171823	0.25863733680366063	0.1247638638176399	0.07042105705050165	0.014986776373787834	0.0940346752865119	0.11651483984719366	0.18301078879979849	0.04216867469879518	0.2620376978296461	0.2149573905377608	0.2063725284412913	0.020024348264136686	0.19837538306536248	-0.13788254061542338	-0.03140086478317451	-0.10224171949120524	0.04645061080559171	-0.026384282775702112	0.12973846605935938	0.4286134083371815	0.23611519247722598	0.20173376432559506	0.15700432391587255	0.026237353595566937	0.1600058771672054	0.05329331262331556	0.0837286427941732
Iron.5m	-0.283552327778011	-0.1436547584064481	-0.11185508584862096	-0.10398387976995088	-0.027748625162671594	0.08750682171193484	0.09120104109819067	-0.1508752781159481	-0.17988329625120691	-0.06309558792661937	-0.1338524831031443	-0.10937827966919944	-0.1832416775114395	-0.18890894588808194	0.059632257252004536	-0.16437177280550774	0.05411191805549725	0.16720540699382896	0.04815079131858444	0.09777087443852063	-0.03561983124134167	0.008710801393728223	0.15333109441249318	0.09804374291591453	0.00868981151085177	0.13567860291339573	-0.04044750430292599	-0.0859955501448302	0.08801057890096974	-0.13479702783258468	-0.027286847739389615	-0.027034969144872172	-0.07699089039083162	-0.017190714075815457	-0.14957390537760798	-0.09269132278241887	0.006947651232106125	0.2096259602871416	-0.014986776373787834	0.05199193988497544	0.1752865119012636	0.1458586961084757	-0.3593677847277612	-0.2081356786029134	-0.10194786113093489	-0.19262415515721423	0.07048402669913102	0.15007766256664287	0.32282439863985557	0.3141555770118803	0.0763192141387851	0.09770790478989128	0.040783342428949244	-0.15484236597959783	-0.06865790688887956	-0.04132907938373704	0.06769237227656269	0.05977918643213971	-0.14417950547835942	0.031442844548927415	0.04124511985223123	0.10769908903908317	-0.043029259896729774	-0.09590277486251626	-0.14894420889131438	-0.00048276730615843166	0.008836740690986944	0.11118340959657445	0.08551278283867177	0.1445573233701356	0.11619999160404684	-0.020905923344947737	-0.07377943831073423	0.09806473279879098	-0.3448008060115025	-0.10570505016582007	-0.21029763653918812	-0.13941480206540446	0.002287897233533437	0.08649930733386507	0.3278199907644515	0.18880399647369966	0.25477519835439316	0.193400780823643	0.007283489358129382	0.22717350237185677	-0.04460350111246379	-0.11078460182192183
Ammonium.5m	0.24797447630242223	0.3868435414130389	0.07306578229293481	0.14707610931531	-0.015448553797069813	-0.05411191805549725	0.07000125939297258	0.016938835481298015	0.0047017337643255955	-0.0688678057176441	0.018492086814155578	0.26405272658578566	0.15198774190840014	0.1645816716342723	0.09149489945846102	-0.02340371940724571	-0.17226396876705427	-0.21777003484320556	-0.11475168968557155	-0.06103857940472692	-0.16428781327400194	-0.01649804794089249	-0.013349565509424458	-0.0458209143192981	-0.04521220771588094	-0.1880693505730238	0.0015532513328575628	-0.1294655975819655	-0.04766802401242601	0.1259392972587213	0.0002938583602703497	-0.009214558582763108	0.06527853574577054	0.12759749800596112	0.02455816296545065	-0.026720120901725368	0.10805591704798287	-0.06838503841148566	-0.010515931321103228	0.15291129675496412	0.07237311615801184	0.019310692246337264	0.25108097896813736	0.19816548423659797	0.010809789681373578	-0.11634692078418202	-0.20544897359472733	-0.09149489945846102	-0.13408337181478527	-0.16258763276100918	-0.3274001931069225	-0.1980605348222157	-0.13192141387851056	-0.08349775408253222	-0.06097560975609756	-0.07075689517652492	0.010285042609462239	0.16468662104865456	0.002413836530792158	-0.032093530918097475	-0.05879266193694639	-0.09367784727761219	-0.04884345745350741	0.03142185466605096	0.13893203475924604	0.0073464590067587425	-0.030372360522228286	-0.06607615129507577	-0.1241761470970992	-0.1058729692288317	-0.04691238822887368	-0.06215104319717896	-0.1351958356072373	-0.09080223332353805	0.044624490995340244	0.02015028756139541	-0.09416061458377062	-0.038243566600898365	0.1452289996221821	0.06930859325804963	-0.053062423911674574	0.06966542126694933	-0.022732043155199194	0.07323370135594644	0.2051970950002099	-0.086079509676336	-0.04359598673439402	0.33890264892321903
Okubo.Weiss	0.1312785388127854	0.06883253116129828	-0.004319387881031716	-0.04791435270887326	0.04313217326915957	-0.05516475379489078	-0.13532025175860793	0.16250154263852895	-0.12964334197210908	0.04337899543378995	0.08209922251018141	-0.009255831173639394	0.042916203875107986	-0.1248611625323954	0.02687276317413304	0.07089966679007775	-0.04828458595581883	-0.1693508577070221	-0.10249290386276688	0.026008885597926693	0.17132543502406516	0.07009749475502901	-0.09579785264716771	-0.1705232629890164	-0.10298654819202764	-0.05895964457608293	-0.05679995063556707	0.030852770578797976	-0.09842033814636554	0.05670739232383068	-0.03915216586449463	-0.07213377761322967	0.037979760582500306	0.049302727384919164	0.05775638652350981	0.06710477600888559	0.0335061088485746	0.07815006787609527	0.18511662347278784	0.1966864124398371	-0.10588670862643465	0.03529556954214488	-0.11085400468962113	0.0213192644699494	-0.026595088238923856	-0.10456003949154634	-0.07639145995310379	-0.02526841910403554	0.06975811427866223	-0.017586079229914845	-0.19859928421572257	-0.15281377267678636	-0.054825373318524	-0.3139577934098482	-0.23849191657410834	-0.19927804516845612	-0.10119708749845736	-0.09706281624089844	0.06050228310502283	0.09959274342835987	0.1358756016290263	0.14278662223867702	-0.05211032950758978	-0.2438602986548192	0.14136739479205232	-0.09928421572257189	0.04541527829199062	-0.12908799210169072	-0.07395409107737874	-0.19742687893372826	-0.11940022213994816	0.12427495989139825	-0.07256571640133284	-0.016722201653708503	-0.10002468221646303	0.13189559422436134	-0.09959274342835987	-0.05911390842897692	0.01999259533506109	0.026471677156608663	0.05612118968283352	-0.018943601135381957	0.03288905343699864	0.012001727755152413	-0.067043070467728	-0.30951499444650127	-0.05220288781932617	-0.13433296310008638
Nitracline	0.059641009266242516	-0.23650350315557975	-0.00302211640043916	-0.04363752923664424	-0.04187462800305473	0.017651907157110548	-0.040409359445266045	-0.0780713403446783	-0.02532167226428569	-0.060808645148230374	0.03276248915930635	0.0725994780741862	0.04196620728791652	0.13826182532009157	-0.19009570055186625	-0.04562937868238823	0.1544713587406289	-0.0478959659827176	0.05206282344392917	-0.09086954540411384	0.05808416142359204	0.009776088658996374	0.05618389126270984	0.0346398644989731	-0.04940702418293718	0.0025184303336993003	0.016438481632691796	-0.09020559558886584	0.09798983480211823	0.01598058520838283	-0.062273913706019056	-0.10705618400343571	-0.023490086567049834	0.015660057711366557	0.011996886316894849	0.15827189906239328	0.1719630021492313	0.06202207067264913	0.08777874454002833	0.15293740571919387	0.19968863064113906	0.06744814330071035	-0.13441549535589628	-0.15790558192294613	-0.25816200402539374	-0.0674710381219258	-0.0005723705303862046	-0.18221988205375209	-0.0010302669546951684	-0.13686524122594923	-0.3064929716112048	-0.15048765984914092	-0.3052337564443552	-0.1040111727817811	-0.06156417424834017	0.07571317375948715	-0.21759238083161953	-0.07923897622666616	-0.1090938230916106	-0.08189477548765815	-0.19668940906191534	-0.1306149550341319	-0.09336508091659769	-0.028778790267818367	-0.08384083529097125	-0.009501350804410997	-0.04535464082780285	-0.009661614552919133	0.07131736808612109	-0.06925683417673076	-0.03564723663245282	-0.005242914058337634	0.11832043604143622	-0.02781720777676954	0.005883969052370183	0.15577636354990945	0.1753285408679022	-0.046682540458298845	0.31686432562180283	0.13610971212583944	-0.2442877423688321	0.04890333811619732	-0.3085306106993797	-0.2181876461832212	-0.179609872435191	-0.024131141561082384	-0.2579330558132392	-0.10284353689979324
Residence.time	0.08565277600181465	0.05575059116695932	0.10348271936144346	0.12611260375042893	0.08973996476695129	0.028075757157791537	0.09001838362016223	0.05439190716328991	0.08465046813025524	0.0992173425302518	0.07909322782016481	-0.09799229957612365	-0.003920137453210084	-0.08618734019997966	-0.13718253735409605	-0.08199992064768706	-0.10419547162566348	0.020903687499077634	-0.040593468798155556	-0.018698610181646962	-0.08379293806236554	-0.00040092314862375856	0.06373564387704918	-0.11558837109905527	-0.09134365736144633	-0.06800102070824082	-0.02599318413577368	0.05944799353760064	0.20169775402013587	0.08526298960731932	0.067522140280718	0.2170887482256368	0.01762948178531694	0.1211122011467604	0.03383345904219385	-0.031171774805497227	0.19383520560545883	-0.06984972189356149	-0.08321382684768677	0.1003087444348387	-0.029356483882561877	0.17544842453940812	0.0802403134953939	0.015435541222014704	-0.14686037669170846	0.007662086840365164	-0.23639987988434785	-0.2786749985558975	-0.05223137686237299	-0.14886499243482723	0.10481912985685599	0.03377777527155166	-0.055850821954115254	-0.04965878665870387	0.1776869121192241	0.08208901468071457	0.008530753662383306	-0.030102646409167204	-0.14578011154124998	-0.13013297199079496	-0.057365420515582785	-0.30799807217607406	-0.11625657634676155	-0.11486448208070683	-0.12818404001831837	-0.1454014619008831	0.13597976790822477	0.002205077317430672	-0.19018235025133123	0.06820148228255271	0.0021382567926600455	-0.1812506734403242	0.011860643146786191	0.04632889717430099	-0.04948059859264887	0.010479685634859912	0.00713865939632859	0.1030817962128197	-0.08222265573025582	-0.040693699585311494	-0.22912757943847803	0.05495988162384024	-0.1716062443650971	-0.08230061300915488	-0.10220199263667312	0.20635291724582283	0.17490272358711467	0.1821972975412414
Temperature	0.25578271273246295	0.26598379581041937	0.1944922547332186	0.1556189916460266	0.28718357751563744	0.16363712690483187	0.20983585911590613	0.2209185172746736	0.13702195541748877	0.1480416439276269	0.1274295789429495	0.12908777969018934	0.16481256034591327	0.03790772847487511	0.1482515427563914	0.12973846605935938	0.1338524831031443	0.13488098736409052	0.15925024138365307	0.15595482977204989	0.1322572520045338	0.1606775534192519	0.24087989589018094	0.03725704210570505	0.03702615339406406	0.06332647663826035	0.036228537844758824	-0.10837076529112967	0.3258469417740649	0.41708996263800846	0.3216909449645271	0.30137273834012007	0.3136518198228454	0.550165820074724	0.41272406699970615	0.41022627093740816	0.5575542588472356	0.47082406280172956	0.4594685361655682	0.4493514126191176	0.35237815372990217	0.2120188069350573	0.0074304185382645565	0.0022459174677805296	-0.41140170437848955	-0.5228999622182108	-0.4187271735023719	-0.37414466227278453	-0.21772805507745266	-0.263003232441963	-0.2059737206666387	-0.27595399017673483	-0.1747827547122287	-0.023613618236010242	-0.35974560261953736	-0.2234582931027245	-0.2779900088157508	-0.14476722219890012	-0.11617900172117039	-0.2406280172956635	-0.09455942235842324	-0.14357079887494228	-0.2247176860753117	-0.19037823768943368	-0.006024096385542169	-0.07329667100457579	0.1990050795516561	0.10318626422064565	-0.09562990638512237	-0.10184291171655262	-0.0006716762520465136	-0.1466353217749045	-0.05849880357667604	-0.09953402460014273	-0.2757231014650938	-0.09844255069056715	-0.17864489316149615	-0.08448427857772553	0.04806683178707863	-0.019562570840854707	0.04006968641114982	0.10599890852609042	-0.02902900801813526	-0.047626044246673105	0.05870870240544058	0.11426892237941312	-0.0656563536375467	0.08637336803660635
Salinity	0.16640779144452375	0.21132614080013434	0.2867847697409848	0.281516309138995	0.027097938793501534	0.11294655975819655	0.20670836656731456	-0.10079341757272994	-0.07195331850048277	-0.017610511733344526	-0.14724402837832165	-0.013517484572436086	-0.022962931866840182	0.11267369128080265	0.09239746442214852	0.013622433986818354	-0.041832836572771925	0.19915200873179129	0.010243062843709332	0.08924898199068049	0.12873095168128962	0.04202174551866	0.06678980731287519	0.08786364972083456	-0.03452835733176609	0.002644725242433147	0.012572939842995677	-0.06070274127870366	0.29897989169220435	0.24530876117711264	0.17484572436085807	0.2688174299987406	0.08097896813735779	0.18939171319424036	0.04519121783300449	0.18699886654632467	0.43457453507409427	0.35095084169430335	0.21462155241173755	0.2755761722849587	0.41331178372024685	0.3459552495697074	-0.20490323663993956	-0.14611057470299316	-0.4175727299441669	-0.5074723983040175	-0.16550522648083624	-0.4066579908484111	0.24675706309558793	-0.14136686117291467	-0.12373535955669368	-0.2545862894085051	-0.10925234037194072	-0.2601695982536417	-0.11894966626086226	-0.10066747827547122	-0.02564963687502624	-0.06460685949372402	-0.35067797321690947	-0.2298602073800428	-0.19766172704756307	-0.25437639057974054	-0.28031988581503714	-0.16065656353637547	-0.22608202846228118	-0.12520465135804543	0.02489400109147391	0.14262625414550187	0.05929641912598128	0.037571890348851854	-0.05425884723563242	-0.0987364090508375	-0.007052600646488392	0.03902019226732715	-0.2200159523109861	0.03648041643927627	-0.10190588136518199	0.07879602031820662	0.16485454011166617	0.20015952310986104	-0.10327022375215146	0.0491163259309013	-0.030015532513328575	0.016938835481298015	-0.06601318164644641	0.1176692834053986	-0.09330002938583602	-0.01672893665253348
Depth.Max.O2	0.3471048427184558	-0.0096739952757648	0.13039788742125022	0.26213215805296675	0.04514136915353819	0.027874825018310064	0.04528328595464966	0.01593016092476184	-0.03925182190741243	0.09485955514292109	0.017834211339673983	0.06673637572266597	0.15535159161668266	0.002814683222044037	-0.05927391726422149	0.20883057283551934	0.025521371399878284	0.21537057208673932	0.10299611840664503	0.27381664134447725	0.14429390753008106	0.17157741254376005	-0.031730231448504835	-0.0756180021922251	0.08356534305446708	0.15873394204317254	0.2721727717316028	0.22344800335000015	0.3376318962442656	0.21699078889942852	0.13874732588664135	0.3098871616269744	0.2223481481413863	0.10991456246082891	0.14062772350136826	0.17733686938886695	0.2519614539733118	0.16578247649837524	0.24713628273552202	0.12504052817929245	0.10387127201349906	0.3324519330036972	-0.1895535406845455	-0.2837035118219093	-0.08629724147586276	-0.1496394403719462	-0.15427538920825404	-0.21509856488460902	0.057961186853940444	0.04622939796205942	-0.009484772874282848	0.028844589825905067	-0.07117127575739922	-0.2203613129258258	-0.05242643161059334	-0.1254899313828121	0.007698986460296924	-0.13966978509386588	0.00578310964529216	-0.07312263177268186	-0.11161756407416648	-0.10746649764165615	-0.17223969094894687	-0.11814573692529381	-0.10983177766018055	0.0007805424061130523	0.05378646762124487	0.055962525238287326	-0.07824346301278717	0.12768964180003978	-0.10434432801720395	0.005712151244736428	0.11533105370324978	0.14998240597463225	0.10445076561803754	0.0540703012234678	0.03508892907480949	0.13045701942171334	-0.14042667469979367	0.002412585618894889	-0.05210711880809255	-0.1438208515263762	-0.17465227656784177	-0.08170859823992542	-0.04762491317298881	-0.033953594665917776	0.0453069387548349	-0.03279460745684082
Brunt.Visl	0.31308134335375326	0.20739652440438985	0.22169973298400295	0.2182708816121779	0.04774267338674507	0.019669633107580565	0.0138786841240538	-0.04570713304855052	0.11114921065938303	0.1280866479119538	0.2043377712758729	0.12133779759280605	0.13706697293340037	0.10153754157582263	0.14174762718700282	0.14766919907993245	-0.054698343312447335	0.004647998526251744	0.08067053179871586	-0.07888535203687679	0.17969358236853344	0.18578931814066688	0.13413884271428628	0.1345742524122958	0.05001768905884488	0.07997387628190061	0.0756197793018053	0.02998884295040645	0.13388848213793078	0.3415897933309273	0.18655128511218355	0.19767600289632709	0.2282526489390464	0.22149291337744842	0.08987944691161744	0.21822734064237695	0.5041500040827858	0.22184124113585604	0.3496884137139046	0.13402999028978388	0.1741638792038124	0.3027294777835767	-0.01048248847957946	0.01294255327333331	-0.244177758643745	-0.3072359681579753	-0.2593409013769269	-0.47606607856117095	0.08407761268564044	-0.1823822372537423	-0.30005170814081805	-0.36187988525817144	-0.15116336190645893	-0.09411380622476014	-0.09472337980197347	-0.11012599786906063	-0.11121452211408446	0.025003401908197317	0.01924510865202127	-0.03900182369920374	-0.0020790813079955106	-0.05208588512439015	-0.07573951696875791	-0.009350423264754678	-0.1334313019550208	-0.11826815922183886	0.07338830459950645	-0.029520777525046202	-0.020192124745192	0.04403080571121382	0.05837755526062787	0.013780716942001657	0.005801834225977001	0.009067406961048484	-0.12169701059366392	0.04054752812713758	0.16011103120055478	0.048820312389318665	0.24436280776539904	0.2009198051464981	-0.12609464854356017	0.15051024735944463	0.002481835278654327	-0.06347184872733938	-0.12623615669541327	0.008980325021446578	-0.03194818659144934	-0.04247421604082975
Depth.Min.O2	0.2636137744225082	0.1877563937785852	0.1599896856905979	0.1875923017932615	0.1959375513325806	0.08191706324480504	-0.0940833118709472	0.1667174570888692	0.21606226124692174	0.11295389018317158	0.13587988470411	0.12174453225408355	0.2829063035541364	0.20857263420250474	0.20614641699093303	0.07497831643683185	0.08775404957989058	0.15868867066410292	0.19401533093307452	0.09245411287380485	0.2571907452826952	0.20032115151194202	0.018108722666078665	0.02516467803499734	0.1690733491638736	0.1810989475168812	0.2613750909084493	0.031083710362744734	0.18617407820582102	0.18372441928206024	0.12086546804699234	0.3117982138272004	0.2542019269785851	0.151456902453766	0.18836587829550175	0.2827422115688127	0.38851121696602553	0.20819756680747917	0.35484891826247994	0.05347054550333389	0.1600834525393543	0.29797932449172676	0.06214397901330037	0.0258444876884812	0.018307977219686	-0.23427647161785134	-0.1800089079000881	-0.18792048576390888	0.003633465389310282	0.023394828764720398	-0.2624534096691479	-0.1266555709576997	-0.05778382054612803	-0.0033756065552301975	-0.09362619848325979	-0.15838392840564464	-0.17521507775741743	-0.08094423218895744	0.0842143510393367	0.07983075085997526	-0.04445720716662548	0.03200965799421413	0.018976066017075313	-0.0726107035057329	0.08451909329779497	0.006434749995907564	0.08694531050936669	-0.12462786285334267	-0.046918586946480836	0.09452870440254008	0.10627300220927847	0.19759019204191205	0.10576900539721286	0.06798096534838592	0.012635082869924142	0.18572868567422815	0.040929229482166145	0.08374551679555473	0.015436367476521424	0.13285590383171628	-0.017780538695431284	0.018507231773293338	-0.0036920696697830286	-0.09770505640416294	-0.07145033875237251	-0.1324339530123125	-0.04012049041164224	-0.20752947801008984
