	GguR	NrdR	VanR	CblR	LldR	NagR	Irr	SiaR	IscR	KdgR	NagC	MetR	FUR	SahR_SamR	AgaR	GulR	BirA	NadQ	CzrA	XylR	AraR	NsrR	RbkR	ArgR	NrtR	Phr	Zur	MntR	ThiR	Rex	CcpA	LiuQ	ExuR_UxuR	PdhR	TtrR	PhrR	HutC	PhnF	ModE	NiaR	NmlR	FruR	BioQ	CueR	MerR	NifA	PaaR	AcnR	FadP	RbsR	SdaR	HrcA	QorR	NnrR	NtrC	LiuR	PurR	FabR	GntR	LexA	AmtR	HcpR	PrpR	LtbR	DasR	RutR	FixJ	GlcC	CadR-PbrR	MetJ	ZntR	NorR	FadR	FnrN_FixK	PhnR	CsoR	PdxR	HypR	HexR	NikR	HisR	PsrA	SoxR	NarP	TyrR	PhsR	NagQ	TrpR
Temperature	0.2978914949064203	0.2597962568111822	0.4416738363321238	0.3689048491876457	0.35632115113654783	0.5706280626940485	0.4881482312747042	0.5554957044352175	0.44940460604246935	0.48735021633686204	0.43428222297036123	0.5712664746443222	0.5227421788301599	0.48398857841120213	0.6694971258993254	0.5923240938166311	0.21182059626678637	0.2682651903390317	0.2788787890123318	0.26478883776605694	0.3664459656604197	0.3630943029214828	0.36129876931133803	0.2902205763164129	0.31491415104926496	0.2678262821232185	0.39427174902430207	0.37504956420903	0.33284454918390505	-0.04641205002556142	0.22101273083205528	0.07966932256013168	0.31254005660918466	0.10472699160837418	0.15091709372934825	0.15386476140600258	0.07785882616990236	0.15341587800346637	0.13875235352061746	0.17815434107657202	-0.3399019937904463	-0.19489270439781045	-0.3676779012207135	-0.278385017269542	-0.2500105986358932	-0.26098330403122233	-0.3830945523011509	-0.32385690594645816	-0.36187234254791206	-0.36265539470566965	-0.527465429743513	-0.5778500978815198	-0.5408222047656455	-0.48636267285128243	-0.559291262983329	-0.542373346301076	-0.5860746393346551	-0.6802354144066635	-0.6053217621167346	-0.08443247422037681	-0.03989326550206362	0.038955597950099126	0.06538984276611928	0.20630431800895274	0.20890285415030113	0.25812541303507525	0.009354231349518074	-0.07557450841032931	-0.06862180326437986	0.05027244728737266	-0.18591503634708662	0.0561278818937892	0.06696592226835746	0.1032307135999202	-0.07889125799573561	-0.19266823775857556	-0.20280801506253196	-0.01606753201411489	-0.06190351500642153	-0.14113642314742078	-0.30981683063379845	-0.3308046234990461	-0.28351226324517764	-0.1460741405753189	-0.1711068716567538	-0.21393034825870647	-0.26954700183294056	-0.4097881519719697
FluxAttenuation	-0.28420950341682966	0.07564659379346339	-0.017210086248641412	0.11800738988946023	0.10300123182331904	0.22645362075189746	0.07914695031861078	0.2340377265563835	0.36034225783878576	0.3632916323183081	0.3559992228909177	0.3474427958294462	0.3688338634831248	0.28482530687958707	0.12241524625446067	0.24755299202848044	0.3823815396637879	0.22979192373421398	0.32776949572977515	0.31457833734334	0.3439424393042988	0.32426913920462774	0.3588513652447415	0.3731120770138605	0.3693848455287499	0.36322681090117576	0.3609904720101093	0.3736630590594856	0.3506838666860642	0.3015492324997358	0.3009010183284122	0.19238996604884262	0.12432747805986527	0.1005056072637232	0.025377584807318693	0.28275102153135157	0.28852012765613155	0.20049264319038754	0.24356647487484034	0.19922862555630652	-0.04518052774125448	-0.3846826999719867	-0.2524470090219736	-0.2503079022566057	-0.3082258384643688	-0.29205289488984515	-0.2732546839214609	-0.417028587121034	-0.3238477999932674	-0.34705386732665205	-0.1978349650879608	-0.23795942229289124	0.0014908925940442656	-0.39187787727367857	-0.30543851752767737	-0.2107668378058665	-0.39547546592452454	-0.17132300548082582	-0.25740584743259903	-0.0859856098260747	-0.14273676052545534	-0.24995138446237772	-0.05555195448243198	-0.3529202055771306	-0.2110585341829621	-0.18389836040450352	-0.1429312247768524	-0.37645037999617703	-0.17391586216612018	-0.1431256890282495	-0.08303623534655236	-0.10851105227956959	-0.2439554033776345	-0.24214040369792844	-0.26064691828921704	0.07409087978228676	-0.08242043188379494	0.10212614269203218	0.29490503724366895	0.20551630301814539	0.2868671815192564	0.27568548706392443	0.04735204521518852	0.11962792531776922	0.2289492453114933	-0.07678096859327968	0.15278408018097103	0.27944512925760123
Salinity	0.386146959438397	0.21642414493946308	0.34430603872866244	0.2606740732428085	0.2630930560231424	0.268015810670956	0.3092332822105014	0.3723163630469208	0.25571640544146435	0.20837416925398072	0.1758500729435529	0.3224005286848963	0.26131747278644374	0.2974725370640532	0.393329093878976	0.3421015224628736	0.023947929525305802	0.17610444020499008	0.1933315876756568	0.11204379106971409	0.2337959326176137	0.21679322684821506	0.18485766655444583	0.13711642289804113	0.12030823326974152	0.07376899961346152	0.1534906919038891	0.1363982094539832	0.126143717502712	-0.0764772628087632	0.012725844461901021	-0.1787528522799536	0.1697053579221686	0.24659409718325664	0.06281624459157845	0.023309517575032107	0.1869275177994738	0.2064788837766057	0.10905123505280614	0.06798339131410616	-0.15630369455978255	-0.023040187533510392	-0.20981558373545806	-0.11405379119440393	-0.13279217945360916	-0.1070412349281163	-0.16956071771468473	-0.3251536802204516	-0.16809436526639984	-0.24084340203743188	-0.26106310552500656	-0.3185949949500617	-0.27576653075474755	-0.19902741929450493	-0.242778588261699	-0.3666604321749648	-0.3949650245015524	-0.4436539108966446	-0.3241262359879799	-0.13355528123792068	0.06935996708188381	0.03847180139403234	0.04135463035698699	0.40628686143218745	0.15054801182059627	0.2539956857317423	0.05569396127133755	0.16556565543211263	0.2136061546902081	0.21129191137046596	-0.08249230040274816	-0.0662626716043841	0.20280801506253196	0.12464245190089653	-0.1471763987082133	-0.24509781917480267	-0.22246910809361714	-0.147056696467537	-0.14217384256661555	-0.06278133143804786	-0.36432125088841505	-0.3894138330901882	-0.2567089365204055	-0.08245738724921757	-0.24681853888452474	-0.1366176635618898	-0.09958977044601554	-0.22801531191161983
Brunt.Väisälä	0.4259519804365877	0.18264351532545228	0.26001361585296445	0.2247320598678648	0.15726012152486876	0.3104280416935177	0.349227876470201	0.4283731328371692	0.268310133671054	0.24562818003517659	0.2538472850422222	0.34379563266073754	0.306429269592006	0.27295223292641363	0.3530157653967998	0.39488274913518995	0.05074543234294804	0.180796285489507	0.21904355295977312	0.10474754156429675	0.2860269897710091	0.2507427643786321	0.16636280034072634	0.20684169229488017	0.2151622347784661	0.19985318404270563	0.25709595369879074	0.23188073255668198	0.22174232371720187	0.02698236875973271	-0.031677856160639895	0.05994154041351385	-0.045406617788192855	0.011483790107278404	0.1464276667932705	0.12019807088575825	0.2164755831589359	0.21614724606381844	0.08815984474267238	0.009930195071844646	-0.05890847979716872	-0.130595412231144	-0.3363720110223505	-0.2053948735505415	-0.08303992158466215	-0.15125662455804653	-0.15143547484563086	-0.17349812599315664	-0.15359235592575193	-0.19215728286202602	-0.26348918412811007	-0.24254501462980546	-0.302809553323882	-0.2728427872280412	-0.3835030659117293	-0.3206625491949833	-0.3204676824637348	-0.28057872951788143	-0.3948400386187519	-0.12355084642614451	-0.15819174466467353	-0.10220893524351066	-0.12785926977183196	0.21934252657483944	-0.07247173817352427	0.03422447070325812	-0.04303885353315893	-0.023530825150083482	0.09687012068875547	-0.005571052987887036	0.07065921063218489	-0.13777344840001232	0.1031805994924761	-0.05154358511888394	-0.095353897355205	-0.20335544639062503	-0.19804866472319838	0.009158736368682521	0.03438730454717815	-0.014110486868217956	-0.27913191077354277	-0.19801396242859245	-0.218653819497276	-0.1361584569971989	-0.23574603429432472	-0.2255996172330125	-0.082225752365062	-0.15785806875500133
Ammonium.5m	0.05043762580477213	0.06585771284743956	0.17348159061539528	0.03276051486211861	0.017714520178564896	0.2043467041913377	0.21315034437581387	0.2636528128561657	0.046160503165571964	0.11504836412183263	0.08589659355063102	0.11934543835351887	0.18241491615103086	0.1403395015469807	0.1122875625115734	0.2073294672680044	0.1314435852472565	0.09140323307678494	0.19154775761152706	0.15455002329518042	0.17654914796012777	0.11550475679995137	0.10141643855572877	0.16120138544022233	0.11665446731696086	0.09350563213500403	0.1406362814852109	0.13168799225521077	0.11238732047400372	-0.09152044868264057	0.048325250950310004	-0.1465718802498152	0.06910732847360739	-0.06071020198603481	0.07996099478602671	0.1555700484610305	0.07112243931469994	0.02336082085212127	0.1535624194671202	0.0170236962887349	-0.051038667528414836	-0.08539032189129712	-0.19809187994695637	-0.07150151957193518	-0.155801985723681	-0.15276186181861687	-0.218644514156664	-0.14047168084720085	-0.13000956453732057	-0.1611540004080679	-0.17037662403475143	-0.19145797544533977	-0.21146692875980214	-0.18096343779766963	-0.161565502003093	-0.13969107479118356	-0.20352370100128755	-0.08153966454148659	-0.12930876485124754	-0.35479168733251026	-0.10204241976997906	-0.2086288147286594	-0.09893994713839596	0.16633892050538404	0.04699597610092593	0.08091867122535781	0.009190202288893655	-0.11097823925467538	-0.13228404608073197	0.15080909970404324	0.004573902577430384	0.24153647258536273	0.19031824072457332	0.11369664373090173	-0.12278958200642583	0.017160863487076593	0.04565672545529882	0.19367010826223222	0.06340616092071433	0.07694581037157014	0.045684158894967165	-0.12380212532509362	-0.11956989376898709	-0.08101842918778815	-0.04937270955582841	-0.1384216547192577	-0.07672135495610191	-0.036748339410270836
Nitracline	0.3884553504476473	-0.04345032491329307	0.02666769183252669	0.05917855172720502	0.05380766980541526	0.057261948669224835	0.2054554544560314	0.27624345851724824	0.12685276228161738	0.22057959434622468	0.2244073087628785	0.2072951737237201	0.2098323388033386	0.1743559612831322	0.21354472753455525	0.2095193119428662	0.12871444834653223	0.18805225935362674	0.1792270985680274	0.09341929690344142	0.12816527841587888	0.2222875128305566	0.15333373633772193	0.1727523850856244	0.1755421683333434	0.17543782604651928	0.1382809885385136	0.14778162833881656	0.17605289636885102	0.1219212163043503	-0.053994387581837396	0.011450193054122353	-0.05240728648224922	0.02570115275457679	-0.10183807194035727	-0.052841130727465366	0.058514056111114474	0.1327563390361409	0.09280971828041619	0.06213308595412005	0.06200128517076325	-0.044861691635072184	-0.18726694635279245	-0.12219580126967697	-0.04924955938099245	-0.011247000179780614	-0.01790843143860575	-0.1297578712147736	-0.06999719936107603	-0.168342550542478	-0.10477063937004616	-0.10155250357641753	-0.13429950654127681	-0.0551256776389833	-0.12722619783446165	-0.1977176501331257	-0.16237307339627607	-0.21216631100861535	-0.22308380923000395	0.02392184217925994	-0.10863130398253922	-0.16045097863898936	-0.11347498277090176	0.04486718333437872	-0.20980488030680594	0.0024438061914074088	-0.047184680441735856	0.1319380758394674	-0.11151993781777583	-0.10256846794812623	-0.10948800907435845	-0.27963732868868596	-0.16754625414303062	-0.15945148936520026	-0.27856644732391195	-0.32662979965469313	-0.244649712406761	-0.08245786508760054	-0.09027255320079772	-0.11912594135732474	-0.20300066486601093	-0.11024586357866006	0.035553261310497894	-0.09464943754810491	-0.17591560388618768	-0.21215532761000228	-0.21744383404219403	-0.11834062835649045
Depth.Min.O2	0.20245153025653095	0.037061940632778075	-0.007110238745653788	0.03014054525018793	0.11481676474269426	0.25666388177117977	0.29820083785595086	0.2857371758937505	0.17082026694337096	0.2852965413799353	0.2886470804427766	0.2819603086324776	0.2721347312270148	0.2967043972668253	0.27167692913473934	0.20561608721938532	0.2384347747093849	0.20975633489140183	0.27927930512958926	0.22807127984549838	0.258040149311083	0.2659029002459146	0.19990500611824852	0.2760346328005867	0.26332490221378824	0.27023485254407154	0.23658353749874586	0.24804861864717032	0.26199727614618934	0.19668608515693645	0.12184402685912311	-0.08452457254944007	-0.06816959280289799	-0.11566369861340392	-0.07327694739484648	0.15801325341196398	0.1177295305547971	0.21297525585271393	0.1284964635125014	0.09850184267922628	-0.005974317304195216	-0.1904485316496828	-0.29973447486507376	-0.26540790173364176	-0.17649129036143366	-0.09402110470107987	-0.26560246762285883	-0.1393664019409677	-0.156356582090542	-0.12488554950967844	-0.09544315245021064	-0.2663864537058806	-0.178133655367472	-0.2270641152424923	-0.27218623396239583	-0.19354155703561915	-0.29179733109024736	-0.18730972605451895	-0.24484686526431856	0.07505093050241403	-0.06034117702498702	-0.2413561243107179	-0.1454208346113111	0.018246274640255213	-0.23593689204340673	-0.16987605012805274	-0.17132957177102745	-0.21565339809252557	-0.14979856711869555	-0.016592464581909987	-0.07926843227750204	-0.1628516492747006	-0.2668270882196958	-0.24580252713194367	-0.28830659013664667	-0.17316936392935958	-0.24404285033975973	0.09106255867974948	0.0949281250964007	0.1481018381141995	0.0010214709183896992	0.05155996064252767	-0.11731464740867242	-0.03128218921779995	-0.02835797835339022	-0.13287991854603928	-0.22652333652099185	-0.0799723029943756
Residence.time	-0.03661286399083956	-0.06324861623504645	0.19569915992316203	0.10369658205071045	0.03962672779496355	0.11000602885052556	0.1464328518658019	0.16307820372226448	0.25066895274564566	0.16490406301100624	0.17509379301542544	0.20111561004027376	0.1694381473583039	0.1894402099595712	0.1869313145176902	0.21695832797359216	0.09374870531452342	0.14493920860485157	0.1761861193148037	0.15176957013624368	0.21095983537578983	0.20297867752412818	0.15777869364693534	0.16187159510932594	0.15288581598962295	0.159267021451441	0.1758220105483443	0.15905706092187682	0.18899902707466418	0.08909768092544319	0.12581153858873134	0.01211924069383191	-0.05433725350556873	0.047934786217972	-0.008127332903889908	0.1353501251786793	0.1380184843139002	0.12344616047085626	0.1271217986023408	0.10289129039934398	-0.023055792328726277	-0.19405402615353878	-0.0782009952138838	-0.2464856885236958	-0.11560586221497816	-0.2174659540640575	-0.1678408526966826	-0.20889743827526056	-0.12542085254004862	-0.21953100889280913	0.0899906776081466	-0.12573712219850605	-0.0537871037635461	-0.1748705438447496	-0.2430519036604434	-0.20341454495259054	-0.14869192085478375	-0.14617505222823576	-0.1715855917619478	-0.14021111009732373	-0.04233229512529708	-0.10385073028760568	0.01652043863001297	0.04946563767403498	-0.07497982860841795	-0.11908217072978784	-0.15624784219087237	-0.07180384338273173	0.07059723476979321	0.022157480189578208	0.036857374987294064	-0.07777841642653308	-0.0135331521081123	-0.1302632333611367	-0.07749935496318827	-0.17323604098801568	-0.22834935113450522	0.09619381527906845	0.060317142005814735	-0.007933318743659705	0.02525904902503914	0.057678017881039496	-0.0060250698800256445	0.06487514590711337	0.03864071062447854	0.08339419616031966	0.011571748680031609	0.052827663875284404
Depth.Max.O2	0.05237903743096825	0.051866054285839645	0.10238624829766212	0.09150697092204148	0.20113262180713645	0.05701894115937864	0.12266925602471326	0.2040087857331946	0.3070838147706642	0.24021444445370374	0.2438370276752018	0.2979567494862693	0.25958964492954417	0.2958010675056166	0.28279204549937775	0.22115625603384167	0.1563906929974648	0.2691028885366763	0.22421109948236032	0.2496383482996056	0.23281077198271846	0.289411833613762	0.21947897406493805	0.2526096158424572	0.23908184683552655	0.23418545153455186	0.2469264542570999	0.23758612631686507	0.27995911049004396	0.18859623595708352	0.1521139121695387	0.017424135367682753	-0.10313554952088368	0.13486269246875324	-0.06393556783526991	0.06167037259891552	0.18502264550787303	0.2806392454465066	0.1445142686094032	0.011521947270922204	-0.07695899948041685	-0.26246292692782064	-0.19693365302931412	-0.3106343497976217	-0.2200006029934115	-0.157926760505069	-0.16809420171862915	-0.28104847919149684	-0.24447681564272175	-0.12102943911697071	0.08005130799009656	-0.06472521604743417	-0.0929133516794727	-0.1651056426090878	-0.2295628393728312	-0.2165192342332129	-0.21622527759948754	-0.21541833782063355	-0.2802588309793326	0.17885820198298497	0.1723767464021185	-0.0708694860778509	-0.20102022662365324	-0.0138418991351274	-0.19823340245882537	-0.10395113508308251	-0.19895676633201234	-0.0444393263926014	-0.031836656203571186	-0.012977320800640992	-0.08843771783461472	-0.19422464091459005	-0.1262370826183605	-0.07850947662692914	-0.2804951490574255	-0.18310328160531322	-0.3327444997382208	-0.024623190966172916	0.07454394399941815	0.016331884738448255	-0.0020893976416754873	0.002046168724951167	0.10563418090754939	0.14473905897636966	0.021435778839699687	-0.030038333267839452	-0.029531113978274095	0.005325802540436277
Latitude	-0.1197073775327026	-0.15042350954949976	-0.267080969938698	-0.12696184112260786	-0.30915386620040014	-0.38082317837306673	-0.306652585010756	-0.38586065394941893	-0.29433570784659574	-0.36798759085252963	-0.3605361170791928	-0.39078092093562833	-0.41029739809430776	-0.3741722143324076	-0.4443926288269254	-0.424055691537246	-0.22025239747694458	-0.3027323317404462	-0.2893855152629031	-0.23315282379202876	-0.3770251212924804	-0.34290245876216974	-0.2682081674439016	-0.32862545496285467	-0.2908369067408422	-0.291901759251289	-0.35381782044419635	-0.350184354149768	-0.35493005515065823	-0.11163245381179741	-0.21408273679580825	0.019119962992025976	0.06571162447370346	0.020758389454235582	-0.04072624437495451	-0.22854428177960356	-0.11073967348687953	-0.16399975560774804	-0.15981017196008876	-0.01433685499428164	0.15633880265202824	0.17182280554983562	0.39229465740832425	0.28212606407341734	0.21123481743531605	0.2729862878420654	0.3437229188931697	0.253205467905617	0.31394196179772504	0.20219479319557507	0.13739839324490194	0.2994579726158173	0.3502965751403303	0.29487935620087535	0.3591096635991564	0.38933202325747945	0.3514586858425977	0.2618888787753489	0.312627729308251	0.20149154165471797	0.13048558022626414	0.14517156719118404	0.29639808027315184	-0.05334985891331834	0.09567213515404781	-0.028005371644770013	0.0957294925492241	0.10284929095045457	0.07437757874490344	-0.047938313368425106	0.003840451677020999	0.063262713079655	-0.03108272058596736	-0.09211597665311796	0.23103558777008665	0.24952461941517348	0.19029936819597107	-0.14149820010011135	-0.020636193264512187	0.0872331166637627	0.09341025874426985	0.2096736987666049	0.1045625314063724	0.0915798096982092	0.09769710058374978	0.16037626451248083	0.09636291769595352	0.21608775182718803
Oxygen	-0.3112696850393701	-0.3084886009888299	-0.43375755356161877	-0.44504783922358543	-0.3091695660135506	-0.533504623695294	-0.4342039003845449	-0.5248752517853873	-0.4287104010254532	-0.38207860281999634	-0.3374954220838674	-0.5107581029115547	-0.4629989928584508	-0.4252483519501923	-0.6169428676066654	-0.5473699871818348	-0.09590734297747665	-0.21262131477751328	-0.2263207288042483	-0.2154081212232192	-0.34995307635964107	-0.30054591649880974	-0.2746234663980956	-0.2252849752792529	-0.22963971800036623	-0.18381477751327596	-0.3488143197216627	-0.29643151437465665	-0.2662001007141549	0.0948887566379784	-0.11907732100347922	-0.07338399560520051	-0.2662344350851492	-0.15943737410730635	-0.2566608679728987	-0.1436721754257462	-0.11861952939022156	-0.17266755173045228	-0.11972395165720565	-0.13261650796557406	0.35051959348104744	0.14898255813953487	0.3489631019959714	0.22238944332539828	0.16636719465299396	0.24038065372642373	0.3208260849661234	0.2702858908624794	0.3176730452298114	0.3302794817798938	0.5443142281633401	0.5256592199230911	0.5222372276139902	0.46998603735579564	0.5290125434902032	0.5338880241713971	0.5538706280900934	0.6790251327595679	0.5431182475737044	0.16413546053836295	0.011936916315693097	-0.1206052005127266	-0.0930518677897821	-0.27995673869254717	-0.2698166544588903	-0.31034837941768906	-0.07005356161875115	-0.018031267167185498	-0.037378685222486725	-0.08624221754257462	0.09249679545870719	-0.049561664530305805	-0.19513367515107125	-0.15607260574986268	0.009813907709210767	0.1077469785753525	0.16725416590368064	0.008646539095403772	0.11023049807727522	0.10903451748763962	0.3661817890496246	0.41819836110602454	0.3251922724775682	0.18153726423731917	0.2779481779893792	0.22078717267899653	0.2085412470243545	0.3784506042849295
Carbon.total	-0.2136094795620189	-0.2738727930375399	-0.3326509277234352	-0.436083438017412	-0.41084122282432145	-0.49554300767737086	-0.4510983043690012	-0.5394052879309853	-0.48270640355056615	-0.536796032645682	-0.4901672428819803	-0.6043862281500235	-0.5754165054064997	-0.5452178700174423	-0.6445268250837523	-0.5555384065477045	-0.30390834997126587	-0.3577358886917419	-0.3744456061326687	-0.36531903686465467	-0.44490714729695335	-0.45258348315862695	-0.44009050863412785	-0.3826286500519793	-0.39931507057071597	-0.3551848757119141	-0.45809320525661124	-0.4583145260174182	-0.46674801185027354	-0.1748666979597027	-0.2084142659136025	-0.04585416710087727	-0.23146657042081348	-0.07203990764267128	-0.12457446718159075	-0.22422705185020628	-0.2710480412219772	-0.3292903466974977	-0.2661673360231286	-0.24930036435741784	0.4059139237810924	0.2858357625822118	0.44947916827678175	0.34517884763121964	0.33814900136032433	0.3533851884727205	0.4571380314468127	0.4705920040116579	0.41699743451308396	0.436083438017412	0.3211305997003773	0.4160422607032854	0.42742280719320214	0.4611101566802432	0.5222820501211823	0.6214104540405182	0.6193661491183274	0.5812465601845993	0.5947296539021822	0.18644526828823615	0.06465478330837528	0.008858654662826664	0.1392282312392317	-0.15712026748131158	-0.028853238132572845	-0.0727912333833055	0.1712440265591253	0.047123849360243615	0.02866686275505118	0.03545791557349687	0.22334759303752594	0.17871069012108703	0.02480539790202417	0.03117128189049856	0.24453614376952026	0.20695820827671446	0.27786821519316063	-0.035026922512978016	0.06089233037465666	0.03656451937753175	0.17670133058218157	0.1769051786513459	0.2602906874006486	0.051148392668602084	0.2201209693141821	0.2269819128991984	0.1063737467204906	0.2900292085764493
ChlorophyllA	-0.2753229782455515	-0.28262731783126227	-0.34229646541313336	-0.2999018689784859	-0.4369960186489745	-0.42342226639051656	-0.43998857839730254	-0.5082388910575043	-0.5001465107380673	-0.4859368395330895	-0.45572694887371784	-0.5840728488799274	-0.5185582345896556	-0.5236356109626521	-0.605497082878166	-0.5364836674821406	-0.23237974585704402	-0.3584463128549437	-0.3348599544385381	-0.2696221519249866	-0.41795336345044704	-0.44743506457105886	-0.4097487621404476	-0.3518452248100901	-0.3749178604696994	-0.3350120762257448	-0.40326987028531736	-0.41894340196718555	-0.39203031463055527	-0.10895161903725353	-0.23504561783284625	-0.07080895124502225	-0.17820693301293547	-0.17541886484740982	-0.0584671360829593	-0.11054515710323821	-0.2736546261858587	-0.32170765434463633	-0.24189857965651748	-0.2039329716493956	0.32816160820186385	0.2740037581564969	0.3444436270325587	0.2903406405825778	0.3214482991664479	0.25653219682584166	0.39256398778567375	0.422888593235398	0.3959131609040109	0.38402521730377775	0.28216845866985196	0.4555723332867209	0.3994568504059894	0.42905825391653435	0.473188535005212	0.6140208905613204	0.6230235078042072	0.5962226414581393	0.5558156034563398	0.0598162817694972	-0.004005042463179042	0.015267042316053608	0.010129814748090453	-0.14086228115359165	-0.02085315384626597	-0.18893525971069153	0.10035299736039092	0.04265893921241637	-0.07633022398068749	-0.05678382122452477	0.09938290924197458	0.12494934469185724	0.09366462632287774	0.00011720859014284867	0.20649161023421608	0.2456417731417178	0.20216736139788205	-0.02015239610519915	0.08019561365561123	0.07600603000795196	0.28454255607019224	0.26955232553085895	0.26429539557296267	0.046629068478531585	0.07572921823123162	0.12966761389505446	0.1395929370603425	0.1829526340138257
Fluorescence	-0.38700020066312907	-0.31952005788672844	-0.3976102491583593	-0.2561439123333586	-0.4099515341695147	-0.47480406416286136	-0.5039304341761341	-0.6154824100863665	-0.5065785522986322	-0.5337188337200314	-0.5016836348398995	-0.6174890040176841	-0.5572970447465659	-0.5592772746700269	-0.666277065223664	-0.6097907137235193	-0.2841834993560929	-0.40815585230105084	-0.3453685029231479	-0.2988565343954656	-0.4310808217995797	-0.4895679085626295	-0.4633972367635167	-0.3908903564890997	-0.403471846905172	-0.35802615602858406	-0.4410200527615665	-0.4307761710421242	-0.41979116776848713	-0.09085622974270022	-0.18557332196930806	0.005996347120302661	-0.28756980969857937	-0.16867985160155746	-0.09914038687812568	-0.18111780464152089	-0.20329872325164874	-0.2918876483186703	-0.22813654798689365	-0.18549130061153157	0.33425753827863985	0.3253435742888592	0.44787469480431596	0.3483622824819898	0.29083308800440116	0.2889026567624473	0.38634988846932977	0.42600135628584995	0.39651467816520186	0.3890507346075413	0.4277589568096319	0.5897628557550243	0.5036814407685983	0.47937968419310695	0.561732056734909	0.5878880818629902	0.601140389812306	0.6603305167848685	0.6719277509076229	0.005351893594915956	-0.037143957735924646	0.04833108506979659	0.037237696430526344	-0.1657622347320795	-0.04759582218401448	-0.18631737285770908	0.1120499627253039	0.12925394251892264	0.006763832682354101	-0.0025631674305153047	0.1442990030024959	0.04483638936167686	0.18099477260485614	0.10492582193557451	0.2551830907136911	0.2743555830939456	0.3617405518021765	-0.005360681597534866	0.03453977962652109	0.09789834917465312	0.23881982983728142	0.25621128702010354	0.2852146249967116	0.08221176449989946	0.058718504165347754	0.11008730880708076	0.2411750145391492	0.24777773384015664
PAR.PC	-0.13793103448275862	0.03842364532019704	0.2019704433497537	-0.1566502463054187	0.10049261083743842	-0.06305418719211822	0.11379310344827587	0.10098522167487685	-0.11182266009852217	0.06354679802955665	0.06403940886699508	-0.011822660098522168	-0.033497536945812804	-0.09408866995073892	0.10985221674876847	-0.16995073891625614	0.06403940886699508	-0.08275862068965517	-0.013793103448275862	-0.18275862068965518	-0.26699507389162563	-0.021182266009852218	-0.027093596059113302	-0.10197044334975369	-0.015270935960591134	-0.06403940886699508	-0.15615763546798028	-0.07389162561576355	0.0004926108374384236	0.060098522167487685	-0.15862068965517243	-0.16748768472906403	-0.21970443349753693	-0.13004926108374384	-0.19704433497536947	-0.2103448275862069	-0.5118226600985222	-0.12660098522167487	-0.241871921182266	-0.12955665024630542	0.21280788177339902	0.0458128078817734	0.1458128078817734	0.11822660098522167	0.17142857142857143	0.2812807881773399	0.16009852216748768	0.24729064039408866	0.2645320197044335	0.2413793103448276	-0.07093596059113301	-0.1399014778325123	-0.1807881773399015	0.23103448275862068	0.07586206896551724	0.04039408866995074	0.14729064039408868	-0.10344827586206896	-0.0729064039408867	0.4605911330049261	0.02315270935960591	-0.11083743842364532	-0.24729064039408866	0.16896551724137931	-0.06256157635467981	-0.0645320197044335	0.16551724137931034	0.3078817733990148	-0.2019704433497537	0.04482758620689655	-0.32857142857142857	-0.1729064039408867	-0.3054187192118227	-0.12167487684729064	-0.4522167487684729	-0.20591133004926107	-0.1315270935960591	-0.26403940886699506	-0.0561576354679803	-0.011330049261083743	-0.2541871921182266	0.07931034482758621	-0.02857142857142857	-0.2812807881773399	-0.08374384236453201	0.1123152709359606	-0.11527093596059114	-0.25320197044334974
HCO3	-0.16642958748221906	-0.4682131524236787	-0.3401903928219718	-0.10121457489878542	-0.2679724258671627	-0.3345004923952292	-0.2084473137104716	-0.36426304847357477	-0.09224203961046067	-0.12331764963343911	-0.18503118503118504	-0.27760148812780394	-0.252215778531568	-0.25330999015209543	-0.19006455848561113	-0.25768683663420505	-0.1331655542181858	-0.14979757085020243	-0.2839479155268629	-0.07276507276507277	-0.19181529707845496	-0.22989386147280885	-0.27213043002516685	-0.17605864974286026	-0.13010176168070905	-0.1624904256483204	-0.19597330123645912	-0.1719006455848561	-0.15570631360105044	0.26053178684757633	0.18393697341065762	0.22289090710143342	-0.2193894299157457	-0.1136885873727979	0.002079002079002079	-0.15439325965641756	-0.04344020133493818	-0.27125506072874495	-0.1088740562424773	-0.10493489440857862	-0.1403873509136667	0.2677535835430572	0.12069154174417332	0.011708064339643286	-0.0613852719115877	0.040376408797461426	0.24783893204945837	0.09858846700951965	0.11084363715942663	0.24565050880840356	0.39424444687602583	0.30276835539993435	0.36863989495568444	0.35025713973082395	0.3421599737389211	0.2994857205383521	0.3353758616916512	0.35791662107451583	0.46164788270051427	0.12791333843965422	-0.033373454426086004	0.37936316883685306	-0.09399277820330453	-0.14782798993325308	-0.26512747565379147	-0.020024072655651603	-0.16511653353758618	-0.22595469963891016	-0.045628624575992996	-0.008644271802166538	-0.06007221796695481	-0.2279242805558595	0.02702702702702703	0.05153736732684101	0.2327388116861801	0.015866068497647445	0.04168946274209432	0.25878104825473247	-0.10340299813984025	0.05875916402232192	0.18568771200350148	0.23689681584418426	0.30014224751066854	0.013896487580698107	0.0723273881168618	0.26600284495021337	0.018711018711018712	0.28569865411970674
Alkalinity.total	-0.021628185355578092	-0.06140633912358575	-0.11481910330873563	-0.05150290688182105	-0.013596666232307864	-0.010864684924234843	-0.06456835452644805	-0.18830434127125534	-0.07773498666396664	-0.12844106566426639	-0.11584359629926301	-0.13394297246524678	-0.0915340218820577	-0.08589298640335136	-0.1646524660578454	-0.09622645273990534	-0.05150290688182105	-0.16150309871659455	0.0016189518862654946	-0.025283475161286904	-0.09998292703850574	-0.10086829135130719	-0.0761033867160897	-0.03752679880116971	-0.07161332484402524	-0.05749808808564796	-0.017466973085411314	-0.09321621407638044	-0.0936209520479468	0.014241717374491774	-0.08178236637963038	-0.18774782656035158	-0.07931599436539778	0.012243323639882803	0.15478697800091504	0.017947599426646383	0.09804777361195402	-0.0013027503459792653	-0.023386265919569528	-0.031417785042839756	-0.05252739987234843	0.010940573293903537	0.0752812627113455	0.0392722313035497	0.0026181487535699797	0.02090724584372549	0.03838686699074825	0.15590000742272256	-0.030532420730038312	0.1257470285410277	0.10877332985846291	0.11634951876372097	0.15922644762653368	0.04998513948844715	0.020021881530924046	0.08972534907162046	0.07316903642223349	0.2226817727311742	0.18208149495842235	0.001935153426551724	-0.029229670384059048	0.11608390946988055	0.03353001133195177	-0.11832261637510705	-0.19003712571202389	-0.06345532510464053	0.0914075412659432	0.04349668388177372	-0.002365187521340996	-0.13056594001498986	-0.13186869036096913	-0.09701063255981518	0.10535835322337164	0.00675406490051386	0.06066010348851025	0.17148241932802794	0.04654486673013297	0.06576992037953572	0.0453180047538224	0.12335654489646382	0.06865367842694613	-0.034149766350912776	-0.06087512053590489	-0.03163280209023439	0.02715538827978138	0.10631960590584177	0.13343705000078881	0.21072935450835473
Si	-0.11373044034065943	0.10939344358627862	-0.021980526243672218	-0.026908607941589332	-0.11395476775898947	0.08233884478514115	-0.0883351522846299	-0.07087322118160568	-0.13203983057959714	-0.1383815310882607	-0.13826046549741594	-0.13222855047120813	-0.11551793818195595	-0.09141164259315619	-0.0937118888192071	-0.09811653987435412	-0.11389779571623898	-0.08680402863571057	-0.058481801883374776	-0.103090911357006	-0.06747626313260789	-0.11580279839570838	-0.1324172703628191	-0.06307517283013278	-0.1267663558725052	-0.11616955592091464	-0.08215724639887398	-0.12042465536384163	-0.08228899424773448	-0.1154146763544707	-0.19246224266916037	-0.021001319258898223	-0.07802677329946368	-0.01035466876990099	0.06916049914641917	-0.03012752835699184	-0.07268208353893363	-0.011394408550097376	-0.03339986006247293	-0.13330389777812357	0.12867491930464653	0.0019370494535165539	-0.06182534864229398	0.07985343942015116	0.1592226164769232	0.13573945260570688	0.014360515525794598	0.18039841261674477	0.09014757539462977	0.09562401300402032	-0.03844188584589102	0.049743714826518855	-0.06897177925480817	0.042654256256755146	0.04074925357728574	0.13378816014150272	0.10543744736779168	0.08788293669529791	0.047959777737894234	-0.1263782338312675	-0.10926525649009002	-0.03080763211732578	-0.03161592297384831	0.048023871285988534	0.12146795589670993	0.02783084288361284	0.09012265012592642	0.03604906005037057	0.0029696677283691285	-0.008969535980529778	0.16545749440542962	0.1986935598449949	0.041913619700998814	0.08497736251502308	0.07472595557260735	0.260326627843006	0.10161675975083716	-0.06690654270510303	0.05427299222518256	0.052919906209858494	0.03925729820775736	-0.03556123693431953	-0.01745837035035232	-0.13976666387763192	-0.03911130734820924	0.08904018131366717	0.03451793640145124	-0.015542685412867201
Okubo.Weiss	0.08958115248024764	0.009180323226827733	-0.011786993747401006	-0.03951669776885467	-0.043408898423207935	0.030945309868554302	-0.016017491805380583	0.029392702837174593	-0.029901929455264726	-0.02332471572370894	0.0051029492568053295	0.024553269452667656	0.019610566334422156	-0.01620266512104972	0.02552186833462931	0.03916771728932437	-0.029905490480566056	0.0015454849807770503	-0.06228233252025486	0.00674458192071828	-0.10542771507116441	-0.017790882405442725	-0.02015184218022426	-0.0020155403205525586	-0.01247783265585895	-0.005078022079696023	-0.003810297072422682	-0.0012784080831773296	-0.000619618402431352	-0.09771453426848448	-0.07510202360504145	0.1311632449238735	0.06379932929862128	-0.06056235729971266	-0.026194902116580605	-0.055819071598341624	-0.15921344122244682	-0.02634090415393512	-0.08454586270416758	-0.09601948622505158	0.03070672117336522	0.03543932379883227	-0.10811628917366826	-0.002076077750675162	0.047945644657101855	0.07352805042185377	0.09238011836709271	0.07923637397988513	0.044081932205159234	0.1315371525805131	-0.07445035597489814	0.06123539108166396	-0.10841541529897995	-0.002407253103698816	0.021793474844137208	0.09970158638662639	0.04969410808005469	-0.004390744196539408	-0.007752352080994559	0.017737467025922785	0.045132434669051466	0.06412338260104226	-0.16402438640454312	-0.06256009249375857	0.0416248247472418	0.022103284045352882	0.08831342747297431	-0.06945067645183137	-0.026387197482852405	-0.009821307781067061	0.10578025657599603	0.06105733981659748	-0.031308534449289924	0.09779287682511373	-0.051862772488564426	-0.03464165413133444	-0.015878611818628728	0.014557471431835441	-0.049259662993292486	-0.1183079435860736	-0.08329238179809956	-0.07997350621726036	0.022861782434536092	-0.18162297344371406	-0.06155944438408495	-0.14740508132323785	-0.2535414404293668	-0.13649053877466258
NO3	-0.31702448326509686	-0.10530304307835954	-0.08568643479468066	-0.243377060672292	-0.07070152568909263	-0.17897600812986708	-0.04996104922249465	-0.1448683116088525	-0.18009987631278618	-0.11346811571032485	-0.09462629534062807	-0.18137699924792153	-0.1344299601523463	-0.16373567443725198	-0.1668263119402795	-0.22634024071758652	-0.026836609943644025	-0.00842901137189327	-0.08757657673868098	-0.07923270689579673	-0.07209784676484061	-0.15354423341487194	-0.1861023541079223	-0.06533760936152419	-0.08494570349230217	-0.09705282891738523	-0.0954521681720156	-0.07808329625417491	-0.06545680750213682	0.14594109487436618	-0.14961920892755598	-0.07493305968084107	-0.09812561218289892	-0.12952580808142658	-0.11952167842286637	0.08681881713050067	-0.16611963724950463	-0.2771527052301714	-0.1560218519090345	-0.22159785755178396	0.13603062089771592	0.05160428073236879	0.13172245952985936	0.04240899559939432	0.10079054204088134	0.10084162695828675	0.18195596164518288	0.14211824022186106	0.16070463600453075	0.14221189590377098	0.08095256578177899	0.19635339420060866	0.033809701169483	0.12935552502340852	0.1646211463389458	0.25436031791445596	0.16471480202085573	0.19052971361639148	0.24450944300811203	-0.2928613173323361	0.01381847015816442	-0.14283342906553684	-0.0691349215553266	-0.05755567361009949	-0.08194020751828365	0.004350732132361071	0.003209835643640164	0.07908796629648139	-0.07842386237021101	0.10119922138012465	-0.013205451149299455	0.04082536315982649	0.15778428155952126	-0.06639336432123608	-0.052787747985594206	0.040288971527069645	0.15769914003051225	0.038032721008330536	0.07901133892037326	-0.041957745495646494	0.2243479289387754	0.06526098198541606	0.19001035028943644	-0.023533118618093936	-0.07271086577370557	0.13184165767047198	0.03087231841867171	0.03953121191888934
PO4	-0.2932865765434604	-0.13860321528864003	-0.25532664203056676	-0.25096192393862826	-0.18362162953132952	-0.09697167242372941	-0.13137614129778216	-0.17215721977911333	-0.18959361291205915	-0.1430241314675992	-0.12783191527634538	-0.24985669489388843	-0.11724044914251688	-0.16077148734872607	-0.19367359402975962	-0.16414711910910082	-0.001285062923205934	-0.117615103055988	-0.04239583684839169	-0.046749315322926074	-0.04777212050670222	-0.14054392256042042	-0.16478403076200174	-0.039432324392835144	-0.09228100542707102	-0.08246507289412773	-0.0908985324863626	-0.08516632761025449	-0.07312120429215806	0.04346360050178437	-0.03985568331505751	-0.05179590353738203	-0.20530659804303783	-0.08327432534722534	-0.05969360803335319	0.04035397301997409	-0.10425119796247323	-0.087650283056568	-0.03969458213226493	-0.07204220102136123	0.1658855132676068	0.02052354137994783	-0.0002660042785644936	0.05426112628802199	0.11552078767968445	0.04164652902144945	0.037338009016531594	0.22739619278129491	0.10775421205342818	0.18144114375492762	0.1716139716045802	0.17477230409514172	0.08398616778282048	0.07904448266413643	0.14994024271027603	0.271005908309333	0.23270129219604596	0.27398815346056316	0.2516475406002804	-0.12840888230309092	-0.11492883449640008	-0.22566154516192366	-0.13449700839699658	-0.18701599398737787	-0.10033606456670005	-0.1231487413579564	-0.024419942080047455	-0.07796922593247432	-0.09737255211114351	0.03181561033196732	0.02981121189489684	0.12356835374104407	0.03613911649342402	0.010007006028813556	0.02847744396293966	0.12181497342599923	0.10758936433150089	0.1620902691241444	0.12116307561655948	0.09173401071340319	0.254506149960065	0.13657259107762657	0.1750008429823591	-0.032913346298437694	0.05874948017140598	0.03879541273993425	0.08810361429186805	0.05543379303718658
NO2	-0.054080785911112914	-0.06538402921471957	-0.0988127700487903	-0.07994919139797058	-0.22950292179678414	-0.14840884090626966	-0.08616817692551682	-0.11746295213739032	-0.255889576077604	-0.2761859602176133	-0.2508629015008727	-0.277056482701589	-0.21584215456770245	-0.22372766562877416	-0.21724447483371778	-0.14366669507916469	-0.17900245598513548	-0.1936793973200254	-0.07009230257163095	-0.1338911001812897	-0.10541112724250494	-0.21719366612842736	-0.2891726652898422	-0.15471928210333863	-0.22979422504044916	-0.21888390239108835	-0.19503429612776968	-0.2253941911622996	-0.22609535129530728	-0.09115759178503513	-0.321287154280401	-0.207160640457081	-0.3048048102841918	0.0007282581091625503	-0.0029062579426114795	-0.029790837535277347	-0.10734185804354054	-0.10501143209422038	-0.11758828027710666	-0.17930053372283922	0.27976628031707756	0.23408586701397918	0.04540604629453017	0.11830298939819177	0.2086408674045416	0.14903886885187076	0.18087560358684196	0.26616648353434436	0.23145736332695527	0.18016766895979558	0.05981539511489058	0.12920653755351386	0.05628588372071673	0.16331272779145672	0.16443390655486512	0.272802100445272	0.22625455190521723	0.23850622437424487	0.2175865867826732	-0.19763908908565805	-0.07908205616101424	-0.18008976227835027	-0.08510796860845692	0.10540773999548558	0.025627910948483046	0.10418833106851573	0.09731560686623288	0.11617918551705261	0.006913371166515186	0.00712676772873491	0.14921839294389685	0.06188161579670061	0.2523973244006431	0.14664069796216336	0.04038953345885697	0.007495977653845226	0.11073926680395932	0.059158269193134605	0.05733254304969919	0.12888136183965523	0.015130832435484241	0.011648742499581442	-0.03004826830874876	-0.19105428088002085	-0.17706833793708052	-0.03464137526700187	-0.03937335935304876	-0.027724616853467318
NO2NO3	-0.2077818490637745	-0.1504239174638417	-0.2681736121588118	-0.2892003433543422	-0.25840268067692607	-0.24905548857053025	-0.19242752816366834	-0.2192370555423556	-0.27148518879079203	-0.2380026564569102	-0.2188026336616012	-0.31254161735717056	-0.2229830540550902	-0.24312313731367105	-0.2495789313284884	-0.22025545437756672	-0.10855205766227663	-0.2125284422362795	-0.11527135347361717	-0.13866960083785596	-0.13395861601623246	-0.2324192670386898	-0.2708798468258064	-0.12105771049186219	-0.18432306750303715	-0.18711120137705922	-0.19219963471802667	-0.18106134256229103	-0.1572749641734438	-0.013356692415653588	-0.23278247221768117	-0.09482859923254351	-0.2750887539000006	-0.08814135093699633	-0.0792962365780298	-0.012605356212053774	-0.15943995190703947	-0.16233134999861792	-0.15756695265067217	-0.20419252729491852	0.29898551817658053	0.08194549788361398	0.0775086973637781	0.13577820274627753	0.20720855461458224	0.19650468433960097	0.1930827218198881	0.3238757554427545	0.23485131740389678	0.29899263984675684	0.18118953262546447	0.20986849842543087	0.05623626854716532	0.18944710919488614	0.21890589787915757	0.36559093850044094	0.2850733354871754	0.3397784449464359	0.282370661655269	-0.13195030502651542	-0.11093781717133766	-0.16705301732550584	-0.08174253028358938	-0.04198224568929774	-0.07545053468282695	0.015065893257965965	0.02464453964509157	0.019431477076038824	-0.0679442943170051	0.01486648649302952	0.1450328131403814	-0.02833000396132763	0.11424583296822974	-0.015532362654513717	0.004995851628675549	0.056471283662983277	0.1032214875353149	0.0577068934385716	0.04321073379470976	0.10421139968982082	0.17223403237876525	0.13815684058516225	0.1475716885582329	-0.08254015734333515	-0.04292586698765769	0.04251637095252035	0.07571759731443826	0.02586590608032729
Gradient.Surface.temp(SST)	-0.2701096014641994	-0.13725143818713725	-0.1040253765420586	-0.09410824968211279	-0.13930368129198356	-0.3008471647336411	-0.1715066936048559	-0.23704636749061303	-0.2596671249471747	-0.26776856965897056	-0.28290539866732034	-0.268508974731228	-0.30903770383172524	-0.2546317560117809	-0.33329902688407714	-0.3143741503483689	-0.13837279856628232	-0.19597692763195268	-0.17219179871321028	-0.15858493537284474	-0.2133626218390262	-0.24397729629979448	-0.14829914208687864	-0.18281553622302832	-0.229153833753562	-0.21329810521447265	-0.25427537846662795	-0.19877572024949006	-0.2352061075807284	0.0393981520607017	-0.12248942004524146	-0.07033848186445456	-0.15153111775498984	0.09690089785921649	-0.15681840874816416	-0.19387552900363703	-0.060304610636269	-0.18105822625899826	-0.10290094394269671	-0.1397368643425574	0.13702102167087457	0.132673830064052	0.28019262821585433	0.2287329395838555	0.058654828379828196	0.1466985153539072	0.23146414335662246	0.13972764768190687	0.245052573375687	0.2747547984320551	0.21131959539483045	0.35662025055007734	0.31708999302005175	0.2829453375301392	0.29731103926406316	0.31475510565525655	0.2782509850388141	0.33508398683005874	0.35703192805913336	-0.08309741242497344	0.15046505733974783	-0.003013848032715874	-0.11069823885302585	-0.049926650743797825	0.009361055000698539	0.09759214740800452	-0.07684851650392953	-0.055327613884995075	0.05855344511267262	-0.14060937488413874	0.04377606586969265	0.02581893870228767	0.0401631348946938	-0.00601847940478124	-0.10713446340149638	0.14397960046200756	0.24909868740125968	0.06541064063665002	-0.09014201338217782	0.30705612179186614	0.05144125531069785	0.1462929822852849	0.13716541602106586	-0.00865137213060948	0.1589689628999492	0.15844975768330397	-0.015373389965046108	0.1347107120678141
Density	-0.09356158374225931	-0.05963007926872813	-0.23990267391681375	-0.22820109976433622	-0.11878066944838352	-0.3811428163352751	-0.2382397649483274	-0.2338172432437947	-0.20128339845543303	-0.24076473408759347	-0.22051907244366004	-0.2687536344252762	-0.26798339131410615	-0.20500198936962488	-0.3522306444537395	-0.29319737607247426	-0.09979494190020506	-0.08465532896012079	-0.11670458371165363	-0.1213617490129666	-0.1296252843778374	-0.1350883994246131	-0.14560655369767703	-0.10983870803195234	-0.12376429540608645	-0.13107395354056783	-0.19780455208577755	-0.17199375643994655	-0.1544005876291815	0.06195611144550658	-0.1552881525387417	-0.23148100917150408	-0.08459921853480376	0.008049295559114884	-0.16066455147366382	-0.050769733016394446	0.056309362279511534	-0.039032452229624266	-0.03898654369981942	-0.13537405249895432	0.16852001101804714	0.046811397557666216	0.1693616673978025	0.1166484732863366	0.07659073055773763	0.1352414278572959	0.24416196529315146	0.0010201895512186164	0.17949725058915947	0.15025861805123392	0.3311382254822946	0.3225788351475704	0.3134124320298711	0.30046112567715083	0.3209465318656206	0.25735811713816426	0.26980442966303136	0.3635139408902174	0.32100774323869374	-0.009237816386284571	0.1193774803358464	0.010905826302527009	-0.03740524989543057	0.0738005121351547	-0.206159904510258	-0.08124789585905061	-0.015914956999010417	0.1249018067556952	0.16025647565317636	0.12496811907652441	0.09648442680650064	-0.0946735903530876	0.037843931402454574	-0.07139286479427878	-0.1074310606910764	0.0168841370726681	-0.019541730853592596	-0.08282918966343947	-0.03456402199528672	0.04916803542098122	0.15928219463176257	0.09943277460952245	0.1226879954295508	0.16914232664429052	0.058900643739606816	0.1498964507605513	0.21415819059181196	0.3102702482121178
Lyapunov	0.06901089574632707	-0.13204397376597157	0.013180598102275471	-0.16546095482824622	-0.010226688171760204	-0.1856063405628977	-0.2059617198945053	-0.0830454678095572	-0.25501622414344133	-0.22879502367019441	-0.2178613570553488	-0.21025258905897415	-0.24145763756664493	-0.2008308763422122	-0.17516265900761624	-0.1912481685344506	-0.19364209553974968	0.014783549225706743	-0.1620730581306884	-0.1814414675566025	-0.3175873162497825	-0.15194436697084104	-0.1293070572189776	-0.170892789202843	-0.19343910172935883	-0.18338040843516346	-0.2666148704819811	-0.22662508983498178	-0.22248821597494736	-0.13706282073322146	-0.20687869193454678	-0.16521596229846414	-0.07351175850775199	-0.07069084452197556	-0.1811054778014728	-0.2372997643469149	-0.20548573440807155	-0.04262870018208052	-0.09964896154221647	-0.20485575361720337	0.13880576758795676	0.25813112916495623	0.07079584132045359	0.16322102312738154	0.20236382959999144	0.2444325468568558	0.23176293317384009	0.1232452420535126	0.23749575837074055	0.2544002429257035	0.0694728816596304	0.09820000572321964	0.08265347976190587	0.32610605649963337	0.27424463783805136	0.2348988375550506	0.2590201020587369	0.08998225629567243	0.1381617872239582	0.05678226861691908	0.2158104195917446	-0.03991978278134733	-0.1657899447968107	0.18954022061254128	0.12417621366668448	0.05333137384027446	0.09394413549157679	0.10729972825798231	0.0021559342620822335	-0.10559878012263822	0.17484766861218215	0.13500488348305206	0.00697878720550645	0.1961340195569616	-0.12789310033280676	-0.031205048507670766	-0.03637089099278988	-0.07346975978836078	-0.14247365574812265	-0.07561169447731261	-0.10741872462959075	-0.10546578417789938	-0.07415573887175059	-0.09589707594326817	-0.008847730218415398	-0.19130416682697218	-0.19632301379422207	-0.09143821190123445
Longitude	0.0937618845146984	0.10874712745445111	-0.062205341968579096	-0.1920949040449679	-0.05297578894477733	-0.12730847929345585	-0.22563900502393508	-0.18051120401914805	-0.21688327396028526	-0.22051923405450383	-0.23232986986123855	-0.23536233040621096	-0.2746197267046945	-0.23578627637055743	-0.18105235857363738	-0.2221426977179718	-0.22787344963602002	-0.28045771201372444	-0.2565471596245833	-0.23366155894924454	-0.22000052369812698	-0.21105526385041637	-0.15285995194459687	-0.24579140112913422	-0.21403286080000278	-0.23433987249219887	-0.27392645036299845	-0.26691637915254	-0.2636470076274916	-0.2066312630224714	-0.14050068018400202	-0.10144029406895012	0.1127845893149037	-0.015217166320248141	0.08709595767529767	-0.1614461046225081	-0.09924325645371927	-0.03289072543391556	-0.1330666630091971	-0.07605341220396715	0.1014901700647556	0.10369219527956698	0.1853791012097617	0.2282849266014151	0.20828215848363238	0.24015790740290666	0.1089167058401897	0.1773041774888565	0.18791529559646972	0.20846919346790288	0.006892862620315612	0.034696236482073484	0.08905608431045253	0.1887581999255821	0.13851810935073466	0.22484597669062814	0.21380093741950734	0.16875543180779937	0.05537731814281059	0.17588520540819094	0.013291952882157095	0.2594773743781545	0.178211920612516	0.06855705003440539	0.13535347741687775	0.06757698671682795	0.1368372882920904	0.09317833536377443	0.22403050415920875	0.09911607266441533	0.09803126975564641	0.11013118633805284	-0.04607045732551035	0.052848605155473384	0.17609717839036418	0.191174691922357	-0.15622408786167566	-0.16554341767792724	-0.04031227360976913	0.026279662189900837	-0.0509458359154948	-0.07648982716726499	-0.09373445271700538	0.08909099750751637	0.16747361871559885	0.05175632084733365	0.057654157351330185	0.07395612658034724
Iron.5m	0.13693775502810662	0.1804696358836395	0.09221875441965284	-0.001381647779659996	0.04955726178632452	-0.08579932953726145	-0.14113008339924102	-0.07039171223989782	-0.09539604552305868	-0.17207001544700617	-0.18795896491309613	-0.11483637845166819	-0.19285458691936433	-0.12482215049094368	-0.09559805539698009	-0.13299980946116954	-0.22888217505107605	-0.16682524057223186	-0.1928146837343922	-0.21938771097676993	-0.16467296253279762	-0.14740735318516918	-0.10506259208255714	-0.2125468087031104	-0.18247477092848904	-0.2027156615056019	-0.22155994060869025	-0.21292588896034564	-0.23049077219526504	-0.20593285579397988	-0.1338178247530982	-0.10766627490198862	0.1936651203641107	0.104404189530517	0.12852317089710874	-0.19273487736444794	0.044516990734532365	0.028603101777834827	-0.07627493807422621	-0.034521242899013836	0.01530037748775104	0.11861969917683825	0.1636504434178868	0.23749378115787384	0.14312773659690825	0.20408234559089736	0.08429547825362431	0.017200766672048725	0.11408320583531924	0.07163120492309459	-0.08277416932656186	-0.04077357319433443	0.04412294678293258	0.1146692838645974	0.0808363709063528	0.04748479011683452	0.009883520127784413	-0.067224396932735	-0.005299641754110996	0.10767126280011012	0.13002452823168512	0.2591512348014973	0.2210436931531133	0.18663467796183358	0.2564777214083646	0.17518495782389307	0.1961615633739296	0.17205006385452012	0.34979131946569025	0.10710513636331803	0.11473662048923787	0.1468462146464986	0.04421272894911987	0.06913974981139724	0.17636958362775318	0.20155348124328862	-0.05374709620839815	-0.20049854079058796	-0.0908396005890536	0.06402216633872158	-0.1945878815165912	-0.23241859481923108	-0.1841332470538932	0.11825807656302832	0.0524103395118318	0.053697217227182986	0.07860179254791352	0.08703134037327596
NPP 8d VGPM (mgC/m2/day)	0.023136723786699537	-0.05470310662746789	0.10492853669209952	-0.17660228487816232	-0.2339586004081948	-0.07976943688875986	-0.04171537074078812	-0.20426616231679023	-0.45801559836183037	-0.4224601252130104	-0.40913223433882234	-0.46801615499457383	-0.3861253879109896	-0.3430246586756223	-0.35931499025920066	-0.3239636101028856	-0.2637499926777836	-0.25060145625155444	-0.14965582523137005	-0.2536071894139003	-0.2584064670558353	-0.34294425840584764	-0.3618939835281271	-0.29654711810971823	-0.3800706291333422	-0.3426288419628854	-0.3735891304622754	-0.4035042154545944	-0.39967592568609217	-0.3138455453835484	-0.3124849254335153	-0.2790755210240657	-0.18635545606544518	-0.040781490684174485	0.0589828748339357	-0.1724523940305613	-0.1781669978207004	-0.17289768783239032	-0.17944721750095885	-0.11139766609089335	0.28092472722888345	0.4113277801672849	0.21818777826008365	0.2827430102530186	0.21892374996032882	0.1989721137839341	0.07710385871392224	0.24911714357879103	0.36995874905014153	0.24292013817000382	0.13831320255700305	0.16313833200897096	0.13965526859862662	0.3422577637946945	0.38431328952299093	0.39422107661368666	0.40289193647707955	0.3845173825154959	0.4103011305686235	-0.2904119590622962	-0.11192336016249706	-0.11886870654380248	-0.014744172549449798	0.24379835650138884	0.21212065021016324	0.09802029812761319	0.1268963642489979	0.07999208378967436	0.11408798281027702	0.18265085901967318	0.1556982147367444	0.244738421194139	0.3059910574901754	0.2124113281085794	0.14020570121477638	-0.024324173924910257	0.26756591317401285	0.015795560692657206	-0.16558126328289405	0.04086807559008568	-0.15529621338787097	-0.11425496798596291	-0.08732087761144366	-0.334180629000407	-0.12268462704003172	0.06315750422608277	-0.10410598008594314	-0.07318898403950877
CO3	0.09402228098559134	0.10233791379751817	0.2653850044139947	0.14338867455978418	-0.11650555579941956	-0.06706691519818998	-0.06933547184714309	0.002456398919248583	-0.19037814094446884	-0.3480428280467095	-0.30869709712251014	-0.2184027627320137	-0.2461022728978933	-0.21366335775840467	-0.18764720332248072	-0.09438351612077496	-0.3069631684736288	-0.05032727903378126	-0.08381377606530238	-0.15444246969640282	-0.1539006169936274	-0.19293568570156883	-0.2591211871699108	-0.1876544280251844	-0.25875272733202354	-0.23748320257241226	-0.21296256159614846	-0.30205759533783527	-0.29489069025579234	-0.2344705015449809	-0.3108934067444265	-0.26888176052257207	-0.24334966116779416	0.04172988281641122	0.0681578453064445	-0.05367231638558154	-0.03641250162650841	-0.023639227246415772	-0.020005201786468606	-0.21205947375818943	0.1199083907728492	0.30936899447395166	0.19278396694479172	0.14755010331709945	0.22336613348943657	0.04146256881637534	0.2623723033865633	0.210657881433677	0.14635080266828984	0.09038103082294051	-0.10355888855443879	0.026102850868368027	0.03225107286919316	0.10477263860865572	0.11996618839447858	0.09715780195898513	0.11369514644769102	0.08877714682272525	0.19051541029583863	-0.1791220541321474	0.13976909850524435	0.015822098921042343	0.019253832705286685	0.32218561707026633	0.18049474764584514	0.14580172526281074	0.2430751224650546	0.25629632841277494	0.24778562862784895	0.21087462251478717	0.21507217478562077	0.19593393732359285	0.3705044287524267	0.18329793229487	0.138454202613176	0.14973918823631213	0.1574696201292415	0.0773910153617377	-0.04928692184445245	0.08740445330902752	-0.2049431415950722	-0.36169751615665013	-0.14723944110084153	-0.15250624937181864	-0.24844307657388315	-0.1074674527171255	-0.004060282919463834	0.02315517216526973
Mean Flux at 150m	0.038959669009579555	0.0621666920658273	0.3155920721275388	-0.11523810640859992	-0.22856573566660976	0.015260375767290186	0.16077309861744968	0.0008556124662151948	-0.29554964312441573	-0.20900385613081304	-0.20418664073883436	-0.23455502293011612	-0.20721058616737573	-0.2495223807295244	-0.13640572440838955	-0.1883519497544956	-0.17055989874470567	-0.07784901370686745	-0.11526154784603047	-0.18219857242897536	-0.11869571842960654	-0.22662009635987385	-0.2008462359049805	-0.23005426694344988	-0.23890340957348374	-0.2175482600742497	-0.23493008592900497	-0.26899049451559887	-0.2823169516948684	-0.1608082607735955	-0.13423739144606336	-0.21646995395244426	0.03511527327096881	-0.1286466086188764	-0.03523248045812158	-0.0774153471144022	-0.17504893401265662	-0.23278519440410936	-0.12520071731658508	-0.0949847044686019	0.14170348926769458	0.3140918201319834	0.2092382705051186	0.1460049930362011	0.14461022750908317	0.03924096625874619	0.0468125505488149	0.17659606888307314	0.1739471864534206	-0.03648659736065618	-0.11911766430335649	-0.05380981962183506	-0.11133510707641281	0.10754931493137845	0.1611598823350538	0.15030649680470765	0.18912551718970386	0.11603511528123873	0.13321768891783428	-0.28430947387646544	-0.2072691897609521	-0.11605855671866928	0.030063643504684583	0.13109623883036922	0.33890458165222404	0.12371218603974493	0.12228225835648118	0.0032700805215621826	0.12743937459120291	0.1689307188432822	0.02825865282253198	0.38501388907812234	0.21587219729796517	0.1306977343940498	0.16801650278349065	0.09253507425710908	0.27543688980900105	0.0801228331376311	0.014170348926769457	-0.09029641698249123	-0.050539739100272874	-0.049273901479023	-0.16464093579349096	-0.141000246144778	-0.07229339303582631	0.059635016823327544	-0.007067593385311814	-0.13263165298207047
