	NtrC	HypR	PurR	FadP	CcpA	ExuR_UxuR	HutC	FUR	MetR	NifA	SahR_SamR	CblR	AraR	CsoR	LiuR	TrpR	TyrR	LtbR	PhrR	QorR	GguR	NnrR	MetJ	CadR-PbrR	XylR	HcpR	HisR	NarP	SdaR	PhsR	FnrN_FixK	HrcA	PaaR	PhnR	LexA	FabR	NagQ	GlcC	MerR	NiaR	PdxR	Rex	Irr	SoxR	DasR	LiuQ	FixJ	NmlR	CueR	FruR	FadR	AgaR	VanR	BioQ	AcnR	GulR	IscR	ModE	ThiR	MntR	RbkR	AmtR	PsrA	NagR	BirA	Phr	CzrA	ZntR	Zur	ArgR	NagC	NsrR	KdgR	NrtR	NrdR	PhnF	NikR	LldR	PdhR	NorR	TtrR	PrpR	GntR	RbsR	SiaR	NadQ	HexR	RutR
PAR.PC	0.026108374384236452	0.3142857142857143	0.1566502463054187	0.09359605911330049	0.39113300492610836	-0.0960591133004926	0.08719211822660099	0.20738916256157636	0.25862068965517243	-0.016748768472906402	0.08571428571428572	-0.07044334975369458	0.45517241379310347	0.007389162561576354	0.2334975369458128	-0.129064039408867	0.16354679802955666	-0.22019704433497536	-0.018226600985221674	-0.008866995073891626	-0.0980295566502463	-0.06403940886699508	0.270935960591133	0.09014778325123153	0.12512315270935961	0.21280788177339902	0.0960591133004926	-0.14630541871921182	-0.18620689655172415	0.09704433497536946	0.2773399014778325	0.44729064039408867	0.37635467980295567	0.23940886699507388	0.10344827586206896	0.28620689655172415	0.17635467980295566	0.13201970443349753	0.16896551724137931	0.23201970443349754	0.23201970443349754	-0.052216748768472904	-0.31133004926108376	-0.12955665024630542	0.05517241379310345	-0.00935960591133005	-0.2576354679802956	-0.2911330049261084	-0.17586206896551723	-0.14039408866995073	-0.3399014778325123	0.12266009852216748	0.08916256157635467	-0.1206896551724138	-0.15123152709359605	-0.1413793103448276	0.13054187192118227	-0.10640394088669951	-0.024630541871921183	0.0980295566502463	0.24334975369458128	0.23891625615763548	0.05960591133004926	0.183743842364532	0.26108374384236455	0.2246305418719212	0.2536945812807882	0.1206896551724138	0.2655172413793103	0.09359605911330049	0.2817733990147783	0.1748768472906404	0.053694581280788176	-0.0812807881773399	-0.10640394088669951	-0.03596059113300493	0.5669950738916256	0.3561576354679803	0.25270935960591134	0.09064039408866995	0.04729064039408867	-0.0916256157635468	-0.035467980295566505	0.09113300492610837	0.3985221674876847	0.358128078817734	0.41133004926108374	0.21674876847290642
FluxAttenuation	-0.1280871202535421	-0.17605496893148806	0.23552861915042778	0.1437739031995731	0.11142801605052575	-0.40753224951114336	-0.05211641937441693	-0.06239061398989589	-0.0451481170326883	0.07143320167986003	-0.0555195437738658	-0.10011667876092904	0.08877293076276616	-0.021942049699303648	-0.05013936615187997	0.0007778570055883124	-0.1297076556818511	0.11729435430100428	0.016043300740258944	0.021229014110847693	-0.2993128936086694	-0.1616322036195381	-0.08323069959794943	-0.06728463098338902	-0.16487327447615605	-0.17521229050876738	-0.052148830082983114	-0.28712646718778584	-0.1668827384072592	-0.2704349522762033	-0.2051597852239174	-0.4202372472690858	-0.29665521550624263	-0.17190639823501705	-0.21173915906285187	-0.1351526547209693	0.06602061334930802	-0.06994230908581577	-0.11363194423302597	-0.1241330138084682	-0.03662410067978304	-0.07726712922177237	0.09894989325254658	-0.10539962425721634	0.025669281184414312	0.004699552742096054	-0.06028391793309421	-0.11761846138666608	-0.05607052581949085	-0.17851818278251771	-0.2079146954520427	-0.031211512349231037	-0.22233746076399263	-0.09784792916129646	-0.18558371724994488	-0.18033318246222377	-0.056913204242211524	-0.013158747677868952	-0.016756336328714896	0.07159525522269092	-0.0033707136908826874	0.024081156464671506	-0.060478382184491294	-0.11606274737548945	-0.01024178390691278	-0.0026252673938605546	-0.1565437223746479	-0.0679652558632788	0.00515330266202257	0.06284436390982241	0.10189926773206893	0.049231866312026945	0.07979516448993439	-0.007486873678787507	0.0893239128083912	-0.14688533122192635	0.16967005934395066	-0.1608219359053836	0.005898748959044703	-0.15482595482064035	-0.1746937191717085	-0.07107668388563206	-0.12154015712317381	-0.10095935718364972	-0.2629156678888496	-0.0048940169934931325	-0.0048940169934931325	-0.03143838730919429
Longitude	0.25506085494958036	0.03564886800195791	0.001842918045012025	-0.008104849318388473	0.033267289202246836	0.02373349260403172	0.15619416226419236	-0.04209534045981459	0.016927912976375678	0.1667279725783071	0.12222112772129816	-0.141914664665087	-0.016496485612658384	0.04410534309077493	0.03988583384563238	0.03307027901881524	0.4017636152119923	0.031277236969608685	0.11139554283172144	0.009538784197795663	0.05768408294881346	-0.012304408165208837	0.18619706754097134	-0.15338614370034453	-0.19870347348919234	0.024349461152229246	0.004416519428574149	0.052217673808534225	0.09588909573580158	0.04070629397663232	0.04900565967866211	0.1210939302160946	0.18705244086903514	0.24471906721931666	0.17842888119426978	0.12109143641630432	0.12881722816657123	0.22419758874515705	0.2833081251740069	0.1891721706907675	0.059679122781032164	0.1804338962256496	0.030067744071326095	0.14198947865879522	0.1603388575156267	0.3302464248265324	-0.09019575081460747	0.18167082092162518	0.15590238768873038	0.20908266821631014	-0.1112583838432564	-0.0012444060953464148	0.031708664333325975	-0.010249517138023577	-0.1935163699254237	-0.12093183322972682	0.08464954008103948	0.10836806988632956	0.09260476141201154	0.1489222420757552	0.06895605800084913	0.14219895784117817	0.13277239463394483	0.17154599377311527	0.14017648621126647	0.20216237379830151	0.0033067785219024967	0.17403231216401782	0.13840588836017237	-0.014578753573938157	-0.012663515335008204	0.09158230349799946	-0.03215754829557518	0.11402650161045985	0.06732012533842979	0.02710261612069105	0.17630416377295688	0.12718628310373245	0.10566229711388295	-0.11360255564611338	0.10336051990746062	0.04411282449014575	0.17295499065461972	0.08251734126035574	0.18783798780297123	0.0788963439648788	0.2493051650336294	0.21586330984606344
Iron.5m	0.07514767309876354	-0.13907257542411555	-0.18308329449931401	0.07747951547057237	0.03163823778477746	0.11709090840259354	0.12570002056033056	-0.20618474464911646	-0.0024465640286037114	0.12770515560518006	-0.038376888146945884	-0.26626397752277947	-0.08046227854723909	0.006544122335429296	-0.09334851334417626	-0.04675156909297164	0.2935802015852631	0.03317949830432597	-0.004356929009144428	-0.09911701752170979	0.02710673234137996	-0.040267301535000535	0.14032703180167688	-0.286415085933705	-0.2693440046128157	-0.15955537906012196	-0.16938153835950895	-0.07247415970563084	-0.12223093741681601	-0.03279543014896922	-0.06530655010501202	-0.017395294698787856	-0.07757677948394194	0.004985404172455473	-0.10357869239140606	-0.043546844549897455	-0.12019587498323739	0.06741643101041338	0.12965292982163215	0.009152793052982285	-0.012567009317160144	0.049058471974172894	-0.022891958428698744	0.07820525464725299	0.11048693128970603	0.20782825708015604	-0.1386885072687588	0.18377162444008327	0.18038733556463452	0.19446817196167482	-0.23371794227988604	-0.08505363876809477	-0.16254562398397093	0.060361049117528674	-0.1619046790753561	-0.08117554797861591	-0.024213751430900543	-0.05819380738372987	-0.11713081158756566	0.03206969097228861	-0.0209117628744568	0.10046624396357993	0.10306493888488989	0.14938256084128962	0.14357914137690547	0.07441943997302217	-0.05178435829758151	0.0027433439668339272	-0.051519999697141154	-0.19647580095558512	-0.08221801868601279	-0.006623928705373555	-0.1893431066418169	-0.053791987291491795	-0.01951016350231074	-0.0024266124361176466	0.0625033513607199	0.06627669628964693	-0.010252624588776613	-0.0741800208631894	0.04540483660016225	0.059979474911232684	0.18302094577279507	0.003840681553567498	0.1029277716865482	0.02660046068204606	0.11703105362513533	0.09212149040628327
Lyapunov	0.18426938132894413	0.1682048711618054	-0.13422790717431463	0.044924630175466794	-0.033577976153274264	-0.02645219342989857	0.14066771081430052	-0.09806000999191561	0.029301106561935807	-0.030463071131759348	0.13185497952871114	-0.13440990162500988	-0.09943896794526041	-0.11551047789896433	-0.34935934746923464	-0.31560637665183033	0.13602685232157155	-0.009141721254153886	0.03110705149575794	0.11741441984469929	0.041109746497431675	0.04008777765891217	0.2090626253428898	-0.05578829892466039	-0.05389135676549063	-0.02368727773664376	-0.1473525069840685	0.011780640789235061	0.11330554513092568	0.024989238037771342	0.2148304494726163	0.2406876610444727	0.22506413743094172	0.13578885957835468	0.10211988619973279	0.1321559703510148	0.13123199852440814	0.23261690713479474	0.025962208370334427	-0.17456067736300887	0.0749047160342272	0.1219012830329938	-0.1031348552516871	0.05940718857886985	-0.016967482634049784	0.21020359055301774	0.12881007237284825	0.17997151237791006	0.08800131669772025	0.09785001639495955	0.02598320773003003	-0.11811439850121949	-0.07460372521192352	0.07441473097466306	0.10202888897438517	-0.054941324750270935	-0.05319137810897043	-0.014797548798837146	0.018304441868003375	-0.12979704227854172	-0.1321069718450584	0.026683186386550237	0.07026385754149823	0.1235532326623815	0.04846652217745904	0.0031919026737321377	0.02056537292856364	0.049922477783021064	0.046772573828680136	-0.06085614439786668	-0.09997795151078097	-0.06280908484955805	-0.09568708234631211	-0.0190674186036104	-0.15537426238779004	-0.049579488241326165	0.1831424156919466	0.056600274166223825	-0.10660674938802732	0.021384347956692282	0.02750216141467888	-0.005669827117813666	0.04971948397263021	-0.07335076341675234	0.0983750003873497	0.06152812390812607	0.14446159513264004	0.13597785381561514
Si	-0.011127352099704469	0.04868973203563485	0.048885573432589646	-0.05889840994598771	-0.12841854511226933	-0.12643164512134608	-0.18590333624751057	0.11568885431020741	-0.15716806218523377	-0.17965065455564463	-0.0046859505162275454	0.1619181062495556	0.01238785854555899	0.07353310342751904	-0.009977228986679014	-0.08242430284926688	0.01798180099312242	0.022981097744477645	-0.12712243113969574	-0.2014567039183935	-0.08884077916404047	-0.006897177925480818	-0.0363303595114511	0.09841920385146607	0.02962190147758127	0.01283295262954717	0.04115874013455486	0.12502514781594345	0.04631827075614583	-0.08812150712431557	0.03983770089327795	0.029579172445518404	0.14049305742270063	0.20807258238279377	0.08422248294857913	0.05451512340687213	0.055686611035929014	0.13067250155358545	0.04239432131170605	0.027122253101903658	-0.05509552609239272	0.03675764983207975	0.02828305847294483	-0.030893090181451508	0.05581835888478952	0.16483436268784615	0.044584184204927886	0.050277827727304665	0.13459289024535334	0.050032135792943196	0.26174380740642433	0.10631695327775233	0.08640878508912907	0.05977435510327645	0.13012770639478394	0.03901160627339589	0.05245700836251079	0.01622991067854495	0.0864408318631762	0.010048444040117123	0.02361491172007681	-0.08310440660960082	-0.01733374400683563	-0.009895331675225189	-0.037590865957305625	-0.011162959626423523	-0.05253890567396462	-0.007758880072081932	0.029290751479094067	0.06701336528526018	-0.043398453565183376	0.033100756838032874	0.06736587979977883	0.06468463303783403	0.04168929228266877	0.10480363339219251	0.004041454282612663	0.00848527361715064	0.03534047026866139	-0.14193872300749424	-0.056861659417657806	-0.03823892294359241	0.013566467679959688	-0.06238082605911122	0.06327457497975948	-0.07553780718180178	0.06279743412172416	0.10988482745500157
Okubo.Weiss	0.019275829956097175	-0.0047504077519736985	-0.08308228130532111	0.11519560747271153	-0.0896238847838636	-0.007122050602659218	0.04862223946435448	0.1123182990292372	0.08482006165236997	0.09938109410950673	0.2020383314962367	-0.009725160097931163	-0.23700759995529347	-0.1284853538972736	-0.14131572805796422	-0.22754239470435936	-0.0018161229036781005	-0.09398614077799237	-0.08398678173185883	-0.024588879705680952	-0.002378764901288179	-0.13881944932173215	0.10452321464462669	-0.00728585776652038	-0.03575981607595193	0.18201824725216165	-0.013784728941446917	0.07210007927602059	0.05941570715268453	0.17209010871205468	0.020522188811562536	0.056880257138137845	0.21061684144713974	0.17830765888817618	0.11653099196071012	0.21762850026545774	0.05292395802836065	0.20449543895415412	0.08322828334267562	-0.06130661158769055	-0.18206454058107893	-0.04143609040627133	-0.08830630542237165	-0.010814833840138023	-0.013539018195655174	0.11314089587384434	0.09903923568057908	0.03483751052290757	0.04482618649313712	0.05806251753817927	0.142469500255595	-0.013264819247452793	0.003660734009766838	-0.004063129868817084	0.11498194595463175	-0.039011032176065864	-0.004757529802576358	-0.05133930176926897	0.014511178102918158	-0.11100071966774525	0.0423583959593157	0.053312109786205576	-0.0007442542879778884	0.04043900332189904	-0.12995605734672275	0.029759488443211544	-0.03580254837956789	0.1601856011297098	0.08938885711397584	0.10713344619050129	-0.04461608600035867	-0.03661802317357237	0.04984011011740921	0.03508322126869931	-0.004686309296549765	0.011430891217268046	0.036393678579588605	0.04537814541484321	0.0637174257166907	0.035421518672325625	0.038124336876034795	0.0473010990775612	-0.17012798377102206	-0.06165203104191952	-0.09220918915262889	-0.02767984966723505	-0.04818779437759227	0.014988355493296324
Ammonium.5m	-0.18495126234582185	-0.0658552188983788	-0.12646566292198327	0.11849500172380034	0.03077034351163363	0.03256598683537947	0.0039703669047269205	0.12249778996631712	0.07191302116696026	-0.04805341050268737	-0.0023642637095986937	0.1456266735557879	-0.07064609504409514	-0.04607820284656695	-0.23797760727566092	-0.09206163562882508	-0.19697957866585825	-0.28927315155733385	-0.16302695615269727	-0.08943051936972526	-0.1568319866857741	-0.08004578905409247	-0.05847063572947402	0.030116928857715004	0.127303629806398	-0.04803096496114055	-0.017001250747188074	-0.10835709879181861	-0.0674987313294184	-0.011432262494515202	-0.11993401033185778	-0.046205394248665606	-0.048198059548211346	0.02670770049165866	-0.05782470292273767	0.07148406192850987	-0.021275879437327484	0.020839438351694814	-0.14672650509158222	0.08316821327816164	-0.024817287103604008	-0.1394092585473179	-0.006367051952115469	-0.011242722365897585	-0.11780417783397035	-0.04563677386281276	0.11491618482161245	0.027655401134746745	-0.03154346772046865	0.05604402329335637	0.16239099914220395	0.2913680687683706	0.26625898962465794	0.315068066692755	0.15853285994521113	0.2124570265369231	-0.1436140566637561	-0.126912079803859	-0.09917437835010723	-0.17389558615948114	-0.06858110522178743	-0.2755464559269212	-0.03430177538166712	-0.10952426695225341	-0.25248490896209086	-0.1372470047116406	0.010788823636839608	-0.10038144969551416	-0.03730449005081989	0.12148774059671008	-0.04264403498990302	0.021602586764286797	0.01620318704774548	-0.006920708643603771	0.09058272383579552	-0.057368310244618935	-0.007706302597742578	0.13939928275107488	0.05836090197080066	0.14979156848725395	0.02746336705706837	-0.08691911266554185	-0.0762100953986465	0.10103486434943278	0.058131458657210915	-0.055330753861979554	-0.01661967654089208	-0.05145515702156144
Residence.time	-0.32841281870528843	-0.07963882618216517	-0.0018418056580757705	-0.03739423608820504	0.14473456353173206	0.02376274803586647	0.11690283358747595	0.03270334577578984	0.15366718808698843	-0.052529998314383264	-0.05311735625151854	0.008220353391671513	0.12549526893027388	0.05589202451563269	0.11060667542877249	-0.03585541144747507	-0.17140752397105158	-0.0067187369460541815	-0.019606061096139913	-0.07526952098465209	-0.18976976825914033	-0.06960058668641887	0.011375076791579073	-0.03644011165638801	-0.08303274512208257	-0.02796993181181733	0.04155623848437626	0.10458160554874685	0.04660326437858389	-0.05102838186876594	-0.02083127380663476	-0.020724964677741497	-0.24360471113068838	-0.16233669754823396	-0.1750220343534225	-0.12688260306233096	-0.0713121636616004	-0.10372581706115609	-0.1703656945078976	-0.014463356985928344	-0.1601095212979201	-0.12111267509164915	-0.02225847386202681	-0.17449580416540084	0.022901644091831045	-0.23190804922420719	-0.0041513714832818955	-0.10048604635813392	-0.17330248419357397	-0.07542366922154732	0.0018976179507447333	-0.07489743903352566	0.14456446892550284	0.07113675359892652	-0.026651698613540876	0.14656839600514082	0.1036009038347065	-0.11945159495269192	-0.008302742966563791	-0.06155564335742124	0.05722620408324313	-0.14468406669550776	-0.05383494287154806	-0.1571514697864651	-0.011529225028474303	-0.0683062730421434	0.014035462742132965	-0.0406924768121185	-0.03186084592931073	-0.029107439490975235	-0.005767270242459484	0.0015919792051766039	0.009583767969727602	-0.02340395472585171	0.11693206859792162	0.06773220374611978	-0.03139574349040271	-0.15156492506312416	0.013549098477446288	-0.08007469361062755	-0.010622939704659242	-0.03053198181814495	0.043677105605796844	-0.02174819004333915	0.040782839571677776	-0.07990991446084299	0.04911481754868721	-0.08208925160315486
Nitracline	-0.2423212319007908	-0.11362325865217816	-0.08633500479801319	0.10641265746269968	0.15444855129694823	0.22340781948908942	0.1279730689401502	0.15746898591554165	0.28468420035139025	0.09296348586099913	0.16799657348616637	-0.10809860914980547	-0.027463988231974046	-0.19455992303186892	-0.22308380923000395	-0.12868149815069305	-0.1596436988409289	-0.073764505085358	-0.2550894327884812	0.1830328461874551	-0.023449556038898055	0.06987089027702575	0.051122228844520376	0.03941392592299095	0.13082875257954762	0.011949937691016902	0.0737974552811972	-0.0797779158260122	-0.10009171156087962	0.07506054612169992	0.026129505300486404	-0.02779898188967259	-0.057640875921375644	-0.09393551663825556	-0.04492210032744405	-0.07407204024652389	-0.07482440305151897	-0.18893642294197863	-0.07978889922462526	-0.09976770130179415	-0.03979285317514176	0.07906948661546936	-0.07403909005068468	-0.022213923694928018	-0.1122173836297056	-0.23738968592352372	-0.05995288132942625	0.0801897932740022	-0.1890297818301897	-0.2781161279807762	0.05711916448725496	0.07130971549533753	-0.031862839376507385	-0.11961470259560622	0.010247510905991516	-0.06065581884066254	-0.08909732954919955	-0.01130191717284595	0.12191572460504375	0.0898442006548881	-0.020862965665520778	0.06336871829809008	0.19254996108567768	-0.06234726222707485	0.06898672668867387	0.07408851534444348	0.09950959143438706	-7.688379029146904e-05	0.1240519956352853	0.08552772499995277	0.218503732008355	0.06676258846952779	0.12904395030492424	0.1049244069506291	0.08458864441853554	-0.03513589216320135	0.15645302154383295	-0.12613884137176803	0.002679949261588349	0.256940135454783	0.1610166236675623	-0.031500387222276174	-0.018885953915168716	-0.12433756399922503	0.03443295465196506	0.08517076454502809	-0.11309605551875096	-0.037321588487201685
Depth.Max.O2	-0.18663940699336262	-0.06714315345621448	-0.17754692484234724	0.1125825087890385	0.26905101383660707	0.08701980936605702	0.26749477283453155	0.2453241024105184	0.2550880737346516	0.13685698649363523	0.2520851049862021	-0.1233234536311413	0.0011815903904647583	0.04204444440607405	0.03537566351940222	-0.12014180536023134	-0.0452894950881797	0.05731577972088564	-0.05362114830484706	-0.07015188606022718	-0.17004526682678683	-0.102775308548181	0.07746045491441896	0.17524714647261339	0.035476530991758966	0.03200957187046846	-0.037470825016640945	-0.008663074911553813	0.08882966001291523	0.002564915725643012	0.10611834477486178	0.0790973898943799	-0.04988040604430253	-0.11397159797977999	0.004328655527995285	-0.1154442630761885	-0.13647080817089796	-0.139522769691635	-0.17857577306038605	-0.09224186250635492	-0.11440965100258645	-0.010890805086747127	0.010861985808930913	-0.08547509607510796	-0.0779388549261681	-0.09239172275099923	-0.21773828968483874	-0.13523734308036403	-0.1948269638209489	-0.0949364649821709	0.25361252671046147	0.01668059800002444	0.055860406191166855	0.007031903787156122	0.026548318724295986	0.20588203879124847	0.19336006258010366	0.1060261230858499	0.07780628624821352	0.07892159229970098	0.03117957666936151	-0.008204848394276017	0.004475633844857975	0.2145220582805493	0.1438024324473427	0.06982046436534073	0.2568287581147509	0.17386670306521676	0.14070147815431813	0.1313380947918303	0.15322921822102617	0.11898327039201954	0.1486844181094093	0.1766247079522284	0.12704978625277774	0.28442321662377545	-0.025853774128925235	-0.08864233470710985	0.029326497105778976	-0.0197239137374166	0.09373181916945317	0.12215627287958467	-0.03934407807469483	0.01644139799414987	-0.04268999622915723	-0.06077985691439452	0.10574945801881425	-0.1020202434693962
Brunt.Väisälä	-0.41720433278862135	-0.20637721542861645	-0.28783951731234847	0.19090533084893593	0.20525873377939524	0.22933678742134114	0.32650855113244026	0.33992766151581744	0.4609612568793949	0.2387411092595424	0.2871561490493398	-0.001139836907440232	-0.12568904165532396	-0.09001241339317244	-0.14608865206904353	-0.12157281563360771	-0.18356446083614755	-0.30148285790702534	-0.16027655174830543	0.06593435975122654	-0.16872255637392813	-0.12029150014046647	0.05622305607612686	0.007546414373146455	0.12102024832719055	0.05444790023667076	0.046439678404537985	-0.022182774475007796	0.00860616906226536	0.027414812738667877	0.0043831667494540075	0.022284211951548144	-0.013678042889282786	-0.0665109517231401	0.011219518786818023	-0.12085474507599314	-0.025321997433203847	-0.060018953224557796	-0.06624401099540235	0.15002869721045287	-0.01924108765533769	-0.10334343333639613	-0.07139863644801847	0.06305139989165874	-0.06208240504997068	-0.13089972466076502	0.01564539605271007	0.05932490733243962	-0.05004604763627511	-0.1362492168446297	0.343961135911935	0.021515422655663398	0.0362638978631746	0.1567903058440503	0.22390721301915512	0.15506052992830963	0.024096739492887532	0.06483990276750173	0.14358741745014073	0.028317072398421506	0.09221467439700895	-0.10858614922916572	0.1229315439377929	-0.05224030041827949	-0.0014281328933970121	0.0713826200043542	0.10573255284964908	0.15007674654144565	0.15124327752165967	0.10913337772102813	0.18310799219171597	0.08133683974169525	0.16002295805695457	0.17900244379910923	0.21000760932585	0.20559507909634483	0.0672984268699665	0.15656607563275057	0.0693698869172115	0.22299961454484674	0.16264698541061673	0.11296931597861973	0.0760060334087722	0.041899016625718696	-0.02032753641723037	-0.005691176315369028	0.058911149204446095	0.07440171963506827
Depth.Min.O2	-0.17241971300325848	-0.011736901140713013	-0.21126708179591097	-0.005107354591948496	0.22509270498263093	0.14421910411908795	0.1870407673253071	0.13871975648562856	0.40214194164402534	0.23792833114480513	0.30730251570300304	-0.02143086044464663	-0.0428016343646821	-0.0387415020588138	-0.18720672058375698	0.016686886263441808	-0.04646691236596279	-0.08568910662166586	-0.07485922587627367	-0.04334527434925925	-0.19892359288293293	-0.14193009365771048	-0.03290166411922451	0.0021659761490784375	0.19328404335871416	0.22576224054258384	0.16872582237121056	-0.02595451736894387	0.02353961133219063	0.006766887176447167	0.007565179574852562	-0.005756861310364355	0.11246194523055217	-0.052309611568628796	0.044486918316871266	0.07111383250884477	0.05229244399016846	0.03790029071425758	0.020698377097005838	0.0238629340598602	0.05810939182514398	0.007110238745653788	-0.10802984872471004	0.008123125874813323	0.0053076430073190255	-0.060770366486495295	0.06402934513088147	-0.010623869803868216	-0.030303637245561076	-0.04881028682579798	0.16189312614399878	0.12246492094677175	-0.07408668484555878	0.046804541409015965	0.09784375217158026	0.17359283086471441	0.017616796763376408	0.13100579123078646	0.12479112782814661	0.18508366338082935	0.09111120015205376	-0.01967976744169286	0.059082221271229404	0.027044658601174894	0.13676551380422755	0.1637643921961749	0.24852358831790614	0.24789983296718077	0.12861949782480045	0.2807271042464105	0.2940605901839343	0.1366710921226957	0.21622851197094667	0.2694136700410523	0.23041751556841028	0.20293222245342024	0.10624728182791232	0.15961842199800494	0.17442545842004048	0.1519674045308507	0.1087051068108164	0.06962883697202614	-0.03723647768045811	-0.04181449860321306	-0.030320804824021406	0.012987273105240461	0.052446952196311444	-0.029087600437954293
Temperature	-0.38888514819386777	-0.40526440479307724	-0.47842242421975334	0.4269953490691904	0.2849885908801855	0.24029975436102693	0.2257758824923004	0.3766655444581603	0.520517712190925	0.49101110986421276	0.39215700943902043	-0.06856195214404169	-0.3387548473172982	-0.24336213668499607	-0.17579520941657625	-0.08561453384705545	-0.2782403770620581	-0.31858003216997716	-0.24444943203780595	-0.17859324929238518	-0.341493036072769	-0.19350116584994825	-0.2094963777603212	-0.21580568336263545	-0.03228219803239442	0.15743089065948454	0.055569271437299714	-0.09706604820508984	-0.11872716617414182	-0.06181373832591429	-0.0773800172071971	-0.07883639446875897	-0.13938577787752965	-0.22600531178693	-0.08258706467661692	-0.02679584533472986	-0.10881183057145351	0.0080823950423322	-0.13897180762852404	0.0074639334655045575	-0.15260788787890123	-0.16527637501714484	-0.047514308158455844	-0.010187159440890783	0.11439294754298682	0.02326961682814	0.030237284754173994	0.0063367373658025665	-0.08244741206249455	-0.07559944637713688	0.20720707240738662	0.13889200613473984	0.14968017057569297	0.30440529183655657	0.16858314941582814	0.12435317148592875	-0.11537051584184342	-0.038287260439656357	0.0014638586516041348	0.05331986683125725	0.12544545443210015	0.07947979401239418	0.16595468771431066	0.0808513821868103	0.07860197758076784	0.04338458085512288	-0.001892791680694273	0.18849860970835047	0.11217845609047494	0.1557600468833776	0.32132320851880947	0.2564146685120762	0.2822952904649684	0.18306712053766255	0.4527313308145987	0.24459905983865135	0.20144141448147732	0.1741493036072769	0.3144852180201748	0.10546515542587813	-0.04026733500417711	0.1626977892492425	0.0792304143443185	0.14632850783675608	0.14382473596927642	-0.0033591441289791643	-0.018172296412673476	-0.04325989102108505
Salinity	-0.4054489457474532	-0.37458571802640933	-0.4710906619783289	0.24120250875946084	0.2764498310452749	0.34435092706891607	0.2933378221673587	0.19091260489532288	0.3566453447050462	0.2568037007942742	0.11227820795770521	-0.1703836706193344	-0.1149914587463684	-0.046676392473721615	-0.17619920447885884	-0.24111771967231513	-0.15545081609496378	-0.22531203630967966	-0.20461851145276125	-0.09518073791443783	-0.13723612513871744	-0.13121111235800945	0.13840820957867306	-0.10847267422287062	-0.015568772677963565	-0.07243232459257597	-0.1559894761780072	-0.055863539445628996	-0.046960685295327875	0.054267509569944763	-0.06282621977830148	-0.01070586915048816	-0.1916358059327423	-0.2330428060200252	-0.28035511664733975	-0.19308220800758114	-0.29428546490604623	-0.17707203331712365	-0.19397498721929202	0.008576166785122009	-0.14869761468347487	-0.1795009912841806	-0.10881681816481502	-0.015194703175850073	-0.0467063180338907	-0.16266786368907343	-0.0152046783625731	0.07680145637726156	-0.026351949525555182	-0.050092893926358184	0.14987468671679197	0.0026209803114752056	-0.03130462973353782	0.20974076983503534	0.1776156809935286	0.2362847417050088	-0.07773912392922605	-0.10931058990760484	-0.19987531016596216	-0.07066172894923876	-0.06390353994438834	-0.10658736393221861	0.07147969426052694	0.0861980822703525	0.10475691716854325	-0.08362947168917319	0.05087095849075425	0.09355478247858452	-0.020820708487637004	-0.12190925073878726	0.10331550268706592	0.09022805770645519	-0.03763388570929812	-0.012885447449469446	0.09950996895223133	0.1978204217010187	0.1036795970024564	0.06059676554570506	0.041110238282272844	0.1256200201997531	0.22588062195289219	0.06736991733064003	0.12692178206710808	0.10147508073666754	0.1204129727303333	-0.038611454008154716	-0.017568797615930373	-0.06874649309841768
HCO3	0.06773169931064668	0.10931174089068826	0.15877010613852718	0.12069154174417332	-0.020242914979757085	-0.04344020133493818	-0.04234598971441077	-0.3828646460225408	-0.30517562096509465	-0.16380347959295327	-0.3353758616916512	0.288543604333078	0.20647773279352227	0.22639238428712113	0.20166320166320167	0.03490535069482438	0.19925593609804135	0.2714739030528504	0.3747674800306379	0.5231425757741547	0.3727978991136886	0.22092132618448407	0.2574679943100996	0.08808403545245651	-0.22529817266659372	0.2754130648867491	0.3338439654229128	0.4366998577524893	0.155049786628734	0.048911259437575225	0.0589780063464274	0.23711565816828975	-0.07889265784002626	-0.0528504212714739	-0.15067294014662436	-0.09071014334172228	-0.031185031185031187	-0.24433745486377065	-0.10821752927016084	-0.2506838822628296	-0.173213699529489	0.016741437794069374	0.06707517233833023	0.12441186125396651	-0.03402998139840245	0.09880730933362512	-0.06795054163475216	-0.11215669110405953	-0.003829740671845935	-0.14060619323777218	-0.1222234380129117	-0.000984790458474669	-0.12966407703249808	-0.03796914323230113	0.05372579056789583	0.03928219717693402	-0.08874056242477295	0.2425867162709268	0.12091038406827881	0.16664842980632455	0.20757194441404966	0.08567676988729621	-0.07188970346865084	0.031841558157347634	-0.002954371375424007	-0.06488674909727542	-0.025495130758288652	-0.2502461976146187	-0.03796914323230113	-0.10077689025057446	-0.19597330123645912	-0.1281321807637597	-0.06904475325527958	-0.1462960936645147	-0.02418207681365576	-0.026589342378816064	-0.07057664952401795	-0.24740124740124741	-0.27519422256264364	-0.08414487361855782	-0.14016850858956123	-0.038625670204617574	0.11937848779954043	-0.001641317430791115	-0.2172010066746909	-0.19728635518109203	-0.11522048364153627	0.02702702702702703
Latitude	0.27401872095523855	0.1507576787213964	0.24609065710396702	-0.24176391446784273	-0.31890711718015935	-0.22961162808984056	-0.28176695690361797	-0.5275882836302355	-0.5449900185667631	-0.2457764383303926	-0.38611502152802685	-0.05668157543312356	0.10095150931005654	0.19001756881967016	0.10560244591891639	0.10367972628061561	0.20252397476789114	0.22111026460479863	0.036810978704225304	-0.04834230893444939	0.30789200350652185	0.14944843383150289	-0.003241939727355389	-0.20166610764003712	-0.2009828064975022	-0.252038369603769	-0.08037766104030118	-0.07492621469876358	-0.2606594354787441	-0.14726635901501367	-0.27841528998549053	-0.1802069604447347	-0.058397309688831646	0.025020293295812783	-0.13585473117472271	-0.03699053228912499	0.05015779518176841	0.07116307081524106	0.11970987133249288	0.002097285623619909	0.10636305485494976	0.12994941327135537	-0.003957660267163848	-0.06319538048531763	0.049220126460625624	-0.03202288310690042	-0.02891311476842952	0.072996013661092	0.01299269690732429	0.06375399163833886	-0.5046353503605593	-0.21017495252444987	-0.2290181037397555	-0.26025294611292954	-0.38194289447889945	-0.26304350807824545	-0.0898366436448081	-0.14468278243229046	-0.12966761389505446	-0.05704567020250348	-0.16760080250490278	0.14276255659377995	-0.053000726942680064	-0.2174319099141454	-0.0826046242530153	-0.1197273279310248	-0.2147061867433766	-0.15780765072849925	-0.30414382242174093	-0.27448755531581	-0.2605023260919569	-0.31055787548232405	-0.26741763291038495	-0.29621852668825216	-0.2862109081298851	-0.4211678713801094	-0.2582903256779844	-0.18335662957984997	-0.1810598399730082	-0.023217276047445133	-0.08188890371320685	-0.04459163404987824	-0.05969159177998353	-0.1710572090142217	-0.11986698071928009	-0.054038147655433785	-0.1375330584335767	-0.14917910345415336
Oxygen	0.46399468961728624	0.4450993407800769	0.49947926203991944	-0.41031862296282734	-0.2051421442959165	-0.24288706280900935	-0.17242721113349205	-0.38516297381431974	-0.4237033052554477	-0.4365558047976561	-0.28078648599157663	-0.0038397271561984984	0.34980429408533237	0.19286188427028017	0.16026139901117012	0.16293947994872734	0.3190406976744186	0.3357100347921626	0.3136902581944699	0.20054133858267717	0.2694218091924556	0.15846456692913385	0.15921992309100896	0.1438438472807178	0.024543352865775497	-0.07076886101446621	0.003095815784654825	0.11643357443691632	0.08487456509796741	0.017693645852407985	0.08997321919062443	0.06381042849295	0.18490203259476287	0.22669840688518586	0.12692844717084784	0.11466535433070867	0.20236678264054203	0.057464292254165904	0.1847990294817799	0.001917002380516389	0.21064136605017397	0.24076977659769272	0.06889191540010987	0.031112662516022706	-0.0761364676799121	0.02219717084783007	-0.07542116828419704	0.007702343893059879	0.09691448452664347	0.12243064457059147	-0.2969751419154001	-0.11864814136605017	-0.158584737227614	-0.2677451474088995	-0.17319973448086431	-0.19184329793078192	0.134235945797473	0.059902032594762865	0.04795939388390405	0.002809696026368797	-0.058202481230543855	-0.0223459531221388	-0.08848539644753708	-0.008921214063358359	0.01758492034425929	0.02832013367515107	0.05190784654825124	-0.13428744735396447	-0.05682910639077092	-0.05909517487639626	-0.23516755173045228	-0.14093114814136606	-0.16820980589635598	-0.08314067936275407	-0.36999862662516025	-0.22975416590368064	-0.1092805804797656	-0.15856757004211683	-0.2842542574620033	-0.06279756454861747	-0.017115683940670208	-0.12144067020692181	-0.07729811389855337	-0.10881134407617653	-0.12399285845083317	0.05919245559421352	0.06007370444973448	0.0474443783189892
Carbon.total	0.4274985221903203	0.35354826692805197	0.4917630820520096	-0.2766451267781747	-0.45235633816727244	-0.35164956776955	-0.2895108520577172	-0.46896121945834335	-0.600128715619763	-0.3352252376254532	-0.3596637090029816	0.01888797966571129	0.02701860551009395	0.09821399972337018	-0.008905248507207081	0.09989137812106517	0.2342447283919958	0.15027679658793794	0.19182685731417423	0.14410311220753277	0.27214882079546454	0.15102812232857216	0.14630467135450745	0.011479558409225085	-0.03040248345822169	-0.17205359460523503	-0.06622732555621433	0.06468972869166059	0.05953528465707703	0.019685899250725922	0.04442723061672702	-0.05023398847263641	0.2631387361384015	0.24846167515857034	0.07360662565996277	0.06793964933719464	0.0801996546397917	0.09289647723345516	0.2832614526801938	-0.07764281742941635	0.1712207296369351	-0.007181276265131675	-0.1102119146513274	-0.14380025221906007	0.1474753416945654	0.04718791589626669	-0.022394166455337622	-0.07733995744094364	0.1114874211412413	0.21835622745827382	-0.22317286612109935	-0.213621128023114	-0.14102791847842527	-0.2756724802767335	-0.16519847525076628	-0.31702451716435304	-0.034625050605196925	-0.08188285726803424	-0.09230240571760485	-0.14557081830551588	-0.2006738635159058	-0.104964282927983	-0.2676350421211117	-0.1629969161037916	-0.1901553031470268	-0.11458591179253899	-0.20653303944674317	-0.2046576372104314	-0.2312685465821967	-0.27004627356779826	-0.3637639673084582	-0.35010614667444867	-0.35523729378684205	-0.29239384617875547	-0.39345007040933105	-0.3448060968761763	-0.18865265166575837	-0.1767362759654669	-0.22577047294530758	-0.04236545300289359	-0.15142999423635323	-0.0618591526455503	-0.034916262132574524	-0.10457405948129701	-0.08406694372336626	-0.02918521927378331	0.031363481498567776	0.07680995246111641
ChlorophyllA	0.2847021592567697	0.3677481860726634	0.4765052887262756	-0.45081665708666957	-0.41012283210898864	-0.38535191879220315	-0.3525659329494791	-0.3441144454602426	-0.5680576666267918	-0.4599988279144561	-0.3550173381433178	0.21971872432182607	0.13240081846519408	0.24056190296893096	0.14560299455490133	0.12847058999572325	0.12155777697708545	0.14419898527297742	0.12723615909953792	0.10902892683075201	0.24624776649075425	0.17101481441778704	0.06029509132922969	0.1826533780389929	0.003758156283941978	-0.05515536996147626	0.0037032926885559635	0.057591812356573346	0.10933067660537509	0.05865915866681035	0.018561351839004737	0.07322544324179714	0.2534673168835957	0.2486792212862708	0.09432797706709045	0.177172006099972	0.21466379214694195	0.12418624195603359	0.11908143378534398	0.050676505538145275	0.11123843344493421	0.09956745042645482	0.03181340392451746	-0.07448730593567547	0.003915265670729201	0.029489182519982674	0.12341067022125857	-0.0031970513311304683	-0.002409010597404081	0.08922566269619113	-0.18291273321718132	-0.08625554714597554	-0.0297959198941863	-0.10411863504370372	-0.19655631186976696	-0.16474041414545923	-0.05807062191630584	-0.03094306779771205	-0.008271933904336788	-0.13134344735411818	-0.1233982012223072	-0.09642526269071036	-0.2283996413917677	-0.2725074782823329	-0.2358561027646851	-0.15125643867945107	-0.17939896931268612	-0.1596281245753988	-0.19664110106263624	-0.10463734540008059	-0.3222737468970284	-0.2858318505617636	-0.25710826457739483	-0.2426292629950676	-0.33249832603714924	-0.36788534506112847	-0.08400613973514895	-0.15241106798234766	-0.15862312325991865	-0.06561935388146335	-0.027962977048335367	-0.21590071684291753	-0.1579996733123503	-0.09687664045274984	-0.08991644523809685	0.002670859575382786	-0.02560134864694648	-0.02485570250965474
Fluorescence	0.3188550990218976	0.35200930356883725	0.5642747188259801	-0.43993034043682167	-0.44008266581554945	-0.3306515278706806	-0.39099874185473293	-0.4494506766073071	-0.5995937013513779	-0.5184804371788422	-0.4854551233369798	0.1252085319800179	0.20072676781851453	0.28343651913348555	0.24964079039536546	0.24009994888543593	0.08314329277750387	0.26498464296798163	0.19652024389826314	0.137807598401328	0.31096347267011676	0.17888858131052415	0.07492358099461709	0.27205019707358497	0.026671587948390686	-0.10358711620329394	-0.05019707095921173	0.08263944729401973	0.09163543264157686	-0.047352687444891316	-0.013650697401372936	0.04033986135500144	0.08041315329722928	0.15461025940868317	0.021964147878861435	0.04062107743880655	0.09747359571473915	-0.0039692478495408435	0.056521503510620345	0.08491553997231732	0.21187581380770454	0.011828651525052343	0.08356218756900524	-0.08667606983030554	-0.06974451811787302	-0.1253813626981898	0.06663063585657271	-0.05763465050901557	0.0028502421827330186	0.053697625335744056	-0.16287976987307712	-0.1629442152256158	-0.04117765093800416	-0.20935951572449008	-0.171254736368898	-0.12959081595264751	-0.023748112410500087	-0.026179459801731746	-0.05453834425295308	-0.16345977804592515	-0.15004342738105647	-0.1471345985141974	-0.23488573399821622	-0.20679048962556218	-0.2531003340930095	-0.19052682611216679	-0.1320602446885611	-0.21488131070337163	-0.24259867096341256	-0.23026617395487606	-0.4194572236689686	-0.33743000722406624	-0.3245555833873636	-0.28033142487480417	-0.4183850873494616	-0.3752623584984721	-0.2487824954729186	-0.26762690242206716	-0.2661300126426462	-0.06400595240772504	-0.01941269778517134	-0.22546499519074512	-0.1214560548617435	-0.03978035852159753	-0.13432169069582717	-0.04948817208128635	-0.1117628879730862	-0.08354168222956111
CO3	-0.16449925585991465	-0.06224081379213688	-0.01079370583928642	-0.008727440866036142	-0.2522504948987184	-0.04789255422264369	-0.08693484763328882	-0.16369731385980704	-0.18581212883574794	-0.08496972849788995	-0.25071163322283624	0.19105726299861403	-0.1629748435894398	-0.04412848411403043	-0.30772898696021805	-0.08237606022727159	-0.14770182207387655	-0.24417327727601282	-0.16564075888709487	-0.1321398124501664	0.10569740055472579	0.12117271374599185	0.21366335775840467	0.0969555102832823	-0.024744606760077635	-0.16056901758911693	-0.2594101752780577	-0.06510179606279112	0.027887352436175086	0.04370222665451376	0.05630210816971825	-0.12496568266541981	0.013531868163978222	-0.027981273571322827	-0.1682416518604169	-0.19245885532312645	-0.3332538616122923	-0.0026659152976550794	-0.05026225670944821	-0.026991489300919724	-0.15899403239971635	-0.31835652463732	-0.09622581531021139	-0.09289522736381846	-0.06734145390092953	-0.09863164131053427	0.23625500311278796	0.07143063563120805	-0.033696013409927617	0.05351337292610074	0.08974525698501734	-0.0858150187142196	0.09309751903952129	0.10280029477055319	0.12214082390828394	0.14772349618198757	-0.18237317034879993	-0.2775875272804972	-0.25357261549349047	-0.37748349156417416	-0.3810669441051956	-0.2654861502518461	-0.3629329403189781	-0.3340052306934742	-0.31545941885314743	-0.3665380669681106	-0.161515453643298	-0.14409669542474407	-0.19286343867453212	-0.302924559662276	-0.35755053680474225	-0.3411576863701098	-0.3780325689696532	-0.351293944263362	-0.2561951825749235	-0.0759316254155959	-0.11357955120443226	0.0658603898466767	-0.026225670814330457	0.11271981158269526	0.16914473969837596	-0.005180111838533041	-0.0031427456760974516	0.016522895083298555	0.02281561113819713	-0.19398326759360132	-0.031600849625862654	0.024390596327597693
Mean Flux at 150m	0.02626613064093495	-0.0862996519005819	-0.013654637303297286	-0.1382341565279727	-0.24748297567306626	-0.09632086640214343	-0.21571982795466657	-0.2360201127695257	-0.26982266554438356	-0.20954300919171578	-0.302042921292679	0.2595553159498012	-0.04573424442700945	-0.17793223081661466	-0.08783506605228314	0.1484663439664092	-0.23099192444067201	-0.16420726920102574	-0.14257082245262506	-0.03932301128975313	-0.03512699398968409	0.05543899952325851	-0.04583973089544694	-0.22547146592577672	-0.0668315381145074	-0.17055989874470567	0.09459792075099777	0.01775688885364411	0.01795614107180381	-0.024402536365205965	-0.044925514835655364	-0.06693702458294488	0.07665350039790923	-0.030755165908885905	-0.1452548670384234	-0.06606969139801443	-0.002273819430763668	-0.08141211219631155	0.06428814215329237	-0.07639564458617314	-0.10788921577412147	-0.16556687257199781	-0.10636552234113551	-0.2667166750848352	0.11957477233325228	-0.16955191693519187	0.1287520950873139	0.001722945651145666	0.0942814613456853	0.1503768211169993	-0.15962446818335257	-0.001242396183819324	0.09105826369898422	0.32021003530135783	0.09635602855828926	-0.147821704437069	-0.1704426915575529	-0.26679872011584216	-0.17789706866046884	-0.16577784550887278	-0.07775524795714522	-0.14687232622113158	-0.0718948885995069	-0.25260492975164217	-0.15927284662189425	-0.2556288751801835	-0.18698062566480825	-0.19584148901355738	-0.2689670530781683	-0.14423516451019433	-0.2134811706800487	-0.0371781197648575	-0.13402641850918837	-0.2418453099710182	-0.10347050481846218	-0.10826427877301033	-0.10198197354162204	0.06541333114995893	0.03198584137398995	0.05613052192745983	-0.025035455175830904	-0.05195794606482135	0.032384345810309356	0.053352711591939266	0.24799868729653843	0.12961942827224437	-0.030180850691837346	0.0076067464462145394
NPP 8d VGPM (mgC/m2/day)	0.11340148819912395	0.026884613285427128	0.04202460254761383	-0.29919414237614633	-0.22322207207520617	-0.013872138854201299	0.015084327536958077	-0.22092757206855942	-0.1448256244087525	-0.2674112972706	-0.22044517044991133	0.18010278893142934	0.13956868369271544	0.03676766183157678	-0.12920941816405418	0.009171815390450524	0.011478684669370312	-0.09599173747483654	0.08336271048407459	-0.061308298021265036	0.09045648813265635	0.043156390960595925	0.27177765038297896	-0.13609291818399447	0.03340321977331307	-0.02596928713722303	-0.1521296796859757	0.16354033335784438	0.1645546136842327	0.09231187897361061	0.1251090044055453	0.07263855142335901	0.23087246697607422	0.09140273746154302	-0.12750245859037626	0.08521810132502884	0.05834585731187474	0.012418749362120467	0.039600225182100275	0.12860332382267578	0.06426455409451881	-0.12434829416075403	-0.18957765149256905	-0.054975230617474516	-0.12003141813746714	-0.11238102323659911	0.21543561517933482	0.148548775362934	0.16173441960598223	0.27646560457445674	0.08309677113020447	-0.02317383160351862	0.159891398037301	0.12264751922321264	0.3427092422326601	0.1519070327850612	-0.1312689019975134	-0.21191037258152176	-0.20881805451326466	-0.2639293471257425	-0.14905591552612818	-0.4621654892094314	-0.20223760166401358	-0.09496508787617518	-0.20943033349077958	-0.37224087978451526	-0.01778701352861477	-0.056379143020463235	-0.16811077946272834	-0.16301463928624066	-0.2516404751224888	-0.12537494375941538	-0.20716675666481538	-0.23504091173208477	-0.3224916667023952	-0.08202682907858752	-0.006512421851749428	0.11302422539479658	0.1127706553131995	0.0949712725123117	0.11536820249053545	-0.08012814578467767	0.16389285761762568	0.20184178495127666	0.03519676425290218	-0.00273979380847578	0.17681874714294032	0.05299614705378998
NO3	0.01281380011585795	0.10016900887911546	0.3281099103420716	-0.13862743753249113	-0.10961120444621611	-0.14063677761710405	-0.4524931700713532	-0.10287650950160239	-0.3197660404991874	-0.36715581554560955	-0.399705422085759	0.5610486195578575	0.04219614177687176	0.10656313770769309	0.020527622644075427	-0.09284683738433949	-0.19596174316716716	-0.052787747985594206	-0.13060710549984117	0.08030549016131042	0.06251091059842463	0.09266804017342055	-0.11637995600243344	0.14901470407159192	0.15111769983811477	0.15765656926600774	0.19970797044356417	-0.04962899725935946	0.09560542292423184	0.11914705569522667	0.07696794222415672	-0.03489099858789759	0.11988778699760518	0.17116001576683879	-0.05918187681417183	0.09971775877536765	-0.06970536979968707	-0.17998919232507446	0.027773166762743277	-0.0898839121748255	-0.21493127583037747	0.05011430397471089	0.19598728562586987	0.03916510334415054	0.1203560654071548	-0.021455665310273774	0.02343946293618401	-0.13177354444726477	-0.1314244641783278	0.03544441852645624	0.18929516144576067	0.14517482111328497	-0.044827015023250566	0.06198303311856868	0.039446070389880315	0.012388092470812835	-0.1753489789940827	-0.12617974599137197	-0.06529503859701968	-0.17224131318525338	-0.08544803851345541	-0.05190227608390037	-0.38178313022935967	-0.1946250211617255	-0.20148742839985273	-0.23677859217409275	-0.2274045098301993	-0.21671924793956693	-0.1705214542992711	0.028667152817338018	-0.1864684626826611	-0.1901721191945536	-0.0914164596969879	-0.19236877064298638	-0.11603087573349644	0.005065920976036864	-0.184646433961868	-0.08561832157147345	-0.2140628322344854	-0.14540470324160934	-0.04645321822732291	-0.1363371304021484	-0.16543850501743243	-0.07332388478257054	0.06115716028718116	-0.093238488417781	-0.15551951688788127	-0.044827015023250566
NO2	-0.081446354580528	0.19224320458381647	0.14499788315777343	-0.23853670959741913	-0.30418833132666817	-0.24225929407169655	-0.22508256443651845	-0.015510204101652639	-0.2653264462735429	-0.2563807268954113	-0.16085358645540088	0.25810822287528523	0.10721991715084356	0.1612194091334918	-0.08848505388675953	-0.02729782372902787	-0.13522228825989846	-0.07981370151719615	-0.0461444661447508	0.0020763824228681085	0.0958828013770433	0.060895926914066645	0.012014565177672399	0.14411042443870092	0.13204166330871875	0.027792361793854532	0.03271064446596627	0.16523329685143426	0.055090185522882404	0.0076992124750068685	0.03880768910081553	0.0947108139083445	0.08040308249856491	0.10959099006439604	-0.11463460087622412	0.022027267366902623	0.046632229715538744	-0.0020797696698874693	-0.021553052784192128	0.17257684838940823	0.07238546880373814	-0.051804555914102525	-0.10562452380472467	-0.1986959101556986	-0.09962232208641751	-0.05988314005527779	0.20436277441908904	0.05387077659591255	0.004955542389324702	-0.023111186413098048	0.2082005252920247	0.05174358546775403	0.06256583969461146	0.011188076904948389	0.09288508776490909	0.16211025509958368	-0.05505970029970816	-0.029137098860540733	-0.18602421905627023	-0.16177830489168635	-0.11816072502337861	-0.29380641921232764	-0.18844948792213248	-0.20532813981960685	-0.2627690747739256	-0.2367482431711967	-0.017461258384804404	-0.12488102310979024	-0.11318824639895711	-0.07755779500230192	-0.16731984101536043	-0.17677703469341552	-0.13392158540446394	-0.17331865548664824	-0.19977644195487465	-0.12811923126029906	-0.154600728457661	-0.08033533755817769	-0.09621136433792128	0.016312981645241125	0.11328647656251857	-0.09755271415758812	-0.007553560853174358	-0.027074265425750064	0.00712338048171555	-0.1659717167016549	-0.04100939966339998	-0.018589211642251514
NO2NO3	0.011038588773267428	0.23349463923531133	0.3314603341805157	-0.30277068587528483	-0.24262462040132993	-0.27207628741542506	-0.3364134557881334	0.01332108406477208	-0.3181819801368014	-0.3234555769023527	-0.16824233624494822	0.31185437618515743	0.1343182603601357	0.22347801013234317	0.0845484683330522	-0.030480748354570705	-0.014474794633332934	0.0611430992986371	0.047487296735578846	0.043969191668485876	0.08859713782827965	0.09530931196944387	0.047074239865353355	0.1634458913812091	0.18896283562289762	0.04694604980217993	0.11470161985951303	0.09037043370217873	0.1911135800161407	0.021649877335956764	0.1316761207247278	0.08884283544936204	0.1396274654765685	0.18484294942590718	0.006858168379778409	0.16527972145160677	0.11901379115126363	0.0584154996211136	0.10532594107241203	0.047868306090010984	0.02626828044528833	0.03682971731674355	0.04820658542338531	-0.02568074265574345	0.025719911841713107	-0.005309205116432818	0.05697336141041254	-0.1113686782170039	-0.01785402713198803	-0.0076593562746123355	0.2834246688413616	0.08413185062773856	-0.00836084078697804	0.011077757959237088	0.011419598127699562	0.09578646387125607	-0.02532109831184022	-0.004187542063665321	-0.07586359155305245	-0.05490095538910878	-0.036925859864123625	-0.1803028846885149	-0.23439196967752532	-0.16570702166218484	-0.15061620255860184	-0.10651882082694253	-0.0449733471633444	-0.04506948971072446	-0.006049858814768181	0.06184814464609096	-0.05856149385972778	-0.1297461481069501	-0.04585287343011764	-0.07049385224012106	-0.11961913311624926	-0.09140307587774246	-0.12543753765028764	-0.10120605487542157	-0.09512414854486002	-0.1678755702308687	0.016212482156350516	-0.11991468242856579	-0.07420780323706233	-0.08828734517561053	0.03442259279715362	-0.1159550338105421	-0.009827904843296162	0.02813059719639119
PO4	0.13262373882964099	0.31921637389479646	0.33802400035104657	-0.24367490532161498	-0.2406964067095196	-0.2601971429056913	-0.2739319553735425	0.09728263517191044	-0.24681075857736826	-0.2978123958181915	-0.03519873517061151	0.2532960178195533	0.06653853503247051	0.09476870741251923	0.0885232266749557	0.06683825816324741	-0.05737824684810169	-0.00017983387846613651	0.12486090974251941	0.026866432135013853	0.054197435122731896	0.012603357649168402	-0.12190114382609758	0.25838381796449106	0.220247796112266	0.004956671275222888	0.07452240992854003	0.11818832354359882	0.2534983309328277	0.02757827457060898	0.10985602050800115	0.10491808192845181	0.1657393982413531	0.2661653797472862	0.14208000360565198	0.28804891483313416	0.174626189068888	0.046902923427449235	0.04914710036914123	0.03054178702616552	0.09501223245627546	0.03958218595822359	0.07112804547249171	-0.01778482127247396	0.1106765125785029	0.03706076512056297	0.055242719541316314	-0.12590994070023856	-0.01651474450580687	0.048753713759996556	0.2945866256232052	0.15276887975698297	0.14335008037231908	0.07681529187898327	0.07519304043365334	0.053365703434826016	0.0312723621574342	0.06613390880592171	0.017908457063919428	-0.013656135146022243	-0.03435951040443621	-0.1645367591791108	-0.1254266371518608	-0.04958169890876773	-0.08315443609491459	-0.07140154282932562	0.03501515475301067	0.007639193295676091	0.03044437700866303	0.12052241742452387	-0.02735348222252631	0.022973777974048943	-0.014308032955461987	0.008916763140612603	-0.08029582673512996	-0.00037090737433640656	-0.10430739604949389	-0.12232075620918524	-0.007867732182893473	-0.19993406092386198	-0.11641246399374572	-0.11750270688194667	-0.10244161956040773	-0.0023078681069820853	0.012284901822717952	-0.11966445996267501	-0.00706222626893057	0.002409024663619287
Alkalinity.total	0.0052489455687514085	-0.022791807023831417	0.044483232687466755	0.12230675578271354	-0.1909224900248253	-0.2695681371248163	-0.06093836084396213	-0.1298829446879716	-0.2483446897408046	-0.08816963749341221	-0.22566671527147622	0.2541627980820712	0.13562516465956953	0.07926540211895199	0.037400318185055216	0.06431539329421906	0.08672775846970701	-0.056726556327349555	0.1013109735077079	-0.10532040903853729	0.14502267443687625	0.20456974850357898	-0.004591246364956051	0.1007671068584156	0.14565507751744872	0.048151170554787015	-0.11700721796751633	-0.03207548424663511	0.09793394105745097	-0.12453281462632859	-0.022513549668379533	0.014810880147006987	-0.024056613184976334	0.09114193197210277	-0.05224914251689655	-0.10705319347930584	-0.08534911975405904	0.08794197238440613	0.062266407313164296	0.23550690720518366	0.13737059716194952	-0.029115837829556006	-0.011598272497698896	-0.08643685305264368	-0.07124653105729321	0.07749467349334911	0.06829953270182555	-0.09029451184413567	-0.05147761075859815	-0.00906866017540906	-0.09262175518064232	0.0693113776307415	0.09713711317592967	-0.013697850725199459	0.027256572772672977	0.20425354696329276	0.024170445739479376	0.08041637572559386	-0.024537239526211403	0.06869162261178048	-0.08398312910002254	-0.22724772297290735	-0.11284600569734955	-0.09516401556454361	-0.16403271103888437	-0.13710498786810907	-0.0697540597871422	-0.1820182546503651	-0.07012085357387424	-0.005615739355483434	-0.12878256332777552	-0.11217565843194274	-0.09277353191997971	-0.11245391578739464	-0.027724551052296594	-0.004780967289127789	-0.09417746675885057	0.04290222498603561	0.11255510028028623	0.1368267305126572	0.13423387788231012	-0.10424532380156411	-0.09510077525648636	0.050453117768070765	-0.11511000872579896	-0.14358079541317106	-0.08876409638915032	-0.1152491374035249
Gradient.Surface.temp(SST)	0.2989884715024555	0.07720796626929931	0.22848408974629178	-0.022906473936727373	-0.22173442192990364	-0.12644951190474277	-0.150031874289174	-0.3299257290859915	-0.33323758247974045	-0.32454319926609526	-0.283378520580713	0.19661594943705452	0.25678538238378273	0.06673169532988939	0.0741480349333309	0.0004915552346937205	0.2044593276506362	0.1845851350679257	0.13703638277195876	-0.006230462599742907	0.23691733424150593	-0.005210485487753437	0.10105146737216159	0.07284848578160938	-0.049908217422496806	-0.05679306292842573	-0.13265846896296782	0.07856895982535754	-0.01278965276268724	-0.13664621080442063	-0.030046313720653663	-0.09799153603619318	-0.01662378359329826	-0.04875920706140024	-0.10856919024275867	-0.0706334150052708	-0.007692839422956725	-0.060624121538819915	0.04719851919124767	-0.023852717763512787	0.08378866197376149	0.07856588760514072	0.161236261419974	0.06307882549207168	-0.06761342253212126	0.0432138495700117	0.02924753646427637	-0.04243350563493542	0.08728792080073741	0.11100546087470943	-0.14656640988458328	-0.07389304065533353	0.0841235339773966	-0.13422530127355406	-0.05164709406522584	-0.041699245003111673	-0.11110069970143134	-0.03526294364884077	-0.15921474051729606	-0.15522699867584325	-0.11586878547796042	-0.06728162274870299	-0.06713108395807804	-0.09142620143281517	-0.04217236691650438	-0.1270977503704951	-0.03286353965949205	-0.22653630212881792	-0.22288650451121705	-0.189817126097197	-0.21020130723590222	-0.1851934346708592	-0.14299648999262013	-0.13735589367450968	-0.265141821373576	-0.24038279864609666	-0.11126352737292362	-0.1112604551527068	-0.2530372737192431	0.010377959892471174	0.10261215524231415	-0.03468536624807565	0.09369964439327363	-0.044255332223519024	-0.06079616587096272	0.022759007366319257	0.08385317859831504	-0.004706641372192373
Density	0.04993827853215128	0.1104508217626835	0.14382632293080055	-0.18305261117515634	0.032467532467532464	0.046500239744544536	-0.06467491659950418	-0.20546617561542935	-0.22677793534038623	-0.31215249793411615	-0.33086277430346556	0.10878791279419717	0.2346180920415013	0.2139235469950317	0.018781689637934727	-0.0890778506646535	0.1824762040787178	0.15325287438406057	0.07724365187051754	0.16817824751838892	0.11462339702716765	0.09741279929810959	0.29273829077442587	0.10730353699717407	0.014226543291743606	-0.13741953254914763	-0.10603850195366299	0.0012956407300476428	0.029850746268656716	0.11516409748931351	0.002611685251119658	0.08978178145499434	0.046280898991032535	0.04329174360596199	-0.1259372991501821	-0.05103498229971128	-0.15753767049917874	-0.1695299986737536	-0.014323461299109375	0.015614001081400925	0.008146213566480652	0.08485426592260842	0.03240632109445935	0.040659654563817954	-0.11855112679935932	-0.07795268360861449	-0.08444108915436488	-0.026616745391293703	0.0009436753348772202	0.005483518837800063	-0.10909907060731884	-0.05211638322400302	-0.23582191571193928	-0.08475224696748655	-0.07783026086246825	0.019914100039787393	0.008799134879260567	-0.045173993327960335	-0.08241601289519593	-0.03577294661348079	-0.15534426296405873	-0.10003468644474144	-0.1545587170096204	-0.059880025708776694	0.03124330500607013	-0.09081217290172514	0.024918129788514706	-0.13215025351710347	-0.11105783454565858	-0.16048601830220055	-0.21017435039430327	-0.20050805439650687	-0.24868650595280603	-0.15141653319186704	-0.2802154640332174	-0.09851970496118179	-0.12159639260974689	-0.10121300537639893	-0.3164883035267953	-0.0026167861988757512	0.21267381479478886	-0.09398496240601503	-0.06679180991828282	-0.07991144754695423	-0.05615633384682874	0.01127309454096571	-0.010630375123697983	0.02268901561910203
