	FabR	PaaR	RbsR	HrcA	NnrR	NtrC	LiuR	FadP	FruR	LtbR	GntR	FadR	PurR	FixJ	MetJ	NorR	RutR	PhnR	DasR	VanR	AcnR	BioQ	CueR	GlcC	MerR	NmlR	PdxR	HcpR	PhsR	AmtR	CsoR	NagQ	PdhR	QorR	FnrN_FixK	ZntR	CadR-PbrR	NifA	SoxR	SiaR	CblR	Irr	GguR	PrpR	NrdR	TtrR	ExuR_UxuR	NarP	LexA	LldR	NagR	LiuQ	AgaR	GulR	CcpA	NsrR	RbkR	MetR	KdgR	FUR	ThiR	MntR	NagC	IscR	SahR_SamR	NrtR	Phr	Zur	ArgR	BirA	XylR	TrpR	HutC	PhnF	HisR	HypR	HexR	PhrR	PsrA	ModE	TyrR	Rex	NadQ	NiaR	AraR	CzrA	NikR	SdaR
HCO3	0.7714285714285715	-0.02857142857142857	0.2	-0.37142857142857144	-0.2	-0.3142857142857143	-0.2	-0.2571428571428571	-0.37142857142857144	0.4857142857142857	0.42857142857142855	0.2	0.42857142857142855	-0.6571428571428571	-0.42857142857142855	-0.37142857142857144	-0.4857142857142857	-0.7714285714285715	-0.8285714285714286	-0.7142857142857143	-0.7714285714285715	-0.6	-0.9428571428571428	-0.7714285714285715	-0.6571428571428571	-0.8285714285714286	-0.6	0.7714285714285715	0.9428571428571428	0.3142857142857143	0.08571428571428572	0.2571428571428571	-0.14285714285714285	-0.3142857142857143	0.08571428571428572	0.02857142857142857	-0.2	-0.2571428571428571	-0.14285714285714285	-0.08571428571428572	-0.02857142857142857	0.08571428571428572	-0.2571428571428571	-0.14285714285714285	-0.3142857142857143	-0.37142857142857144	-0.6	-0.2571428571428571	-0.08571428571428572	-0.2571428571428571	-0.2571428571428571	-0.02857142857142857	0.42857142857142855	0.6571428571428571	0.5428571428571428	-0.02857142857142857	0.08571428571428572	0.3142857142857143	0.08571428571428572	0.08571428571428572	0.08571428571428572	0.2571428571428571	0.2571428571428571	0.3142857142857143	0.2571428571428571	0.4857142857142857	0.2571428571428571	0.2	0.6571428571428571	0.2	0.3142857142857143	0.6	0.3142857142857143	0.3142857142857143	0.2571428571428571	0.6	0.6571428571428571	0.5428571428571428	0.4857142857142857	0.6	0.7714285714285715	0.6	0.02857142857142857	-0.02857142857142857	0.2571428571428571	0.2571428571428571	0.7142857142857143	0.4857142857142857
Temperature	-0.48323638286620835	-0.195134849286092	-0.16255949233209943	-0.365520888418826	-0.3569539925965098	-0.36388154415653096	-0.2692755156002115	-0.2738762559492332	-0.2573241671073506	-0.25293495505023794	-0.4175568482284506	-0.2583818085668958	-0.313590692755156	0.10497091485986251	0.04500264410364886	0.048757271285034376	0.2756213643574828	0.2857218402961396	0.1451084082496034	0.14225277630883132	-0.047646747752511896	-0.10861977789529349	-0.0641988365943945	-0.12046536224219989	-0.11374933897408779	-0.22443151771549444	-0.18598625066102592	0.19846641988365943	-0.05219460602855632	-0.08339502908514014	0.07324167107350608	-0.26113167636171336	-0.19709148598625065	-0.23252247488101532	0.005446853516657853	-0.17329455314648334	-0.2145425700687467	-0.03976731887890005	0.08180856689582232	0.18281332628239028	0.21649920676890533	0.13664727657324166	0.023691168693812797	0.24785827604442093	0.13024854574299313	0.1796932839767319	0.4204124801692226	0.08725542041248018	0.22485457429931252	0.20317292437863566	0.34098360655737703	0.43527234267583287	0.3663141195134849	0.36483342147012165	0.25309360126916974	0.15245901639344261	0.2072448439978847	0.39820200951877316	0.4185616076150185	0.34182971972501325	0.2837123215230037	0.3057112638815442	0.3298783712321523	0.26382866208355366	0.28683236382866206	0.22205182443151772	0.13469063987308302	0.2125330512956108	0.1118455843469064	0.14246430460074036	0.18122686409307245	-0.30772078265468006	-0.1110523532522475	-0.14056054997355896	0.04505552617662612	-0.10190375462718139	-0.09079851930195663	-0.047435219460602855	-0.10460074034902168	-0.0553146483342147	0.03320994182971972	-0.06303543098889476	-0.004918032786885246	0.013273400317292438	0.10497091485986251	-0.05906927551560021	-0.19365415124272872	-0.4059227921734532
Depth.Max.O2	-0.06052151694427255	-0.08870494875899783	0.023284661488293383	-0.056242844127515575	-0.022974612733455923	-0.18627729190634706	-0.04148452339725239	-0.19883426647726427	-0.2957245023639711	-0.05720399526751171	-0.2222739523429764	-0.3416427229553992	-0.04728243511271293	-0.2567203690054184	-0.2657117828957048	-0.29429827809171877	-0.29166286367560035	-0.418255770275736	-0.36771782323722974	-0.16606211309094457	-0.2652467097634486	-0.20928290951528675	-0.34784369805214843	-0.06960594546101018	-0.18652533091021703	-0.06061453157072379	-0.47090204884713704	-0.038042982218556565	-0.003720585058049542	0.21390263596236492	-0.15142781186261636	-0.050630961664957515	0.19796612996371937	-0.0926425679454336	-0.21402665546429991	-0.0714972428655187	-0.05952936092879267	-0.04966981052496139	0.10746289842666427	0.025455002772155618	-0.11357085889696227	-0.14733516829876186	0.0174557448973491	-0.06238180947329732	-0.015967510874129284	-0.07763620821130045	-0.09369673371188096	0.33919333779218325	0.3697021352681895	0.16714728373287568	-0.08507737832739953	-0.022602554227650968	0.251635569426084	0.099432635676374	0.11419095640663719	0.2978328338968658	0.18661834553666828	0.1973150275785607	0.17989028755669537	0.19458659853599106	0.24366731642676126	0.19067998422503904	0.22689367879005456	0.27656348931501595	0.24748091611126202	0.26335541235894006	0.27240883600019394	0.20863180713012808	0.2590457346666994	0.16944164451867288	0.24822503312287195	0.2648436463821599	0.2056243342082047	0.3868478314107011	0.13155368667753506	0.04498807432691571	0.11409794178018595	0.04839861063012779	0.1234614141762773	0.13784767640073553	0.20360901730176117	0.29017462965238056	0.2265216202842496	0.05459958572687703	0.10861007881956287	0.22825789331133942	0.09450286047445837	0.24112491663709407
FluxAttenuation	-0.09051130378413419	-0.1683007859978932	-0.2924398346973503	-0.1238959565675391	-0.2632687788671907	-0.15339113524025605	-0.12422007941009643	-0.24058017988817762	-0.31642492504659264	-0.38627339761769713	-0.08500121546065958	-0.1509602139210761	-0.3115630824082327	-0.041244631715420144	0.013532128676768495	-0.24090430273073496	-0.06150230937525322	-0.19844421035572482	-0.17689004132566244	-0.022931691110931043	-0.41220322502228346	-0.09747994489911677	-0.12178915809091646	-0.2676444372417146	-0.28595737784620373	0.03362774491532291	0.02601085811522567	-0.2274532047646058	-0.13199902763147234	-0.10072117332469006	0.12924398346973504	-0.052750992626205334	0.01401831294060449	0.22777732760716313	-0.09083542662669152	-0.09067336520541285	-0.15193258244874808	-0.1747832428490398	0.09537314642249413	0.03897577181751884	0.15857710072117331	-0.07057774896685844	-0.3857872133538611	0.04432379871971477	0.008994408880965886	-0.15193258244874808	0.1354023174783243	0.06928125759662912	-0.05064419414958269	0.08208410987764363	0.2347459687221457	0.3350619884936391	-0.05307511546876266	0.09796612916295276	0.2880641763228263	0.2475488210031602	0.3007049671825622	0.2994084758123329	0.3139940037274127	0.29276395753990764	0.28482294789725304	0.33473786565108177	0.2974637387569889	0.29584312454420225	0.21140912405801798	0.3099424681954461	0.27153391135240257	0.2880641763228263	0.2775301839397131	0.30961834535288874	0.22534640628798314	0.24236285552224293	0.29957053723361154	0.09585933068633012	0.24965561947978285	0.03443805202171623	0.08532533830321692	0.14820516975933878	0.19455473624503686	0.11125516570780326	0.17899683980228506	0.2535450935904708	0.14058828295924156	0.22696702050076978	0.3079977311401021	0.22388785349647516	0.18094157685762904	-0.04367555303460011
Oxygen	0.5396966993755575	0.19007044203143744	0.1081854255744563	0.3574702390107355	0.33169276200436804	0.30363899227906116	0.2326432680180873	0.2397797532990864	0.2015749484758067	0.12467316743055769	0.38170968039619796	0.18170352825371436	0.23750346058014704	-0.06635085668584084	0.0466640007382571	-0.08394598418899382	-0.2712172013903842	-0.315943277246301	-0.16152450090744103	-0.08043926297333047	0.07336429911716755	0.09901873327386262	-0.028084530437724936	0.09803439047648344	0.07114952782306438	0.2404564889722846	0.22944415392660494	-0.29115014303731274	0.05275462179704082	0.10695499707773232	-0.04125011535267157	0.24445538158663754	0.11353778953520563	0.25331446676305025	0.02488541634624258	0.1246116460057215	0.11335322526069704	-0.02223999507828601	-0.1320557384109016	-0.2472853671291027	-0.22821372542988094	-0.11993601771817035	-0.11249192531299025	-0.3013626995601218	-0.09914177612353502	-0.24568581008336154	-0.40717955027838443	-0.04487987941800732	-0.21344858346919315	-0.1552493155741487	-0.2175089975083823	-0.4265587991017872	-0.38183272324587036	-0.3698360454028115	-0.16699990771786274	-0.09471223353532868	-0.12147405333907534	-0.37924882340275	-0.39106093697130023	-0.32277215540311915	-0.2477775385277923	-0.28419822203082223	-0.28875080746870097	-0.25737488080223936	-0.2734319726844874	-0.1790581069857578	-0.07890122735242548	-0.17284444307730168	-0.08271555569226983	-0.06893475652896121	-0.1623858008551478	0.3334153618997816	0.12055123196653235	0.16447752929957857	0.025254544895259773	0.14263742348272787	0.1304561813651604	0.059152849980005535	0.10572456858100833	0.10677043280322372	0.05250853609769602	0.12307361038481651	0.05976806422836753	0.03152973022855209	-0.07853209880340829	0.14848195884216678	0.2018210341751515	0.37352733089298346
Density	0.21522645179216449	0.23212003334259518	0.1478188385662684	0.268463462072798	0.28885801611558765	0.24429008057793833	0.23173103639899972	0.2314531814392887	0.18266185051403167	0.3280911364267852	0.2733537093637121	0.27385384829119197	0.2565156988052237	-0.03434287302028341	-0.03373159210891914	-0.09524868018894138	-0.13103639899972214	-0.25896082245068075	-0.15721033620450126	-0.10825229230341761	-0.09196999166435121	0.0648513475965546	0.19238677410391775	0.12308974715198666	0.16226729647124202	0.15487635454292858	0.014003889969435954	-0.06001667129758266	0.1520978049458183	0.15332036676854682	-0.0014448457904973604	0.2796332314531814	0.21417060294526258	0.12442345095859961	-0.061405946096137816	0.138816337871631	0.3283689913864962	0.13359266462906363	-0.09402611836621284	-0.08780216726868574	-0.1828841344818005	-0.17126979716587942	0.11180883578771882	-0.09424840233398166	-0.02728535704362323	0.06273964990275076	-0.1928313420394554	-0.015115309808280077	-0.12825784940261184	-0.21667129758266185	-0.3592108919144207	-0.506474020561267	-0.26718532925812727	-0.2315643234231731	-0.24918032786885247	-0.14359544317866074	-0.17543762156154488	-0.3125312586829675	-0.33181439288691306	-0.29080300083356486	-0.27374270630730757	-0.23289802722978606	-0.27902195054181717	-0.18071686579605445	-0.21783828841344818	-0.1731036398999722	-0.15565434843011947	-0.20872464573492636	-0.12097804945818283	-0.1865518199499861	-0.2171714365101417	0.32470130591831065	0.2405668241178105	0.16876910252848012	-0.0963601000277855	-0.086524034454015	-0.026007224228952488	0.00955821061405946	-0.03350930814115032	0.008946929702695193	-0.027952208946929704	-0.04106696304529036	-0.14854126146151708	-0.043178660739094196	-0.07290914142817449	-0.04845790497360378	0.11369824951375382	0.2395109752709086
Lyapunov	0.15989795918367347	0.06642857142857143	0.3103061224489796	0.11897959183673469	0.3245918367346939	0.27622448979591835	0.30173469387755103	0.17581632653061224	0.2742857142857143	0.09428571428571429	0.14418367346938776	0.18877551020408162	0.31112244897959185	0.10795918367346939	-0.01683673469387755	0.09581632653061224	0.05183673469387755	-0.02336734693877551	0.1329591836734694	0.04683673469387755	0.18785714285714286	0.03642857142857143	0.2057142857142857	0.07530612244897959	0.16673469387755102	0.13173469387755102	-0.16877551020408163	0.015816326530612244	-0.04071428571428572	0.19489795918367347	-0.10224489795918368	0.002653061224489796	-0.10591836734693877	0.08571428571428572	0.17051020408163264	0.19357142857142856	0.2838775510204082	0.31326530612244896	-0.17561224489795918	-0.158265306122449	-0.19448979591836735	-0.33285714285714285	-0.0823469387755102	-0.2073469387755102	0.024081632653061225	-0.03561224489795918	-0.2589795918367347	0.020918367346938777	0.0024489795918367346	-0.016428571428571428	-0.11448979591836735	-0.2273469387755102	-0.2136734693877551	-0.34785714285714286	-0.16989795918367348	-0.158265306122449	-0.1973469387755102	-0.34255102040816326	-0.3137755102040816	-0.3140816326530612	-0.223265306122449	-0.24867346938775511	-0.261530612244898	-0.2573469387755102	-0.20214285714285715	-0.23051020408163264	-0.16693877551020408	-0.24989795918367347	-0.18928571428571428	-0.23234693877551021	-0.08571428571428572	-0.037244897959183676	-0.1879591836734694	0.13887755102040816	-0.0770408163265306	-0.05714285714285714	-0.14142857142857143	-0.12040816326530612	-0.17387755102040817	-0.08020408163265307	-0.16877551020408163	-0.07979591836734694	-0.053877551020408164	-0.11112244897959184	-0.2590816326530612	-0.09969387755102041	-0.04010204081632653	0.11061224489795918
Gradient.Surface.temp(SST)	0.3323701028063351	0.28691303139761043	0.2980272297860517	0.24834676298971936	0.21005834954153932	0.20505696026674075	0.3159766601833843	0.2650736315643234	0.14898582939705474	0.14387329813837177	0.36248958043901086	0.21994998610725203	0.16860238955265353	-0.06440677966101695	0.09774937482634065	0.09330369547096416	0.1693803834398444	-0.2008891358710753	0.03189774937482634	-0.01144762434009447	0.048346762989719363	0.20844679077521533	0.22295081967213115	-0.06996387885523757	0.006057238121700472	0.10641844956932481	0.17327035287579884	-0.017393720477910532	0.05018060572381217	0.04856904695748819	0.22411781050291749	-0.17593776048902474	0.22461794943039734	0.176549041400389	-0.03734370658516255	-0.04651292025562656	0.20672409002500694	0.05479299805501528	-0.016282300639066407	-0.07607668796888024	0.006168380105584885	-0.012670186162823007	-0.15198666296193386	-0.10919699916643512	-0.09019171992220061	-0.2795776604612392	-0.2639066407335371	-0.0035565434843011948	-0.1938871908863573	-0.16382328424562378	-0.09085857182550708	-0.191108641289247	-0.20255626562934148	-0.22106140594609613	-0.12681300361211448	-0.2587385384829119	-0.18499583217560434	-0.25245901639344265	-0.30313976104473467	-0.3200889135871075	-0.24556821339260906	-0.19533203667685467	-0.3207001944984718	-0.18949708252292302	-0.23856626840789108	-0.2522367324256738	-0.22328424562378438	-0.25923867741039175	-0.1648791330925257	-0.18771881078077243	-0.13481522645179217	0.09563767713253682	-0.04462350652959155	-0.11664351208669074	-0.06807446512920255	0.11958877465962768	-0.05773826062795221	-0.10764101139205334	0.06612948041122534	-0.0585718255070853	0.09069185884968047	0.06596276743539872	-0.11236454570714087	-0.14092803556543484	-0.10875243123089748	-0.10414003889969436	0.2797999444290081	0.001333703806612948
NO3	0.18189179637647443	0.3854446080142541	0.25902120585831834	0.23887848605925413	0.14606002346758631	0.10658434144931975	0.4555898583697893	0.3225871758774758	0.3310896304660255	0.09666481109601173	0.2012247585956768	0.43322030522610494	0.24100409970639156	-0.10243433385252762	0.08067209889373964	0.1827015539563363	0.15496735684606697	0.12672706124838398	0.25183460733704416	0.30841641822989296	0.36489700942525893	0.4130775854270407	0.22521382689908492	0.19515157674671268	0.26377853164000686	0.1585100462579627	0.4837289342699896	-0.1311807279376243	0.08016600040632596	0.09615871260859805	-0.18654790246068023	-0.12338681123145372	0.1172124096850069	-0.22035528141991367	-0.055772053312986875	-0.15800394777054902	-0.04342325022009323	0.042006174455334944	0.33665671382757595	0.0	-0.10496482628959598	0.07540867462463742	-0.2550736376564917	-0.03269396228692334	-0.16944177358609805	-0.07389037916239641	-0.07834404585163673	-0.2834151529516574	-0.2859456453887258	-0.028341515295165744	-0.21731869049543162	0.0849233261880145	-0.10870995509645717	-0.19818816767119474	-0.30376031214568716	-0.36307505487056974	-0.2865529635736222	-0.22065894051236187	-0.21691381170550067	-0.1988967055535739	-0.22521382689908492	-0.22268333446201657	-0.19940280404098756	-0.2676248801443508	-0.3104408121795476	-0.27319196350590125	-0.31216154703675414	-0.2708639104637983	-0.2158003950331906	-0.15668809170327347	-0.1445417280053453	-0.3919226686531491	-0.3913153504682527	-0.5371729345408736	-0.07895136403653315	-0.010425628840721684	0.056885469985296956	0.054253757850745855	0.0037451288068611876	-0.29090541056537983	-0.21225770562129487	0.01690368947961671	-0.04271471233771409	-0.3178298500957873	-0.2740017210857631	-0.1439344098204489	-0.11498557634038674	-0.06994281096056974
NO2	0.269127387141396	0.24700979921839347	0.17726543142856663	0.06195089472071014	0.17777056394230567	0.17683246070250458	0.3705146988275902	0.32480020633420653	0.30585773706899233	0.27767855898112126	0.15969403612921554	0.36733958016980195	0.24221104033787255	0.040843571825185714	-0.02572567730685284	0.03532319506789471	0.006133751952545558	-0.036838592609111855	0.10156771615538675	0.06974436778982684	0.3202540137105551	0.11120131481026711	0.23524742782704142	0.1285923056404257	0.24773141709516355	0.3653190501148457	0.2517363963112374	-0.13382403524700867	0.0285760679200946	-0.17639948997644256	-0.2590968986542921	-0.050332846904712084	0.029730656522926707	-0.033446988588292544	0.0945680227507171	0.18758456706637858	0.032220238197783434	0.10405729783024346	0.057729430141605254	0.005123486925067466	0.04120438076357075	0.044884631935098084	-0.033374826800615535	-0.07804297337268261	-0.11614439726614206	-0.10163987794306376	-0.3170067332650898	-0.31902726332004605	-0.2484169540780951	-0.2449531882695988	-0.10759322542641679	-0.16575562629408408	-0.2187945402366839	-0.06671357270739257	-0.433944910195679	-0.3035846407571666	-0.3699374045261742	-0.3033320745002971	-0.30892461304526514	-0.26541105507603013	-0.2798434126114315	-0.2470819610060705	-0.2734210135081779	-0.26855009283997994	-0.2641482237916825	-0.2820804280294187	-0.2559217799965038	-0.25141166826669087	-0.18191986673373356	-0.24415940860515173	-0.1997077473961157	-0.15572513780698016	-0.28406487719053636	-0.19148130360093693	-0.0966607145933503	0.044668146572067066	0.1836156687441432	0.052136891596637244	0.10261406207670334	-0.17553354852431846	-0.27407046959727094	-0.07053814745427392	-0.21507820817131806	-0.14432357535401313	-0.16110119098891715	-0.08042431236602382	0.22157276906224865	0.004907001562036446
NO2NO3	0.28525080068681313	0.27824973344457465	0.2531056565806817	0.07995731063849161	0.12264674504238464	0.08956243337936755	0.3775880473024337	0.20213447190243342	0.14685165434939196	0.15897545372009758	0.007385272151873491	0.25929562456924615	0.19534685183221442	-0.09058697980506097	-0.0035005336211192273	-0.11581643553776175	0.02962646747630175	-0.04806830313878353	0.09037353263304151	-0.050928495243844366	0.33331910382559665	0.1319957311768372	0.1888153683684188	0.07654215588618017	0.13152614739839438	0.27039487751425834	0.159615795236156	-0.18057630752846746	0.04900747069566918	-0.13524012819153308	-0.2528068305398544	0.06890074712788333	0.10612593392807804	-0.11564567780014617	-0.0213874066363504	0.08546424767659382	-0.13067235871031652	0.06019210250948915	0.16341515489810246	-0.06424759877785899	-0.14582710792369855	-0.04683030954107064	-0.17643543239128984	-0.0076414087582968495	-0.2041835647538203	-0.11223052304783473	-0.2830309500978107	-0.242604055717324	-0.12700106735158173	-0.18040554979085188	-0.21045891161119257	-0.05127001071907551	-0.0685165422182483	-0.021558164373965974	-0.32175026710214166	-0.20618996817080326	-0.24286019232374736	-0.19538954126661834	-0.15927427976092484	-0.13477054441309025	-0.11782283895474473	-0.12136606201026784	-0.14612593396452578	-0.16422625415177644	-0.1626467450788324	-0.15987193184257933	-0.18595517626335797	-0.16631803643756718	-0.06433297764666678	-0.0708217716760585	-0.08768409826559626	-0.17506937049036525	-0.2335538956236987	-0.22659551781586412	0.021899679849197117	0.05818569909250618	0.07564567776369842	0.09395944512296853	0.09989327650510965	-0.1375880470837472	-0.1986766277157181	-0.018740661703309035	-0.10561366071523132	-0.14010672371357688	-0.16055496279304163	-0.034322305260729984	0.26249733214953813	0.05626467454433099
ChlorophyllA	0.4291909042834479	0.2251718667371761	0.2317821258593337	0.20095187731359068	0.24891591750396616	0.27181385510312006	0.4821258593336859	0.37181385510312004	0.4307773664727657	0.20153358011634057	0.33733474352194603	0.4636700158646219	0.45600211528291906	0.034214701216287675	0.004600740349021682	0.18212585933368589	-0.04558434690639873	0.08677948175568483	0.20391327340031729	0.188841882601798	0.3130618720253834	0.24304600740349022	0.21073506081438392	0.06520359598096245	0.19994711792702274	0.2751983077736647	0.3542570068746695	-0.08672659968270756	0.041512427287149656	-0.03870967741935484	-0.14727657324167107	-0.071602326811211	-0.10486515071390798	-0.018191433104177684	0.16356425171866737	-0.005129561078794289	-0.06626123744050767	-0.003437334743521946	0.0928609201480698	-0.1337916446324696	0.0016922263352723427	-0.00893707033315706	-0.20560549973558964	-0.19619249074563722	-0.21866737176097303	-0.08952934955050237	-0.12971972501322052	-0.2553146483342147	-0.22379693283976732	-0.37540983606557377	-0.14664198836594394	-0.11475409836065574	-0.33172924378635643	-0.20597567424643046	-0.28852459016393445	-0.38693812797461663	-0.3402432575356954	-0.3784769962982549	-0.37678476996298255	-0.3367530407191962	-0.34627181385510314	-0.34204124801692226	-0.36641988365943945	-0.3933897408778424	-0.3542041248016922	-0.3586991010047594	-0.31258593336858803	-0.29048122686409306	-0.2676890534108937	-0.1891062929666843	-0.19365415124272872	-0.2298783712321523	-0.34436805922792174	-0.3697514542570069	-0.0072448439978847175	0.047170809095716554	0.06583818085668958	0.03987308302485457	0.07905869910100476	-0.25631940772078265	-0.18080380750925437	-0.1597567424643046	-0.12977260708619778	-0.12464304600740349	-0.20851401374933898	-0.1170809095716552	0.028926493918561606	-0.00745637228979376
Fluorescence	0.5879988981666823	0.30137252681761445	0.23810989940090477	0.46069582414371324	0.3744551215023892	0.41986031669235346	0.46733969638778367	0.422064137729411	0.4171703586618274	0.26167133901768136	0.5859247136612165	0.4777106189151131	0.41882322443962056	0.051303657377382905	-0.06721654163025405	0.09469948632767711	-0.1495357391909316	-0.03445090827047254	0.049488745935100255	-0.0019445479738742731	0.246860365283339	0.29398324451689223	0.16107339050258562	0.15148028716480588	0.17355090666827888	0.39869715291002183	0.5033138339044577	-0.13965095365707073	-0.16460598598845722	-0.07924032993537664	-0.0996256745281586	0.07343909514665171	-0.06873977087645555	0.1978901654746052	0.23224384634638404	0.13978059018866235	-0.016107339050258563	0.1181961076786579	0.07204550243204182	-0.2780379511311232	0.005412325193950061	-0.020385344592781966	-0.16010111651564848	-0.3175122750007709	-0.34697217680496617	-0.3414626242123224	-0.3692696602387245	-0.1936769781978776	-0.183014373474467	-0.3637925167789786	-0.257717424804137	-0.15183678762668285	-0.422064137729411	-0.3800943106266246	-0.202719126276393	-0.396266467942679	-0.3991832899034904	-0.4318841049974761	-0.46296446344656655	-0.430555330548662	-0.4163925394722777	-0.39250700852652204	-0.4052113886225006	-0.4258560062784658	-0.4343796082306147	-0.35831537331923274	-0.28500591470417264	-0.3504399540250419	-0.30273371039932645	-0.21905332925693688	-0.2426795871395093	-0.048451653682367306	-0.2156503703026569	-0.27952877124442677	-0.1688191732651848	-0.03973359693283098	0.10011181152162717	-0.02583007891962993	0.06436453793523844	-0.20190889795394537	-0.10808445821451168	-0.08539806518597849	-0.20651099482544782	-0.08066633178288443	-0.23791544460351732	-0.07907828427088712	0.1637633485331117	0.3566949166743375
Mean Flux at 150m	0.14895927601809955	0.1884162895927602	0.006968325791855204	0.10733031674208145	0.23457013574660635	0.3172850678733032	0.272579185520362	0.3195475113122172	0.55710407239819	0.2546606334841629	0.26733031674208146	0.39040723981900455	0.396289592760181	0.20316742081447964	0.2323076923076923	0.4006334841628959	0.19457013574660634	0.29800904977375564	0.463710407239819	0.4643438914027149	0.32416289592760184	0.37402714932126696	0.2541176470588235	0.20823529411764705	0.2702262443438914	0.20995475113122172	0.4982805429864253	-0.10678733031674208	0.1232579185520362	-0.09592760180995476	0.10778280542986425	-0.0730316742081448	-0.09909502262443438	0.02072398190045249	0.2697737556561086	0.07203619909502262	0.12615384615384614	0.0416289592760181	-0.05855203619909502	-0.06253393665158372	0.07746606334841628	0.12199095022624434	0.03239819004524887	-0.007873303167420815	-0.0820814479638009	0.061447963800904976	0.008687782805429865	-0.25610859728506785	-0.33647058823529413	-0.1204524886877828	-0.04986425339366516	-0.23375565610859728	-0.3211764705882353	-0.33918552036199096	-0.25547511312217197	-0.40144796380090497	-0.3630769230769231	-0.41429864253393667	-0.4314027149321267	-0.41203619909502265	-0.4660633484162896	-0.4713122171945701	-0.40479638009049773	-0.46452488687782806	-0.44054298642533934	-0.44588235294117645	-0.37176470588235294	-0.41936651583710405	-0.42380090497737555	-0.2973755656108597	-0.34135746606334844	-0.26760180995475114	-0.386606334841629	-0.3860633484162896	-0.10597285067873304	0.04389140271493212	-0.030497737556561086	-0.2065158371040724	-0.0734841628959276	-0.22705882352941176	-0.2504977375565611	-0.2644343891402715	-0.16597285067873302	-0.2065158371040724	-0.31085972850678734	-0.22787330316742083	-0.07809954751131222	-0.1411764705882353
NPP 8d VGPM (mgC/m2/day)	0.3674909697138094	0.13437065851625452	0.1954987496526813	0.3054181717143651	0.3305918310641845	0.3822728535704362	0.3952764656849125	0.4638510697415949	0.47090858571825506	0.35009724923589886	0.38605168102250625	0.4123367602111698	0.44634620727979996	0.18860794665184774	0.2617949430397333	0.301083634342873	-0.02289524868018894	0.12848013337038067	0.2615170880800222	0.18266185051403167	0.2980272297860517	0.23828841344818005	0.29158099472075577	0.17499305362600723	0.2863573214781884	0.3188107807724368	0.22422895248680189	-0.14159488746874133	0.0739094192831342	-0.05812725757154765	-0.07707696582383995	0.09469297026951931	-0.026118366212836898	0.09886079466518477	0.13559322033898305	0.15732147818838566	0.1972770213948319	0.14648513475965547	-0.0955265351486524	-0.15181994998610726	-0.09480411225340372	0.020505696026674076	0.05451514309530425	-0.10780772436787997	-0.013448180050013893	0.06629619338705196	-0.27174215059738815	-0.3611558766323979	-0.3718255070853015	-0.304306751875521	-0.07874409558210614	-0.34465129202556266	-0.4774103917754932	-0.42650736315643234	-0.4549597110308419	-0.41022506251736596	-0.44012225618227285	-0.544762434009447	-0.564156710197277	-0.45823839955543205	-0.47729924979160876	-0.5036954709641567	-0.5357599333148096	-0.4727979994442901	-0.44995832175604333	-0.45812725757154765	-0.39877743817727146	-0.4196165601555988	-0.3493748263406502	-0.3358710752986941	-0.2973603778827452	-0.02172825784940261	-0.11603223117532648	-0.04984717977215893	-0.25156988052236734	0.0657404834676299	-0.04367879966657405	-0.0945818282856349	-0.12420116699083078	-0.1403723256460128	-0.28085579327591	-0.2657404834676299	-0.23639899972214504	-0.11847735482078355	-0.25684912475687693	-0.11147540983606558	0.16510141706029452	-0.04823562100583496
Carbon.total	0.29055396309026743	0.46294120981076925	0.31827208174490385	0.10706325948179729	0.2215018078453838	0.2796936475940064	0.49673786325808905	0.34096527830425527	0.46237387989678547	0.38675690707580374	0.3529602536284839	0.3860274829006817	0.39218706482393423	0.3242695694070182	0.18065405403855123	0.23957531796229584	0.04781780703577623	-0.024962516215286577	0.11443854836358651	0.15390850095074418	0.39429429021873114	0.31195040556051307	0.2485715494554673	0.03890262267317388	0.29363375405189374	0.5123799594579277	0.22044819514798536	-0.026664505957237933	-0.05016817382228049	0.1731977180261929	-0.03444503049187271	-0.2596750063434357	0.037119585800653415	-0.041090895198539916	0.2313085106442464	0.2881225491731941	0.13859059327318196	0.17676379177123383	0.07577906708211997	0.025286704737563025	-0.09441990711301579	-0.10536126973984594	0.0443327804213044	-0.0945009542435849	-0.14847834320261366	-0.20934473826001698	-0.34671962457466227	-0.18008672412456744	0.06816063680862341	-0.20472505181757758	-0.1684969844531844	-0.3337520836836043	-0.3998865422279999	-0.21842201688375754	-0.34671962457466227	-0.38051627802198207	-0.3439640221353124	-0.4039388987564555	-0.48466184080329133	-0.40077806066426014	-0.42266078591792045	-0.4019127204922277	-0.4344126198504417	-0.2814766844665269	-0.35133931101710164	-0.39802245822491034	-0.33099648124425446	-0.3654415117361272	-0.30635815355124435	-0.3319690468110838	-0.29241804709335706	-0.06240629053821644	-0.3130040182579116	-0.19994327111399995	-0.22587835289611588	0.036065973103254954	-0.007780524534634777	-0.1652550992304199	-0.2624306087827855	-0.31267982973563513	-0.06305466758276934	-0.18875876709546247	-0.2075617013874965	-0.18916400274830802	-0.21210034069936679	-0.22158285497595293	0.07310451177333926	-0.013372776543903522
CO3	0.27167019027484146	0.43325279371791	0.30564784053156147	0.17290848686197524	0.3142555119299305	0.38508003624282694	0.4574146783449109	0.4247961340984597	0.572938689217759	0.40863787375415284	0.46723044397463004	0.4645122319540924	0.49426155240108727	0.3434007852612504	0.2704620960434914	0.38266384778012685	0.06508607671398368	0.16596194503171247	0.24509211718514043	0.22108124433705828	0.4335548172757475	0.3899124131682271	0.3106312292358804	0.19087888855330715	0.46375717305949865	0.45560253699788583	0.39912413168227123	-0.012080942313500454	-0.03896103896103896	0.15478707339172457	0.03820598006644518	-0.11809121111446692	-0.022047719722138325	-0.04696466324373301	0.15554213228631833	0.26155240108728484	0.1505587435819994	0.21851404409543945	0.02159468438538206	0.08396254907882815	-0.00347327091513138	-0.03669586227725763	0.05964965267290849	-0.0946843853820598	-0.14995469646632437	-0.07822410147991543	-0.3743581999395953	-0.3918755662941709	0.014044095439444277	-0.17834491090305044	-0.18755662941709453	-0.3154636061612806	-0.4175475687103594	-0.28057988523104804	-0.4494110540622169	-0.46783449109030506	-0.4601328903654485	-0.5178193899124132	-0.5702204771972214	-0.48686197523406827	-0.5057384475989127	-0.5083056478405316	-0.5161582603443069	-0.3808517064331018	-0.4492600422832981	-0.47191180912111147	-0.44457867713681665	-0.465418302627605	-0.4013893083660526	-0.43068559347629115	-0.325732407127756	-0.20688613711869525	-0.34868619752340685	-0.253397765025672	-0.3434007852612504	0.054817275747508304	-0.14255511929930534	-0.18212020537601933	-0.2792207792207792	-0.30806402899426155	-0.22319540924192088	-0.3012684989429176	-0.19223799456357596	-0.2755964965267291	-0.30640289942615523	-0.30700694654183025	0.08335850196315313	-0.0160072485653881
Nitracline	-0.15524718152577102	-0.03746747621180619	-0.09274356766008816	5.7820179339207085e-05	0.04747036723748902	0.06712922821281943	-0.1420641806364318	-0.015206707166211465	-0.09783174344193839	-0.1557675631398239	0.02781150626215861	-0.06603064480537449	-0.025383058729911912	0.04249783181431721	-0.10679387123951549	-0.2847065630662557	0.05487135019290753	-0.16357328735061685	-0.14668979498356838	-0.020352703127400895	-0.059612604898722506	-0.11708586316189436	0.14079213669096927	0.2604799079231279	0.15241399273814987	0.28193119445797377	-0.004509973988458153	-0.21052327297405302	-0.11806880621066088	-0.24509974021889885	-0.24035848551308386	-0.10870193715770933	0.18242266581519836	0.005377276678546259	-0.23185891915022042	0.14489736942405296	0.10598438872876659	0.11777970531396484	0.14235328153312785	0.05157559997057272	-0.07551315421700446	-0.1428158429678415	0.2970222612655068	-0.07314252686409696	0.024457935860484597	0.1540907779389869	-0.08389708022118948	-0.02781150626215861	-0.00855738654220265	0.03567505065229077	-0.09280138783942737	0.20578201826823803	0.024689216577841427	0.0399537439233921	-0.023359352453039665	0.0775368604938767	-0.057473258263171845	-0.040878866792819414	0.036600173521718085	0.09413125196422914	0.06394911834916304	0.01746169416044054	0.06753396946819387	0.04099450715149783	0.04232437127629959	0.032668401326652004	0.07603353583105732	0.004741254705814981	0.047586007596167434	-0.04376987575977977	-0.09413125196422914	0.047990748851541885	0.16981786671925123	0.07782596139057274	-0.2804856899744936	-0.17577334519118953	-0.06712922821281943	-0.14362532547859042	-0.11431049455361242	-0.03076033540845817	-0.17028042815396488	0.17652500752259923	0.020583983844757722	0.08563168560136569	0.18733738105903097	0.03469210760352425	0.08736629098154192	0.024168834963788563
Residence.time	-0.06705750126783473	-0.0335012229240373	-0.17419534812104195	-0.07559109133065442	-0.012827912804109599	-0.21347739011989258	-0.12693027025697287	-0.010212780365503564	-0.16244101600225483	8.258312964019056e-05	-0.11564390920614684	-0.08643700902339944	0.06826872050255753	-0.1268476871273327	-0.14537383587661543	-0.1439699226727322	-0.10044861335235178	-0.14611708404337714	-0.09557620870358054	0.12112192347227947	-0.12153483912048044	0.046852162215868104	-0.21226617088516977	-0.039006764900050006	0.028738929114786312	0.07041588187320248	-0.22820471490572655	-0.12423255468872665	0.12514096911476874	0.06689233500855435	-0.16651511706450423	-0.13488577841231122	-0.1045777698343613	0.018636259588803	-0.1362621639063144	-0.013901493489432077	-0.11564390920614684	-0.17807675521413088	0.030087786898909424	-0.12701285338661308	0.10892714799541134	0.06009299066817866	0.026178852095940404	-0.02207722332381094	-0.23706863748710702	-0.025380548509418562	-0.06532325554539073	-0.14647494427181798	0.01010266952598331	-0.13766607711019765	0.018113233101081795	-0.11790118141631205	0.08822631016560357	0.12965551353509916	0.051118957247277955	0.1672033098115058	0.1316650363563438	0.11016589494001419	0.09546609786406028	0.06920466263847969	0.11966295484863611	0.06243284600798406	0.09249310519701343	0.1924737474814041	0.09472284969729856	0.12596680041117067	0.11057881058821516	0.05676213777269097	0.12530613537404914	0.0777933081210595	0.049274600685313696	0.11206530692173858	0.03184956033123349	0.10686256975440657	0.0571199980011318	0.029784982090228725	0.0060010407538538466	-0.00891897800114058	0.13315153268986724	0.12037867530551777	0.09805370259278626	0.07437987209593162	0.056872248612211226	-0.03281303017703571	0.044264557487142135	0.1714425771330356	0.12236067041688234	0.05728516426041218
Okubo.Weiss	0.09935710111046171	-0.015780245470485097	0.18930450029222676	0.10356516656925774	-0.11531268264172999	-0.051548801870251314	0.15680888369374635	-0.020338983050847456	-0.04558737580362361	-0.1200467562828755	-0.06680303915838691	-0.15780245470485096	-0.03851548801870251	0.04465225014611338	0.036937463471654004	-0.03828170660432496	-0.01952074810052601	-0.17089421390999415	-0.032144944476914086	-0.11157218001168907	0.02402104032729398	-0.1288720046756283	-0.010987726475745179	-0.16037405026300408	-0.07475160724722385	0.0015195791934541204	-0.210812390414962	0.04915254237288136	-0.055639976621858565	-0.20005844535359438	-0.12156633547632963	-0.21876095850379895	-0.06715371127995325	-0.1343074225599065	-0.0043249561659848045	0.13565166569257744	0.13904149620105202	0.08445353594389246	0.11455289304500292	0.1254821741671537	-0.19310344827586207	-0.017942723553477497	0.027177089421391	-0.2540035067212157	0.1636469900642899	-0.0031560490940970194	0.02565751022793688	0.05295149035651666	0.058270017533606076	-0.0026884862653419055	0.007597895967270602	0.2413208649912332	0.023378141437755698	0.049970777323202806	-0.0001168907071887785	0.021332554061952076	0.045236703682057275	0.08194038573933372	0.06984219754529515	0.1038573933372297	0.10151957919345413	0.11542957334891876	0.08573933372296902	0.0018118059614260667	0.055523085914669784	0.05943892460549386	0.08012857977790766	0.09333722969023962	0.0962010520163647	0.020748100526008183	0.13331385154880188	0.08363530099357101	-0.014611338398597311	-0.04044418468731736	-0.03898305084745763	0.08305084745762711	-0.03109292811221508	0.048158971361776735	-0.08509643483343074	-0.09444769140853303	0.007597895967270602	-0.02887200467562829	0.057685563997662184	-0.10824079485680889	-0.021917007597895968	-0.01712448860315605	-0.09877264757451783	0.034599649327878436
Depth.Min.O2	-0.02414790206630413	-0.11917066573867797	-0.006029285101905236	-0.12501538088848407	-0.19130675535075847	-0.15091669749973002	-0.1369201427988786	-0.11154177438524686	-0.146702350260133	-0.04555801650980436	-0.1979820352850107	-0.3630183341203249	-0.24627783941761897	-0.01433493294636653	0.023102005671075673	-0.09240802268430269	-0.18247815930868294	-0.24744678244758017	-0.12695336538552504	-0.17081949066775395	0.0828411468338306	-0.21431647604578458	-0.10400516800786531	-0.11274147907389127	-0.09674541655863247	0.21905377148299585	-0.13818137080488938	-0.24889258040569012	-0.02805463271906926	-0.2191768181177286	0.02919281409034729	-0.012643041718791081	0.07976498096551161	-0.048941798964955256	-0.2152085641475971	0.20373446545876722	-0.015503875976327748	-0.016026824173941977	-0.04238956566543579	0.12658422548132675	-0.0454349698750716	0.07250522951627877	0.25006152343565136	-0.011566383664879432	0.09136212628907424	0.0	-0.10920388832532442	0.07841146798345125	0.20299618565037067	0.06186169561189504	0.21542389575837942	0.15119355242787874	0.06773717242038434	0.0386674049647698	-0.07628891353431115	0.14713301348169766	0.047957425887093175	0.12916820481071473	0.09736064973229629	0.11667897138533959	0.10335917317551832	0.06595299621675932	0.10920388832532442	0.1077273287085313	0.13061400276882465	0.08699397075606126	0.16156023140411377	0.07539682543249863	0.12366186790642371	0.06878306881561279	0.14510274400860712	0.12947582139754663	0.08973175837886517	0.3468069399942838	-0.02716254461725675	0.10969607486425546	0.2627045651544424	0.024270948701036892	0.11455641693619947	0.05118740004882812	-0.05487879909081092	0.10203642185214115	0.10495877942704421	0.03199212503051758	0.18592346508120022	0.1489171896853227	0.18269349091946527	-0.04146671590494009
Alkalinity.total	0.2662562721134406	0.03732204970376263	0.03539823270872332	0.07310504581149381	0.05463640265911643	-0.0934975059589105	0.09311274255990265	0.2574067139362598	0.00884955817718083	0.13659100664779106	0.131204319061681	0.06540977783133657	-0.007310504581149381	0.1881493021148446	-0.006156214384125795	-0.11542901970235865	-0.10465564453013851	-0.1666025517704043	-0.15198154260810556	-0.10311659093410706	0.1708349491594908	-0.09234321576188692	-0.11465949290434292	0.028087728127573937	0.03886110329979408	0.186995011917821	0.3051173754132347	0.22316277142456006	0.0007695267980157243	0.09426703275692623	0.14736438182001121	-0.03886110329979408	-0.046556371279951325	-0.08926510856982402	0.1596768105882628	0.17352829295254585	-0.16390920797734929	0.012697192167259452	-0.1027318275350992	0.0019238169950393108	-0.032704888915668286	0.3720662068406027	0.05117353206804567	-0.1354367164507675	-0.1912274093069075	-0.07656791640256458	-0.2146979766463871	-0.3328203401418008	-0.015005772561306625	0.06848788502339946	0.24355523157197675	-0.23970759758189814	-0.1250481046775552	0.06733359482637588	-0.33205081334378506	-0.20161602108011978	-0.12158523408648444	-0.08926510856982402	-0.22085419103051288	-0.18737977531682887	-0.15236630600711343	-0.1331281360567203	-0.2166217936414264	-0.14621009162298762	-0.16968065896246723	-0.12273952428350804	-0.14274722103191687	-0.048480188274990635	-0.05925356344721078	-0.08272413078669037	-0.20084649428210405	0.09772990334799699	0.07002693861943092	0.15775299359322348	-0.048480188274990635	0.04617160788094346	0.1119661491112879	0.03693728630475477	-0.08349365758470609	-0.07772220659958816	0.08964987196883188	-0.21085034265630848	-0.240092360980906	0.16121586418429426	-0.03039630852162111	0.05309734906308498	0.19276646290293895	0.11042709551525644
Si	0.04942751169166264	0.03193033381712627	0.10917593936461861	-0.15062086760199966	-0.006369940332204483	-0.04378326076439284	0.1726334462183519	0.10256410256410256	0.098451862602806	0.09893565553942912	-0.15594258990485405	0.06982744718593775	0.07514916948879213	0.036768263183357526	-0.07442348008385745	0.08853410740203194	0.12231898080954685	0.2727785840993388	0.2238348653442993	0.02967263344621835	0.24600870827285923	-0.01128850185453959	0.10498306724721819	0.019996774713755845	0.14666989195291083	0.14497661667472989	0.05990969198516368	0.19343654249314626	-0.13554265441057894	-0.06845670053217223	0.00822447992259313	-0.1952910820835349	-0.06047411707789066	-0.14537977745524916	0.0660377358490566	0.04233188195452346	-0.08442186744073536	0.10748266408643767	0.09603289791969037	0.13538139009837122	0.10893404289630705	0.056523141428801806	-0.06708595387840671	0.0706337687469763	-0.04741170778906628	0.09103370424125141	0.03959038864699242	-0.3369617803580068	0.006934365424931463	0.08313175294307369	0.15779712949524272	0.18964683115626513	0.0429769392033543	0.037413320432188354	-0.19738751814223512	-0.1643283341396549	-0.13836477987421383	0.009595226576358652	-0.02427027898726012	-0.05079825834542816	-0.05620061280438639	-0.08176100628930817	-0.08337364941138527	-0.052491533623609095	-0.06063538139009837	-0.1523141428801806	-0.15578132559264635	-0.0878890501532011	-0.07402031930333818	-0.11820674084825028	-0.014675052410901468	-0.3166424770198355	-0.30043541364296084	-0.19835510401548137	-0.02507660054829866	-0.12175455571681987	-0.07256894049346879	-0.10216094178358329	0.03313981615868408	-0.17392356071601356	-0.20811159490404774	-0.12360909530720851	-0.022657635865183035	-0.15505563618771165	-0.18795355587808418	-0.12086760199967747	0.14102564102564102	-0.17706821480406387
PO4	0.1789246984258334	0.02611065582055728	0.11534429855913332	0.08397339382874115	-0.036745506877397395	0.03971869104382582	0.22672435156302875	0.01722922106699546	-0.019973698759083232	-0.10051649547271467	0.10185061657303511	0.07581619624392472	0.08759457967246807	-0.1738550382446157	0.021040995639339588	0.13501305535242902	-0.1635251291535631	-0.003659303589450363	-0.029503135189943554	-0.07509195907517933	0.2130019631025899	-0.019440050318955054	-0.02496712344885404	-0.08984352667015111	-0.01871581315020967	0.10478568299374008	0.16764184569169477	-0.17152985575548577	-0.010329909091052587	-0.19447673868099744	-0.18323200369258225	-0.0023633002348533595	-0.026301244549174485	-0.04936248071185646	-0.00011435323717032385	-0.15117497953916814	-0.19581085978131788	-0.15491051862006538	0.28500638477417045	0.025767596109046307	-0.11320970479862061	0.10333720865624932	-0.21631820698052928	-0.11244734988415178	-0.2608397339855087	-0.1602851207670706	-0.11054146259797973	-0.03899445387508043	-0.08195315330539876	-0.030379843341582703	-0.05912062361705743	0.11366711774730191	-0.04059539919546497	0.0433017591418293	-0.012769444817352829	-0.06563875813576589	-0.06662981952457536	-0.09026282187310895	-0.004955306944047367	0.04455964475070286	0.02820713183534655	0.010749204294010443	-0.016466866152526634	-0.07619737370115913	-0.04261563971880736	0.002172711506236153	-0.010329909091052587	-0.006861194230219431	0.060340391480207554	0.1012026148957366	0.08343974538861297	-0.14667708554380207	-0.22485658202258013	-0.17698069339393788	0.21479349715159163	0.2724656464311583	0.1576168785664297	0.1040614458249947	0.10284167796184458	0.01745792754133611	-0.02637748004062137	0.11656406642228344	0.039032571620803876	0.04848577256021731	0.042806228447424564	0.09293106407374985	0.19337132405501764	0.07006041663968508
Ammonium.5m	0.206081438392385	-0.12289793759915389	-0.014701216287678478	0.07768376520359598	0.010047593865679535	0.10676890534108938	0.17123215230037017	0.060655737704918035	0.09508196721311475	-0.01343204653622422	0.14225277630883132	0.16129032258064516	0.15864621893178213	0.02617662612374405	0.06176626123744051	0.2004230565838181	-0.08376520359598097	0.09434161819143311	0.098783712321523	-0.06589106292966684	0.12781597038603915	0.053516657852987835	0.1881544156530936	-0.10988894764674775	0.013273400317292438	0.0884188260179799	0.13421470121628767	-0.10819672131147541	0.030988894764674774	-0.250502379693284	0.13072448439978848	0.07911158117398202	-0.1797990481226864	0.12152300370174511	0.10809095716552089	-0.01935483870967742	-0.16573241671073505	-0.0165520888418826	0.14584875727128505	-0.005605499735589635	-0.054732945531464836	0.08350079323109466	-0.12374405076679006	-0.26361713379164464	-0.16858804865150714	-0.006768905341089371	0.07197250132205182	-0.011792702273929138	-0.2365943945002644	-0.23437334743521945	-0.08180856689582232	0.016710735060814386	-0.20666314119513485	-0.06959280803807509	-0.03172924378635643	-0.1654151242728715	-0.11697514542570069	-0.14426229508196722	-0.09873083024854575	-0.09074563722897938	-0.1039132734003173	-0.09524061343204654	-0.16790058170280275	-0.19814912744579588	-0.15013220518244316	-0.12263352723426758	-0.15071390798519302	-0.12416710735060814	-0.07964040190375463	-0.05314648334214701	-0.05166578529878371	0.015970386039132735	-0.10936012691697515	-0.2297726070861978	0.18968799576943415	0.09841353781068218	0.043204653622422	0.0842411422527763	0.13844526705446852	-0.004918032786885246	0.00814383923849815	-0.14034902168164992	-0.2216816499206769	0.040560549973558964	0.011581173982020096	-0.08212585933368588	0.1810153358011634	0.016816499206768906
Brunt.Väisälä	0.08092027044159021	0.2265767572364526	0.04791749347717695	0.06071664736401671	0.04291947677343167	-0.11971440009447024	0.005368240163281965	0.21991273496479224	0.007589580920502089	0.2621975429504467	-0.08092027044159021	-0.047653048148936464	0.03226233004533989	0.23493322960885213	-0.044982150333707505	-0.14020891303310828	-0.0828507213377458	0.004046013522079511	-0.08687029032700126	-0.17334391266164179	0.1934946466735672	-0.1852439524324639	0.13534311899348325	0.04397725808639364	0.35107761777207575	0.45833664290641885	-0.13975935597509945	-0.03369033481783854	-0.07481158335923488	-0.34245670007143575	-0.18775618305074854	-0.005870686286938898	-0.2320243309982067	-0.027026312546178172	-0.13010710149432153	0.4013751192034171	0.14198069673231956	0.24484992941787054	-0.08330027839575463	0.07912204220955488	-0.04670104496727069	-0.0012957821083784055	0.558614311375213	-0.12867909672182287	0.12077218140743219	0.2884569640447275	-0.2822160542982519	-0.1742165822448354	0.009414253685361477	-0.2017982299803186	0.026338754692752896	0.02065318013558234	0.004178236186199756	0.0349067833277448	-0.3169112813634043	-0.07933359847214727	-0.2009784494627731	-0.05997620044494334	-0.1179161718624349	-0.10033055753444226	-0.11794261639525895	-0.1297104335019608	-0.09020230146283145	-0.04868438492907438	-0.13849001839954508	-0.10501123984429894	-0.0946978720429198	-0.09350786806583758	-0.11897395317539686	-0.3073119159482745	-0.27195557556252087	0.0422319189200064	0.10670368994503808	0.12947243270654435	-0.3537749601201287	-0.22734364868835003	0.06653444458530751	-0.07571069747525255	-0.14882983073374828	-0.14806293928185085	-0.27616025628154467	-0.14917360966046092	-0.26775089484349707	-0.14441359375213209	-0.039693243768897685	-0.10421790385957747	0.11929128756928545	-0.21549649798317605
Longitude	-0.13611845584346907	-0.06282390269698572	0.16160761501850873	-0.12295081967213115	0.06240084611316764	-0.05637228979375992	-0.015388683236382867	-0.019725013220518246	0.018191433104177684	0.04558434690639873	-0.23548387096774193	-0.014489687995769435	-0.020253833950290852	0.23611845584346908	0.3030671602326811	0.21274457958751983	0.3019037546271814	0.22295081967213115	0.15970386039132733	0.0898995240613432	0.08286620835536752	0.053305129561078794	0.17265996827075622	0.039978847170809094	0.07350608143839238	-0.18540454785827604	-0.3635113696456901	0.31655208884188263	0.11179270227392914	0.22258064516129034	0.2083553675304072	0.19333685880486515	-0.05658381808566896	-0.14410364886303542	0.14167107350608144	0.04843997884717081	0.2900052882072977	0.2054997355896351	-0.23442622950819672	-0.02686409307244844	-0.1496562665256478	-0.1277102062400846	0.13839238498149128	0.17313590692755157	0.2683765203595981	0.2118455843469064	0.04383923849814913	0.07361184558434691	-0.0520888418826018	0.11676361713379164	0.08133262823902697	-0.14262295081967213	-0.09381279746166049	-0.08365943945002643	-0.05684822845055526	-0.048016922263352725	-0.007297726070861978	-0.052670544685351664	-0.07630883130618721	-0.13670015864621893	-0.12691697514542571	-0.10877842411422528	-0.114806980433633	-0.05579058699101005	-0.06869381279746166	-0.09413008989952407	-0.16853516657852988	-0.14436805922792173	-0.13172924378635642	-0.18556319407720784	-0.09566367001586462	0.18127974616604972	0.05838180856689582	0.17895293495505024	0.014648334214701216	-0.06329984135378107	-0.07710206240084612	-0.1845055526176626	-0.30507667900581703	0.041195134849286094	0.13352723426758328	-0.2738762559492332	-0.25859333685880487	-0.1960867265996827	-0.18096245372818615	-0.1686409307244844	-0.09243786356425172	-0.2641988365943945
Iron.5m	-0.27186673717609733	-0.05156002115282919	0.071602326811211	-0.042781597038603916	0.11189846641988366	0.08302485457429931	-0.030671602326811213	0.015230037017451084	0.09619249074563722	0.1341618191433104	-0.07371760973030143	0.08265468006345848	-0.01961924907456372	0.22236911686938127	0.1928609201480698	0.13521946060285564	0.3001586462189318	0.17355896351136965	0.1757800105764146	0.1686409307244844	-0.03141195134849286	0.10898995240613432	0.22712850343733473	0.15081967213114755	0.08059227921734533	-0.15875198307773664	-0.18831306187202537	0.25573770491803277	0.06668429402432575	0.37657324167107353	0.2748281332628239	0.18593336858804865	0.10285563194077207	0.01565309360126917	0.0849286092014807	0.027181385510312003	0.37123215230037016	0.2865679534637758	-0.23056583818085669	-0.06641988365943945	-0.030936012691697514	-0.09862506610259122	0.15510312004230567	0.18027498677948176	0.19127445795875198	0.16441036488630353	0.1331041776837652	0.06329984135378107	-0.0417239555790587	0.13918561607615018	-0.015282919090428344	-0.21967213114754097	-0.11216287678476997	-0.14357482813326283	-0.06208355367530407	-0.09106292966684294	-0.053939714436805924	-0.09397144368059228	-0.1418297197250132	-0.19164463246959282	-0.18069804336329984	-0.16107879428873612	-0.16604970914859862	-0.05896351136964569	-0.0946060285563194	-0.13950290851401376	-0.20158646218931783	-0.20507667900581703	-0.1904283447911158	-0.22406134320465362	-0.165520888418826	0.14357482813326283	0.13664727657324166	0.18688524590163935	-0.11702802749867795	-0.24621893178212587	-0.1355367530407192	-0.25901639344262295	-0.3101004759386568	-0.012321523003701745	0.06536224219989424	-0.20803807509254363	-0.20544685351665784	-0.12374405076679006	-0.1737704918032787	-0.19682707562136437	-0.08159703860391328	-0.1474881015335801
Latitude	-0.2215230037017451	0.04611316763617134	-0.0224748810153358	0.07080909571655208	0.040719196192490745	0.10248545742993126	0.0701216287678477	0.1264939185616076	0.17514542570068747	0.24563722897937598	-0.009254362771020624	0.1818085668958223	0.006187202538339503	0.08122686409307245	0.030777366472765733	0.09048122686409307	0.26092014806980435	0.07964040190375463	0.17049180327868851	0.2263881544156531	0.017609730301427817	0.21618191433104178	0.1757800105764146	0.1026969857218403	0.0925965097831835	-0.03648863035430989	0.1690639873083025	-0.034690639873083025	-0.0026441036488630354	0.21797990481226864	0.2052353252247488	0.020782654680063458	0.19048122686409308	0.0651507139079852	-0.13595980962453727	0.01649920676890534	0.2474881015335801	0.14235854045478583	-0.11734531993654151	0.013696456901110524	0.23146483342147012	0.2006874669487044	0.08529878371232152	0.11671073506081438	0.048016922263352725	0.07049180327868852	0.1263881544156531	-0.0935483870967742	-0.1212585933368588	-0.04447382337387626	-0.036118455843469066	-0.17017451084082497	-0.06282390269698572	-0.08392384981491274	-0.1850872554204125	-0.14505552617662612	-0.06240084611316764	-0.09122157588577472	-0.15917503966155475	-0.17086197778952936	-0.17974616604970914	-0.1774193548387097	-0.17392913802221047	-0.03632998413537811	-0.12659968270756214	-0.17382337387625596	-0.22712850343733473	-0.17895293495505024	-0.1850872554204125	-0.1907456372289794	-0.1550502379693284	-0.04336329984135378	0.02913802221047065	-0.008514013749338974	-0.2487572712850344	-0.21771549444738234	-0.07641459545214173	-0.18915917503966156	-0.1014806980433633	-0.0896351136964569	-0.11263881544156532	-0.10840824960338445	-0.023479640401903756	-0.0562665256478054	-0.14706504494976202	-0.14436805922792173	-0.03680592279217346	-0.05076679005817028
Salinity	-0.23844526705446853	0.0057112638815441565	0.011316763617133793	0.04769962982548916	0.11930195663670017	0.11544156530936013	0.02548915917503966	0.11057641459545214	0.11570597567424643	0.2646218931782126	0.03791644632469593	0.14098360655737704	0.03590692755156002	0.12496033844526705	0.07514542570068747	-0.07578001057641459	0.09888947646747752	-0.013907985193019567	0.05002644103648863	0.08408249603384453	-0.11893178212585934	0.014436805922792173	0.26684294024325755	0.2288207297726071	0.16171337916446324	0.03918561607615018	-0.12559492332099417	0.10449497620306716	0.11232152300370174	0.07831835007932311	0.016234796404019036	0.19820200951877315	0.21909042834479112	0.0612374405076679	-0.02829190904283448	-0.0014278159703860391	0.35224748810153356	0.22215758857747223	-0.10015864621893178	-0.02384981491274458	-0.012374405076679007	-0.1304071919619249	0.30978318350079326	0.1898995240613432	0.14167107350608144	0.2765732416710735	0.09471179270227392	-0.02014806980433633	-0.1041776837652036	-0.06261237440507668	-0.13384452670544686	-0.29349550502379695	-0.0780539397144368	-0.08942358540454785	-0.21877313590692754	-0.11972501322051825	-0.14151242728714966	-0.15711263881544157	-0.16023268112109995	-0.13976731887890007	-0.17477525118984663	-0.1452141723955579	-0.1641988365943945	-0.08302485457429931	-0.07741935483870968	-0.1277102062400846	-0.15081967213114755	-0.18524590163934426	-0.14759386567953464	-0.2044420941300899	-0.18942358540454785	0.09952406134320466	0.254151242728715	0.18376520359598097	-0.2325753569539926	-0.28164992067689054	-0.113590692755156	-0.11835007932310947	-0.25875198307773667	-0.06599682707562136	-0.158011634056055	-0.12406134320465362	-0.19492332099418297	-0.006187202538339503	-0.041882601797990485	-0.0940772078265468	0.008461131676361713	-0.05690111052353252
