	NagR	PdhR	LldR	NrdR	VanR	HutC	ModE	NadQ	PhnF	KdgR	MetR	NagC	FUR	SahR_SamR	IscR	NsrR	NrtR	Phr	Zur	ArgR	MntR	RbkR	ThiR	GulR	AraR	CzrA	Irr	CcpA	BirA	PhrR	XylR	AgaR	GguR	SiaR	HrcA	LiuR	NtrC	GntR	NnrR	FabR	PurR	SdaR	BioQ	PhsR	LexA	PhnR	NmlR	FixJ	RbsR	ZntR	CsoR	PdxR	CueR	PaaR	AcnR	MerR	NifA	FadP	FruR	FadR	NorR	NarP	HypR	Rex	LiuQ	PsrA	HisR	SoxR	HexR	TrpR	TyrR	CblR	NiaR	NikR	RutR	DasR	LtbR	GlcC	TtrR	MetJ	FnrN_FixK	HcpR	PrpR	QorR	CadR-PbrR	ExuR_UxuR	AmtR	NagQ
Temperature	0.40877296262475027	0.31359192698314103	0.2466335389906875	0.23005733992796584	0.3569931998646462	0.18565713782442023	0.38645813536302154	0.3645419527096245	0.4657235167871099	0.6223954832638795	0.6302594434735852	0.5921147169391511	0.6148189180043665	0.627042474192397	0.42204411976025696	0.4979047981050475	0.4761392660303804	0.4119134477659678	0.5070597178894086	0.4756293717639097	0.4663910147359443	0.5044175385086056	0.5100402816470512	0.6002104472699797	0.4284201157923525	0.4901706291631708	0.54971932638332	0.3686326953474466	0.32959797154789994	0.3862078236322086	0.3927066578284994	0.771256796658802	0.6305028021007644	0.6177021383111375	-0.6804817110197422	-0.6557726984068122	-0.6930876879076256	-0.6636876480431648	-0.5827627925518354	-0.5483263879553704	-0.544293587847829	-0.2473242139516342	-0.27466613514052224	-0.42142065813443597	-0.5069415151276359	-0.4185698856446222	-0.40476102182811	-0.3450106846025838	-0.36631731183742716	-0.4491403646207546	-0.5683536441216144	-0.4926273924470753	-0.4881588645118226	-0.5067723229392159	-0.4309139622956367	-0.284400480227691	-0.23806731531397898	-0.394641938339877	-0.3195855023153835	-0.15306098798967233	-0.2192707584908984	-0.4358066295525446	-0.054996732041292164	0.01746156092541174	-0.0563757642619744	-0.10225002433586272	-0.1819789460021972	-0.18329076488775373	0.017343358163638977	-0.1385405899013123	-0.13969016970208267	0.05766904153784111	0.1859190380612893	0.03590350946317405	0.07801845817244624	-0.051953590350946315	0.04673180952204366	-0.1086376088740144	0.08321474428802536	0.059432812159587636	-0.059585780439528856	-0.04743175528783531	-0.2392099420111157	-0.4503548400554394	-0.1627675206623063	-0.06823544135984165	-0.1528014054540145	-0.21844333915848904
Salinity	0.3034751611961192	0.34018754838201276	0.23355243335450168	0.0844199489178653	0.17275449518149918	0.23743921828573547	0.32420931623178867	0.2482003050094794	0.3800496915139688	0.29189360824359967	0.35564429775971	0.32333786057636593	0.3362335501156533	0.4183705633404564	0.2644960622256421	0.3491500989658417	0.24857345490448754	0.23304485678924217	0.26438944796992553	0.2483208254724634	0.242378239566868	0.31108185657137827	0.27005390973017324	0.3089240767437225	0.3499149403655478	0.342380093727837	0.3008793358395409	0.11479805869346547	0.14235784379620917	0.17151684273470202	0.18799106294412948	0.47144823877884956	0.5515989820656281	0.39322350519860383	-0.37845047767821965	-0.5136095415123464	-0.42887670293096497	-0.4154618483203619	-0.3240772072627485	-0.4160041904037899	-0.4923399974968827	-0.17650917114369283	-0.12339441248591997	-0.20519072363267218	-0.39602097056055924	-0.3035771400494134	-0.26977578558482557	-0.24197959495853633	-0.2502190227644613	-0.3114619595700201	-0.3430197792621366	-0.363582424408175	-0.24773676476723328	-0.2791369807769862	-0.3524226930760994	-0.15231468819965605	-0.15726066258442226	-0.14780675934381243	-0.0960640798030881	-0.013419490013025481	-0.21850591709119227	-0.20588371629483013	-0.2514589929124697	-0.020720248828402038	-0.18000426457022867	-0.21454033031877662	-0.2148648084883489	-0.2765087076034506	-0.1079121683948992	0.005499904974250339	-0.10641029801002173	-0.024090186389531407	0.22064515530915815	0.1209700970189727	0.04535741270378388	0.07499617579300147	0.1675605267671313	0.08384052361505764	0.13139511706708817	0.04408499473881825	-0.04973323259058735	-0.1591380005655191	-0.1789265335070064	-0.223989598156964	0.1006531282013248	0.021220872290027858	-0.03198659441619424	-0.08538411262173726
NO3	-0.1988282198533955	-0.20575567049445995	-0.1129983339007251	-0.22928885924649944	-0.23182567215731179	-0.2786150775321705	-0.4466112635464623	-0.3878994669728974	-0.46584823688502924	-0.5329195559041494	-0.5054898728796712	-0.5035416257434517	-0.47054102602897613	-0.4970453703490142	-0.365417513347671	-0.5169244154416825	-0.5309933406418452	-0.5426356123007718	-0.4207804650861188	-0.4755139347127026	-0.4593866030067443	-0.45571986970513584	-0.4966425017974212	-0.4714317432172639	-0.29779539748066974	-0.4509515427077653	-0.46653751979752045	-0.3414562767595639	-0.477698237640871	-0.4049993485416858	-0.43826118333258496	-0.33068898523612844	-0.4610515831926248	-0.38523046281859363	0.32771468225757056	0.4136578749903765	0.41119345252242856	0.5266813881755762	0.4456607455575475	0.22339375926889213	0.31695998037637235	-0.0006200398801861413	0.2290213293489572	0.242737744566476	0.35898105875386055	0.34348635657032567	0.33769826855173524	0.45648154306049143	0.4955094339960658	0.3090348005880033	0.4242740908069646	0.4404486336713127	0.45731875426927066	0.5184666466157496	0.502100111707283	0.45237102487001885	0.3890042080792189	0.493989234695914	0.4838986364427324	0.5021567650973507	0.09829677917813898	-0.004796653692404463	-0.1653051499860727	-0.15191606546672326	-0.12946558594709	-0.24640133045752508	-0.032424623582119935	-0.15382969108679012	-0.3604949632328937	-0.2892564726332332	-0.4061733326803123	0.025456256603784318	-0.1987967457478023	-0.11753375251670595	0.20617112868829027	0.29826750906456784	0.2367073059348179	0.33202663472383964	0.148535746526013	0.057326935927463844	0.17558774028337285	0.222518779133401	0.30178316665932886	0.32151428345570915	0.14761985005325073	0.11911375261748484	0.18513698392035127	0.037831874923032575
Fluorescence	-0.3585305154140381	-0.36010983113911527	-0.35622071515462284	-0.36673452328478795	-0.24923941868718386	-0.3465911061814777	-0.48764943816046624	-0.5229711540238208	-0.5998937600717672	-0.6798416875431172	-0.6862718558742454	-0.6575476260286552	-0.6565736466495379	-0.6973991621887429	-0.520967422703374	-0.6329097565948927	-0.6048983273005002	-0.5573746630702701	-0.5749307774095004	-0.579868689624858	-0.5850242508634821	-0.6178470838784588	-0.6209934725710544	-0.5934894375621518	-0.5101829136005213	-0.5515457501659153	-0.5798822926888122	-0.2673246922142307	-0.4516761355337077	-0.41133896999045677	-0.4499703113138569	-0.6980983596759864	-0.5991224663455667	-0.685837918134108	0.612499719438081	0.6806510698483893	0.6914899912070587	0.6896168493005718	0.6191856253715474	0.5270847205635568	0.5921005647324327	0.16527722704296316	0.33076394127082026	0.3022029481926799	0.4422097633280124	0.48325292789048385	0.4632577841842739	0.462043030573168	0.47465171055227273	0.46799437105311004	0.5192180686788699	0.5840951615954134	0.538971077846696	0.539517921017653	0.5723543570965837	0.3763396467428156	0.33972427949742107	0.47390762295398053	0.4513904711906705	0.4269022354604036	0.2591519713905754	0.19745255421372207	0.10753630147676844	-0.20256866656687914	0.05388309662879682	0.0462708220400526	0.04760392230755964	0.08381799916630667	-0.17192368409096248	-0.1022447095986028	-0.04148934506016771	0.0761825993688404	-0.23507046727253772	-0.08682699691296539	0.048085470771536666	0.1727589122177475	0.0453743801254739	0.25451604719499993	0.04182125982064905	0.0044482019130081445	0.2541569263066103	0.19700637371602583	0.33680506197285975	0.44121265874017296	-0.009775161757454595	0.028794965778151802	0.1152410769004009	0.11123769517869357
Oxygen	-0.21256196728745608	-0.12098951838148145	-0.04809486019355437	0.0896683397404846	-0.08271151329011513	0.19979490244983356	0.13189627629422737	0.19513125212569696	0.035211848248425694	0.005374792583507684	-0.037368464448040234	0.006255990600554485	-0.0458351798983788	-0.061774042276892	-0.0447633133045441	0.07806589918270172	0.14766250631267586	0.1970971997485236	0.021594504622424685	0.10551959763777093	0.08788275428488977	0.03907932843435333	0.07680594061446813	-0.07881053727313016	-0.025129603100167996	0.08908345099817576	0.027435662238346026	-0.029661846702464262	0.274931204716213	0.12506312675853112	0.12639265359126842	-0.3476274645201851	-0.2802956908901646	-0.1507106269388933	0.3126990425345522	0.2177022890535624	0.2214563987343729	0.11629752543106558	0.07367021550702382	0.3866166118709225	0.14911571006008636	0.20209580838323354	-0.06245426530759479	0.2973837179341833	0.10387057210879445	-0.056352870850381855	-0.025052305028497222	-0.17343368340771126	-0.19221969142609788	0.055706143650736395	0.036801611922454576	-0.06789089634843909	-0.05612870644253661	-0.096614859781298	-0.13444711265936285	-0.3006869221969143	-0.26844331990064624	-0.1606125099199192	-0.194432992878271	-0.35201026518391787	0.17149350180877487	0.47406649695445596	0.19048821462067259	0.25920362373359995	0.109832830037	0.35497851113607554	0.3837050511713234	0.33087954899151784	0.4307795768188236	0.47473383697321364	0.4541854329207334	-0.20251064136786667	-0.010682593504900698	0.06789347295082812	-0.29933162934028673	-0.3138971626454492	-0.2738155358817649	-0.40982922279365536	-0.4008111144320653	0.03917981592752533	-0.21117833180454926	-0.20773599101281087	-0.05007111422593711	0.04163274140187783	0.08571067847094108	-0.012764488235233492	-0.08461819905799417	0.24533892627825243
FluxAttenuation	0.051046865991733005	0.12118363932894584	0.012737408466508617	0.01568678294603097	0.0799248073241991	0.22204576438689702	0.09917676821250984	0.19644130461961506	0.09671355436148019	0.3873403780744134	0.34847993850356396	0.381311986281104	0.3578790439877561	0.24389058196050212	0.2176379080218966	0.2635638820601732	0.29007584166730815	0.26784209559090894	0.3428404752130487	0.33178842359198146	0.3688338634831248	0.3382381545966512	0.3009658397455446	0.16331756046497944	0.33269592343183446	0.23108835207686115	0.038633564610886184	0.29412718023808065	0.4009528756722089	0.15284890159810338	0.21737862235336713	0.1626045248765235	-0.16604005998453852	0.1864912170897979	-0.2536786159474884	-0.07191936230835272	-0.2546185264959076	-0.20729889198928528	-0.32825565635826787	-0.1166137294211145	0.014131068934854343	-0.22042522895858804	-0.2278472812202432	-0.2595449541979669	0.08271212826089056	-0.14306086761111714	0.008070266432978741	0.005963570376177062	-0.23663058324167788	-0.03263758352614294	0.051338562368828625	0.026447138190002623	-0.29775717959749276	-0.2854735210509107	-0.3087119990928615	-0.3021650359624932	-0.23193103049958183	-0.3089388740528248	-0.3300706560379739	-0.16937836296685505	-0.23426460151634676	0.01241330138084682	0.15631684741468463	0.34549815331547545	0.21575808692505816	0.3252414604616131	0.16616970281880325	0.09924158962964219	0.19294094809446766	0.2024696964129245	0.23455629789344237	0.3231995858219438	-0.013547676180663108	0.14011149313159477	-0.13790756494909456	-0.25179879485065	-0.29334932323249235	-0.30722110649881723	-0.1751798798002012	-0.025377584807318693	-0.1762818438914513	-0.16902184517262706	-0.0018474103882722421	-0.08387891376927302	-0.2720230769959461	-0.02268749599632578	-0.09178712665942086	0.057529007704968944
Ammonium.5m	0.1572278577436883	0.031083981664714287	-0.013352170044337397	-0.015454490716191233	0.0881166732758494	0.01899969409833064	0.1332817994626277	0.06599594854394523	-0.0441672771799061	0.08665988326233216	0.09603108775660454	0.0707916502749988	0.1553839811235563	0.11141720089857342	0.0026331160785291697	0.051372419195846175	0.0705065505587496	0.005720537395959499	0.1033335808951663	0.12167963174160853	0.10366503828885439	0.08602710096529126	0.06891184645485166	0.24393525762539534	0.13364686617245897	0.13720365897395811	0.0731048983791996	0.11735330149462377	0.05697126768852858	0.07065025935881018	0.05838865367622276	0.18782740167916614	0.06485670862088441	0.1325725269978126	-0.16265750071371873	-0.07084496160405353	-0.10839352138762157	-0.10223026817212062	-0.09319052107153633	-0.006994214583593107	-0.18002772245007226	0.03706528099626757	-0.20002526555527508	-0.20335142891151572	-0.10420858205682543	-0.15090582948295916	-0.08153156519565453	-0.03779077864818625	-0.0626489242328571	-0.06545240477597421	-0.13194669835238754	-0.11260743426681702	-0.0804688154403679	-0.10796818969711972	0.0006385770067207626	-0.1032165277596331	-0.026313776656252112	-0.11682714185569232	-0.06468402627242453	0.18617706836234152	0.18728617579506707	-0.22107628688027678	0.15139142615413156	-0.027105333998521226	-0.12996954340961872	0.025627683030156483	-0.029892589354534718	-0.1634478991140519	-0.0962721476792868	-0.11996787450217739	-0.1069251419547446	-0.06312640831047771	-0.0937410184911232	0.040463298752538485	0.0594386550702137	-0.08298835520917178	0.0934095610974351	-0.11551985535191552	0.08322246148023818	0.11728492392040141	0.15269871265790838	0.029987622593284448	-0.0014127502199502897	-0.07915689316884719	-0.06679098271202226	0.03543117286654656	-0.1345346156954138	0.024644900268451935
Brunt.Väisälä	0.1816436338296937	0.05409809054441825	0.1933519399788582	0.055734761756590215	0.045864657230051696	0.14690101246384937	0.12119672465776064	0.0022571405970849123	0.1718529200709098	0.13544309258221865	0.15761388052501374	0.16357185229589047	0.18700312135134337	0.18684189702298018	0.1268603398897318	0.15137987316163637	0.10642149208041422	0.13068453210265002	0.14700360976371687	0.09630588687204991	0.14712819219927026	0.08430200278755288	0.14092349835014073	0.1818671493758336	0.18472277422214559	0.15981239409360296	0.1670247399950025	-0.0901402777085842	-0.00048611577794361205	0.050909024473536915	0.06467904779146727	0.21768948518314063	0.4069521899244229	0.26679206434115343	-0.2242752547174923	-0.28271296676702024	-0.29312537130714406	-0.1763928505900465	-0.17324897618696394	-0.268712099524388	-0.20070352507293507	-0.029980396696994725	-0.05466359709011647	-0.21957532126641938	-0.26091959032016626	-0.12555466710927524	-0.04609794394760755	0.03353954588525524	-0.03657715879918932	-0.12088771136173115	-0.1544871056719091	-0.1837187863591565	-0.18637288079501446	-0.07663651881173854	-0.01401185981047517	0.06478164509133477	0.040378144479994646	-0.028704037430785995	-0.010331792375942247	0.08860864658913373	-0.25066108172984364	-0.15777144066409596	-0.07197689144275643	-0.03176974246254093	-0.05817755461057821	-0.18156912864764707	-0.14828485461563357	-0.2924181827759145	-0.09515411004139457	-0.0656512793473545	-0.22271308868736694	-0.10308219424901262	0.07618093794446977	-0.042850250848230506	0.010960811535844156	-0.07066511168016487	-0.017133749077871834	0.05711127552981245	0.1446976133095522	0.02890312504838602	-0.142904603354725	-0.1626081705149922	-0.13664006108067278	-0.016067469997106072	0.1424551294695912	-0.06230831732667192	-0.0634307806430794	-0.12838952821632832
Residence.time	0.013304314743069865	-0.06567715142047698	0.027152094203163616	0.03479417815307615	0.10917547043041852	0.10101106341151278	0.059670436127055075	0.012004725202360574	0.07708991047797857	0.10526302191838843	0.0869804708772714	0.1404190953406956	0.08780499515046782	0.11385399277697197	0.11825394282006238	0.12526550820811883	0.07065911859758839	0.09156572124721893	0.10112547703614938	0.08770426141573341	0.0852779463976245	0.09640840227259881	0.09689714743001389	0.10969530624670223	0.13345851863318373	0.14018902446506765	0.12023503960317233	0.06565476614609154	0.04984827517727326	0.006771545501590523	0.08351572785294978	0.11546573253272244	0.08425817278673299	0.10803506506311668	-0.08662355011345937	-0.10898768285085192	-0.18074243626697128	-0.09258176397904619	-0.12938937320045568	-0.09112920839670317	-0.03657629471942679	0.08933092468774084	0.05934833690117593	-0.011513492792236008	-0.11862329984742186	-0.06907100774257809	-0.0325494325827601	-0.05423703258317096	-0.06833602456692335	-0.044687225805078466	-0.11289142597839877	-0.2033615124070867	-0.18998382370908684	-0.17792064806805322	-0.07236786120900902	-0.0022721053501204565	-0.09148861641322469	-0.07318119284501273	-0.08775898097534222	-0.022279566145269828	-0.04751523213577027	-0.06037184139113167	-0.04914811353955142	-0.05987936535465236	-0.03388260003504753	0.010666583244654164	-0.0238776260111181	-0.08633751605186786	-0.08131202195234034	0.08685610824179682	-0.09777266038375489	0.05061559263815139	0.15056335551635655	-0.04563238183468523	0.0024325331498826564	-0.05772913538729699	-0.005627409255224447	0.005591344090936821	-0.004620071907880403	-0.0052505904697364904	-0.13970027930765258	-0.0722422549471797	0.02761721045983852	0.042397709685991575	0.07870662473914802	-0.13202088656709765	0.03537370803438766	0.029078471426664757
Depth.Max.O2	0.009917435026498249	0.08345627383275127	0.13721476965383247	0.1291213948724226	0.059905773586556965	0.11255165757131026	0.09319844328409867	0.07623013908245813	0.22879298006542562	0.15870752222140397	0.17625095716224318	0.17313512471511713	0.15272772044996125	0.20123474033411545	0.15847772957842843	0.20595652475503104	0.14213518839325234	0.1538234548605339	0.17803217471118357	0.1687041513226	0.11915073104161929	0.1614832096263854	0.17887864252598615	0.04649730795575792	0.11949996392840133	0.166133589553721	0.08867269665464811	0.08918810727194354	0.05594736811518727	0.020225647372406886	0.17440352817380136	0.18172833095158683	0.11988814472077244	0.1806481757032498	-0.020056873114854226	-0.15072969289324167	-0.19523416634635857	-0.14663886454286912	-0.12263007727424335	-0.24181066837681428	-0.09058374055555207	0.10139697741059905	0.004871084725673705	-0.08244492655095494	0.035243959767554386	-0.20555146653690465	-0.07505261407014842	-0.06520009221963195	-0.03155169831771003	-0.1222730548063435	-0.07112017386917142	-0.17345839233150648	-0.21372403539301232	-0.14306604333683126	-0.20777928673659976	-0.08696158533576806	-0.07049181432566767	-0.12307927645203737	-0.07956407980088298	-0.09965730429428701	-0.19500437370338303	0.07070083475232905	-0.10070500295463315	0.0382286675991972	-0.15898535061460603	-0.06419004320135527	-0.08879862821605278	0.018074424720370286	-0.028513761681762145	0.043334738021924994	0.0007231327804371677	0.08767043721748922	0.046967279349866095	0.1330655194450763	-0.041666469399192926	-0.057516968710427004	0.04589101889208798	0.09517180383394516	-0.044730371305533534	-0.06844834754576085	-0.15464395740494374	-0.2023590365421201	-0.11152992418135685	0.056069404886033035	0.04795136309775007	0.01950251459196972	0.12532916713156628	-0.05671074706473314
NO2	0.035685561098525	0.0322239943360152	-0.07994523352954905	0.047459377154583184	-0.09532526395058502	0.04816016984929878	0.027014186722987128	-0.04159366748208819	-0.125077779423742	-0.14367247811342	-0.1731780950927092	-0.12295544994615135	-0.059644690700420985	-0.12204267369609473	-0.12192296533543157	-0.08618752575329691	-0.09399350843820733	-0.08503283885773348	-0.09060925332529249	-0.04022450310700326	-0.050070515771548425	-0.18690215985790476	-0.13085869567410058	-0.03265793714341917	0.021562468464452242	0.05868702381511568	-0.018799200472477563	-0.13473674777475098	0.010873509426903976	-0.0059480091704509136	0.015479787388255272	-0.05315549998280536	-0.21490892840472395	-0.07163049031182019	0.09819577068232045	0.15557348430268278	0.10874506996576169	0.07940155805820386	0.0760197968694695	0.12006997966933301	0.04590566239014254	0.07123395636712346	-0.057784223261780995	0.10265989496538425	-0.09654728679902148	-0.09058182015930719	0.0001970200102581225	0.04288552020757816	0.028268630585769856	0.04360626429573762	0.008182565236163291	0.008469366516918785	0.032842487532774876	-0.024004020237144673	0.22108139075141828	-0.02066465575947852	-0.017796642951923573	0.016651931753082078	0.07750617568103711	0.19438393239935245	0.25416828285388043	-0.08804549926775641	0.18837108120020898	0.027817230309102513	-0.1152392485317383	0.08553661154219096	-0.00862897766446967	-0.02764016169228825	0.10507650749627184	0.02750299586236171	-0.09539509382763853	-0.05519303603825961	-0.12518501816350275	0.07118657180769429	0.12071839995625848	-0.06750553971730203	-0.049122824582965054	-0.12141420480261311	-0.10735096634887194	0.09031746419617603	0.06894204004525999	-0.12051888602181987	0.08319232281253736	-0.04599045581227895	-0.030453308167872582	-0.17152462336104926	0.020637222593493213	0.02468236761423593
Alkalinity.total	0.11852284904434647	-0.08219661840051637	-0.061123995999554606	-0.054477172295958345	0.007596369946967153	0.06816037713632866	-0.00916677334946517	-0.09099818165637735	-0.07363852854039152	-0.08347485372813103	-0.0803583942627086	-0.11360468645047671	0.011564986297466018	-0.058664914702619725	-0.01374407318930435	-0.04611386115242239	-0.0705220690749691	-0.02261867846388617	0.047416443819610674	0.03692274046338361	-0.04941292566464691	-0.06778299337293767	-0.08157576124138924	0.027001199587136447	-0.09249554304015453	0.023592572046830674	0.05098332906714493	-0.03098198960742212	-0.011078039505993764	0.03760446597144477	0.04354521682740626	-0.040355715343262995	-0.15915855879270602	-0.2608695698614729	0.1731582790475333	0.13600423885820037	0.11412815425130939	0.14959005434027622	0.02905854978110672	0.20092641983123855	0.0884295373313612	0.18597715333304035	0.03457322219452999	-0.06172050581910812	0.08408353721747135	0.113775117827492	-0.0315176310780416	0.14289453595753274	0.07596369946967152	-0.03951573212797336	0.13791550501472896	0.14055719135846592	-0.006232918930844843	-0.012344101163821623	0.08812519558669105	-0.04428781068440144	-0.051153760444160215	-0.051385060170109534	-0.12879742634441102	0.06298656747693597	-0.04268088627254301	-0.008947647293302656	0.1112551681816231	0.09675632746553674	-0.14962657534963666	0.040757446446227606	0.08702956530587848	-0.011832807032775757	-3.6521009360419e-05	-0.021230880108190246	0.06763690933549599	-0.03823749680035869	-0.057057990290761286	-0.19744475027221192	-0.027914224821146923	-0.19678737210372438	-0.025016891411887017	-0.04237654452787285	-0.1948882796169826	-0.006792907741037934	0.13241300627109248	0.042364370858086045	0.10785871431110412	0.11113343148375503	-0.15309607123887645	-0.007365070221017832	-0.025954263985471106	0.09255641138908856
Lyapunov	-0.02548642214849465	0.10398776656127379	0.14355192849865414	0.06834076135599336	0.010661580664257046	-0.03459227340007775	0.10201600404765879	0.08326521639961122	0.14875820188155736	-0.09300390673431592	-0.06342453921952089	-0.09404398948666856	-0.11598827065602423	-0.042564287961067974	-0.12665278113085127	-0.006999317451747755	-0.023397467212079352	-0.010957491531827795	-0.11360633466260818	-0.0701279458036979	-0.05505700023157966	-0.030941729429848488	-0.05551405068050082	-0.058136231140657475	-0.15806913987304097	-0.05108124728807958	-0.060834586675634315	-0.15943443159866444	-0.05928178707353038	-0.1492152523304785	-0.04073022654424332	-0.0822309932683986	0.03935028576576982	0.04951086882255559	-0.054857773112819155	0.019263504497798865	0.07675224750248469	0.03769201298314561	0.12271804553533129	-0.11713675639946713	-0.040138404809101816	0.09741913126331712	-0.009258201401223486	0.017766371296525068	-0.11161113366443312	-0.11790143695823907	-0.11438859408480016	-0.03834829055082728	0.007655595019429419	0.0444276474835927	0.012176292728950888	-0.03396236412752615	-0.02209663131899605	0.07156648279357154	0.009278710075213538	0.021569265416394715	0.0462412002264273	0.05193382216395174	0.1456672517301995	-0.05585683851719169	0.03880534099974844	0.15988562242644558	-0.13722353766743808	-0.010368599607256302	-0.18924525414849006	-0.15788749161770052	-0.04893662595083414	0.022638646274447425	0.05798095118044708	0.09825412727576924	0.12908159409338743	-0.21680305236997996	-0.10695566466869132	0.11032787663476987	-0.156903075266178	0.04001828257573151	0.10328461202447199	-0.038034800819836484	-0.05318778108791492	-0.10087044811478588	0.05639299385150305	-0.06158461818155622	-0.24767446634614826	0.05932573423208049	0.053387008206675426	0.10221523116641928	0.028882072599133266	-0.010430125629226458
Longitude	-0.005512658719263705	0.07158692026987515	0.0007219647639481371	0.009303263442978563	-0.05275673495784742	-0.013172670099194983	0.035501429443902374	-0.057063028798668085	0.06196729024494179	-0.0404416153005812	-0.06919273214416592	-0.0808368765232203	-0.13004404796265176	-0.08764281401706847	-0.11699653387390044	-0.04719656330869307	-0.04071278665654246	-0.0490310259432515	-0.1402604867410896	-0.06016411661299428	-0.08238046731869209	-0.043350333691447696	-0.07682956648512615	-0.06405090604843898	-0.1271399649795795	-0.14150625258578342	-0.036122574088326455	-0.04592877927697676	-0.11019986719564069	0.022252275116102935	-0.09089687028860358	-0.08612703566836195	0.0137880204838763	-0.04497967953111235	-0.06393502085358374	0.10229070264677065	0.045376006897517265	-0.004825459513772139	0.08814923231858587	0.060781784701572694	0.04076725269812442	-0.007595115670812344	0.14501873284184572	0.05804225869519485	0.0775828202516852	0.07914495267833382	-0.047784101246609124	-0.04342102366030939	0.02356525437381279	-0.030477806246927776	0.08538305271739133	-0.048546625828756594	0.09256214053867336	0.052599131092844295	-0.02391406881032706	0.10701997744881293	0.0805668640192076	0.02919611599182884	0.05385996201286929	-0.19586683864042734	0.040389466962896345	0.11051855148149259	-0.21480016177587624	-0.029752364927133984	0.048445805709232535	-0.055737302169524154	0.01436049334646118	0.05127688101954602	0.09220173758267357	0.06425370513943565	0.23007730701364237	-0.12200509199554385	-0.11674622185301312	0.008223213426927738	-0.08031307544247462	0.11485845202882128	0.049681141886389384	-0.02176903385355659	0.013541185018834641	0.032285615286669504	0.07156606093480121	0.13876209117161137	-0.11185934318596771	-0.10074363529545322	0.08406775575578436	-0.007946247811223718	-0.03339811315727979	0.08603664521637487
Iron.5m	-0.015535616651709296	0.1189572771340095	-0.01434654222540167	0.012930315179643463	0.04151330014652943	0.08114447858903977	0.06447309884007757	-0.03367537583354845	0.10388755514056108	-0.04691744639396848	-0.02145085629291215	-0.05102937238279836	-0.10258722228840012	-0.010278656030138736	-0.059558026089618854	-0.0024581158461973456	-0.0394190920682274	-0.03754971872550401	-0.11347200495105238	-0.06094412064504178	-0.07140936632687206	-0.021038272963705994	-0.06945654916475866	-0.038424719887163124	-0.08834614377917192	-0.1019463273978074	-0.014935284728875621	-0.06425985352385866	-0.11818889863045984	-0.0173458839556981	-0.09695360553763854	-0.04934542974983054	0.13516971587632665	0.015438265529087619	-0.06157690294208268	-0.031858154877943815	-0.008627163771378142	-0.031810638258568946	0.061085511561230404	-0.09743108961525915	-0.10916769460085109	-0.07612162423853562	0.1575639509051203	0.025226689120310054	-0.02148098878324743	0.05014741756952341	-0.08998256979276488	-0.03968912553930896	-0.028348878695819552	-0.03664806189931752	0.04193399606928739	-0.019866582666437954	0.12912119791248697	0.03348994512379288	-0.1067072608707818	0.08794399092738953	0.09534499413050893	0.06229892376819345	0.07684828083239029	-0.13977535112988074	-0.06750489094458123	0.09487909947224804	-0.33199166592057416	-0.06038319274803117	0.02128396865413213	-0.15775865315036364	-0.07822510385232542	-0.08618819389439142	0.010035278223584543	0.194330224881907	0.1435824753895499	-0.0744585425604153	-0.017579990226764514	0.0641404825044535	-0.022473043080439757	0.1793010658562176	0.07637311463864162	0.09304101756179589	0.0824923280605756	-0.031476862981008914	0.05217440701553904	0.06661018777001058	-0.10915958200729929	-0.04576314022574002	0.12918378077702947	0.0489027139302891	0.13795581229040416	0.07029098735865875
Okubo.Weiss	0.11551650260472436	0.0026568171238847225	0.022084278888147527	-0.003276248203479367	-0.0863720238518071	-0.12526802371187082	-0.05662618760517196	0.002809621077206478	0.07520583388648826	-0.04265859182895426	0.023137476028784576	-0.017110756665513604	0.020395220135300592	0.0012454343722353863	0.0057671169479501395	-0.035051255228096954	0.015495635309435261	0.020579242100591307	0.008576738025156617	0.011363356356701756	0.00010844151526060091	-0.008908634783984517	0.030858183304687054	0.0032680329371717457	-0.08193413699243009	-0.0690986049134026	-0.04276703334421487	-0.11042632360052221	-0.061800162325711845	-0.002970640296835855	-0.028868445804981182	0.08663655542691251	0.01221445794617132	0.05997144404563535	-0.023832487558409336	0.014439152062275163	-0.024055942801976635	-0.02327056334296804	-0.027807033398036512	-0.06604252584696747	0.0007558045003011578	0.011527661682854181	-0.026252705012634565	-0.0802615087721984	0.020339356324408767	-0.05815587019165105	0.07711670482964096	0.05089686088223688	0.04342754075534762	0.10813919346048044	0.013113208080225088	0.03271647654347099	-0.014153260794769943	0.1292557139775902	0.052000992673981186	0.04702582739808574	0.031704355734372046	0.03139217561468244	0.038077759335824635	0.02355974071699631	0.038711977894773	-0.11842470687762228	-0.018412054848640814	-0.052464333693731026	0.016905375007823072	-0.08806601176443861	-0.10540515283330408	0.08025986571893687	0.007605693547595782	-0.13057508574659416	-0.041937291447145114	-0.07834899477578415	-0.096864561979901	-0.04084959018801606	0.014246914830676825	0.0366663765841753	0.05466602506417353	-0.042126242572220404	0.010308516162803183	-0.011711683648144898	-0.0021721164117350666	0.04332731450639463	-0.1870435402386598	-0.03430037988758037	0.019951595754689043	-0.030240395278353937	-0.07075644565428058	-0.21128350500592716
Nitracline	-0.013019976061735274	0.11501614983813965	0.15097017680817887	-0.001271463400678802	-0.13571261600003326	0.14346544161392838	0.05489954728559465	0.065815525749959	0.13613246132558574	0.0523423075754114	0.036173491572032555	0.07097532938160675	0.05540765554890532	0.05723255142417602	0.04511428861845685	0.07314850603830166	0.038620998981219144	0.0596609749549284	0.015636852892025415	0.014840100967397424	0.05917195057005194	0.050290790643734526	0.06533127233469109	-0.027349583281017758	0.02455379509040696	0.09814361581749957	0.03286005317889399	-0.143522693249231	0.025863426247954166	-0.07408838705118617	-0.03134288484337482	0.016853450142205885	0.30433776584465455	0.13453657199152547	0.02487106456937559	-0.14059570339438504	-0.1405718485463423	-0.09991364554227193	-0.11056006422375317	-0.15543818984658675	-0.07429353874435386	-0.04847305122287665	-0.03356854216576379	-0.03489964268654948	-0.05494725698168016	-0.07625917822307682	0.00031726947896863164	-0.006481362213216332	-0.09208448441463998	-0.039711165536773015	0.005331558537555577	-0.07313896409908456	-0.05132609104879006	0.03355900022654669	0.008685550172366826	0.033091445204908705	0.0005868292618517548	0.07848960651507433	0.05541719748812242	-0.053251177285840334	-0.13209860652155597	0.1523370596010287	-0.2529234118581063	0.052339922090607116	-0.06757839902031854	-0.11774275896942647	-0.09695087341536186	-0.1411061971425	-0.07500679870083221	0.07058888084331412	-0.12315303850552313	0.01686537756622726	0.10449377636648076	-0.026409702268133238	0.04012385440791266	-0.07696289624033806	0.01745936328249184	0.10040982638156122	0.15062905248116748	-0.11189355022934312	-0.3210409304441911	-0.21969837950415816	-0.1580145134352042	0.0338595713118854	0.06144293210372214	0.12263061733338682	-0.040744080457024275	-0.14063387115125345
Depth.Min.O2	0.08876128809484563	-0.041979862295463445	0.13318766745334681	0.00047410125286882147	-0.10411031615647373	-0.020363164138164653	-0.01986200819423538	-0.07378844907081997	0.06448550030189128	0.0532075590855498	0.07494149423744387	0.07539755902960572	0.06120286445322346	0.10786576493938844	0.013685808720721442	0.035913169904813226	0.018165292569158647	0.040008734803916444	0.008417873875665434	0.03028708248286175	0.049931364829991616	0.002074192981301094	0.04399350430153401	-0.05165255850888494	0.0016284347381146477	0.09088959045826762	0.036948978076841846	-0.005600321049512954	-0.006954343921157333	-0.047738646535473314	0.020126113511730243	0.0795704230460245	0.1726862280829805	0.10507397848567449	-0.11905996544530471	-0.07985256482422634	-0.14898631871402715	-0.04192446459472062	-0.08777057107458443	-0.13648576312547775	-0.14951066439315108	0.027253092128225676	-0.10279751948073099	-0.1097209437549621	0.015610556741879103	-0.03941353160058656	0.08447505203969735	0.05975350600355654	0.01391384111680237	0.08115247831374982	0.02760351479338959	-0.006898946220414508	-0.08303471182038391	-0.00375673710153664	-0.011295977677048442	0.06569136653201414	0.11563561454822502	0.00753666393826795	0.07721795324238737	0.010154527378021878	-0.21572122332980148	0.0022725940490777204	-0.15735910143792517	0.04080749234951065	-0.11848666365854758	-0.14958667519184474	-0.06889799158198832	-0.19162322350667294	-0.051555934612240485	-0.04943149720468427	-0.23229028912639363	0.02358524901160194	0.058389176582936755	0.03505128474674463	-0.10313119400380985	-0.0020625981137037588	-0.0352909120104229	0.06724379047143515	0.1510141322249389	-0.003451405588140143	-0.10127472686961428	-0.07686495393997961	-0.08258251198408784	0.08016047297486668	0.009005347167263755	-0.019282264814368618	0.024400754699281192	-0.14964593784845334
PAR.PC	-0.375701477835835	0.21304018944766456	0.02096376928619471	0.06135469649729237	-0.1294046282116417	-0.4490197913603275	-0.16408814179508424	-0.22643065988177846	-0.2971147825011994	0.08835515327427614	-0.14103897137570787	-0.03808601016916002	-0.18779585994072853	-0.16386862588632828	-0.21962566671034353	-0.08484289873418067	-0.030622469271457193	-0.017890546563611193	-0.2312600098744097	-0.08923321690929999	-0.11250190323743234	-0.20864987127254525	-0.15662460089738142	-0.28306576434081754	-0.20799132354627733	-0.08484289873418067	0.14169751910197576	0.14038042364943995	0.1612344349812567	0.1294046282116417	0.10855061687982497	-0.4455075368202321	-0.09406256690193124	0.08615999418671648	-0.12128253958767096	0.4064337050616702	0.420482723222052	0.05279357605580971	0.2916268847823002	0.29009027342100846	0.47536170041104336	0.331139748358374	0.1941618212946515	0.2543091802937861	-0.020524737468682778	-0.09384305099317526	0.23389420077948128	0.051695996512029885	0.13138027139044536	-0.13138027139044536	-0.03764697835164809	0.10306271916092583	0.12457527821901045	-0.019866189742414882	0.10042852825585423	-0.0222808647387305	0.2554067598375659	0.0025244329506936038	-0.04159826470925547	-0.4450685050027201	-0.16957603951398337	-0.1291851123028857	0.11601415777752778	-0.04818374197193444	0.07562323056643012	0.28569995524588915	-0.13796574865312433	0.11316045096370024	0.4088483800579858	-0.12567285776279027	0.11118480778489655	-0.2507969257536906	0.16540523724762005	0.2905293052385204	0.05059841696825006	-0.11425803050748007	-0.17440538950661463	0.08067209646781734	-0.15750266453240527	0.10262368734341389	0.04028116925671968	0.07869645328901365	-0.28130963707076984	-0.4439709254589403	-0.5583387139207984	-0.24882128257488695	-0.05147648060327392	-0.09757482144202669
NPP 8d VGPM (mgC/m2/day)	0.024689067456964593	0.08256489242246426	-0.16805511773749973	-0.03216010790987372	0.11815747338810334	-0.09495271860390216	-0.1041307186304892	-0.09166867681541313	-0.28062786469433076	-0.42614616835037283	-0.42337545136121446	-0.4144015443271324	-0.38175285016247407	-0.33424247536177215	-0.3814065105388293	-0.29509991325377394	-0.3753084593082263	-0.3195106720845954	-0.3970907477810292	-0.3053354860597049	-0.35659993499527093	-0.4041041251598363	-0.4434940727132951	-0.24014942118084548	-0.21469964347908965	-0.10670971189941561	-0.12219604078524711	-0.29838395504226295	-0.22154603568221085	-0.21630146423844682	-0.1399397618609063	-0.3204692906857551	-0.06214940853583096	-0.23001898718923527	0.21131664751241638	0.31913959391640456	0.4323864662121156	0.38323716283523745	0.413133693919147	0.1518575556959691	0.09713589516009166	0.11110080355634067	0.2757543714187576	0.15366346944783124	-0.22908510713262162	-0.12176930089182762	-0.0322405081796484	0.11007415395767932	0.20270763401038866	0.19473563803042188	-0.0039148746744134735	0.14403399098327865	0.18591634689975267	0.004700323463750774	0.3224174510687571	0.13080505428727485	0.12676030225399457	0.29676358037449624	0.35464558997613244	0.38020669112834554	0.39401079898504515	-0.14984136431546546	0.002146068739370419	-0.2584064670558353	-0.16127057189574368	-0.11100803401429296	-0.10426678062549251	-0.19695592240343046	-0.11251090059546591	-0.07430840318021784	-0.04932247318870056	-0.26953881210156083	-0.15400980907147602	0.01570897578674601	0.032617770983975766	0.10242375905681128	0.23502854245981175	-0.09659164718007841	-0.06628074547502243	0.23410084703933462	0.16270540747941495	-0.06728884116527424	-0.09379619164637401	0.15597033872675103	0.07754915251575126	-0.023792295217170037	-0.01018609571683885	-0.05791293278231875
CO3	0.06546566290946589	0.07046253986147895	-0.020710739998475197	0.06154705940499248	0.21284723364147223	0.1282816660667459	0.0592984647765866	0.02268976626499616	0.054012294948404364	-0.24263782504880274	-0.16180019067380194	-0.21236727046055517	-0.14431769617985096	-0.11873500115316303	-0.12827509122865113	-0.06520266938567572	-0.17018968408270807	-0.13387027844728683	-0.14434399553222999	-0.11335678359165424	-0.19888885236630943	-0.21307077813669387	-0.2362207830683228	-0.02727242841703972	0.015542917255998528	-0.018435846017690303	0.060758078833622	-0.10978007166810805	-0.18176797396756994	-0.09145599789802857	0.020986883198454865	-0.043137512739681194	0.07406555113740415	0.05491962260548042	0.026437423979005958	0.014010979979920839	0.1234031362004384	0.14847956869383028	0.08795818403161942	0.02881094053121216	-0.049081166377338836	-0.08160689043208702	0.18143265722473748	-0.02042144712230602	-0.27323054670369323	-0.08319142641292275	-0.040040763997052045	0.08406587987952503	0.04083631940651728	0.06438081462383147	0.09959564745933405	0.014707912817964767	0.09973371905932389	0.02756829613130365	0.23844965318244443	0.12070745258158924	-0.01583878497026246	0.11492816989630045	0.21176238535583783	0.20588448009912771	0.11438245833443587	-0.09580196587866098	0.0050757750091501115	-0.15147112002694335	-0.2259837601547908	-0.25939708735233075	-0.1913409382335318	-0.22361024360258458	-0.07014694763293075	0.002590486209333088	-0.16456162267359864	-0.11536868404864897	-0.09577566652628196	0.01074986028492284	-0.037377954568676666	-0.006226371675732067	0.2452348860962306	0.11770275157228666	-0.15968309280729115	0.20101909990900974	0.04596469312042543	-0.1709720898159838	-0.13107597225701637	0.025175055064813184	0.15625102732182952	-0.11265327591551556	0.12379762648612364	-0.1374338406946435
Mean Flux at 150m	-0.05761905320429996	0.030122247098260967	-0.1220244025447451	0.13222142782703578	0.23202334768761637	-0.0767121039914856	-0.06767542986200732	0.12051242983047442	-0.30864168592937974	-0.1575030180958875	-0.24000515713271975	-0.237684454827095	-0.2105392702825143	-0.30463320012875517	-0.19666193932362674	-0.17820180734706603	-0.2663181706485158	-0.19901780378539735	-0.2626144235344884	-0.23801263495112274	-0.29619428265375597	-0.2051125775173412	-0.3833143848644072	-0.00896634981718663	-0.12005532180057862	-0.10153658623044154	0.18303074345776002	-0.09148020957273417	-0.11829721399328713	-0.1366753009388409	-0.16288282798619946	-0.09152709244759528	-0.03665068742267005	-0.005332927015450871	0.053798098903119776	0.180616275402413	0.19109459793387035	0.2401809679134489	0.14868903762199945	0.08741312017853319	-0.020358888408435524	-0.1299593291149874	0.062389385721417556	0.13208077920245245	-0.22786249254369315	-0.010478322531457316	-0.10500591897016341	0.009821962283401825	0.007653629321075646	-0.02469555433308788	-0.0862996519005819	0.17449806023303863	0.17367760992296924	-0.1121438366677669	0.24497474186799706	0.12475533000540456	0.024543184989789284	0.1416448856741182	0.32103048561142716	0.22243579977852007	0.41164336199923085	-0.19588837188841848	0.08283031916086002	-0.12212988901318259	-0.18138984283762127	-0.07893904054738816	-0.05043425263183538	-0.24769394860994123	-0.026359896390657164	-0.05797067476575826	-0.04123348844034322	-0.13324113035526483	-0.12857628430658474	-0.1687900702186989	0.1480092359365134	0.26259098209705783	0.2135866571484862	-0.1379880214349519	-0.10877999039648249	0.21478217045744444	0.11666803409186367	-0.024332212052914304	-0.004969584735277296	-0.08307645425388083	-0.027344436762740402	0.1284942392755778	-0.08894853433023442	-0.02658259004624742
HCO3	-0.47194198004784393	-0.03678943319741091	-0.299258539202728	-0.5174830845785596	-0.1740610187401732	-0.054130707876366715	-0.15550423415381395	-0.29698958737557485	-0.17811271843151802	-0.21862971534496617	-0.23629512599922955	-0.2029901545363752	-0.23613305801157577	-0.20809529614746966	-0.21992625924619652	-0.235160650085653	-0.1744661887093077	-0.17908512635744078	-0.178923058369787	-0.23605202401774886	-0.20752805819068137	-0.2991775052089011	-0.242210607548593	-0.21449698165979447	-0.17786961645003735	-0.18581094784507318	-0.0370325351788916	-0.07544264825284044	-0.10445281804286931	-0.12949232213538026	0.0805477898639349	-0.2589846442707605	-0.17130586295005873	-0.13265264789462922	0.2682225195670267	0.2901827318941156	0.3416393179741947	0.4274543174368779	0.3397755361161761	0.4080061589184228	0.3089826184619555	0.20752805819068137	0.07860297401208939	0.23127101838196198	0.07714436212320526	0.1700903530426553	0.12074065080207547	0.09748389457375622	0.16433693948094566	-0.08103399382689629	0.26303634396210535	0.20663668425858553	0.050646246141810174	0.16928001310438634	0.1895385115611104	-0.09327012689475762	-0.10056318633917828	0.22187107509804202	0.026011912018433708	-0.03622219524062264	-0.3314290347520058	0.20428669843760552	0.22503140085729098	0.19148332741295593	0.11198897946877066	0.14950771861062365	0.36343746231362983	0.20412463044995174	0.08257363970960731	0.27162594730775635	0.2633604799374129	0.03460151536408471	0.18427130196236213	-0.10720797383298378	-0.08743567933922108	-0.030630849666566793	-0.044325594623312266	-0.24593817126463022	-0.1785178884006525	0.13103196801809128	0.06020825741338394	0.25890361027693365	-0.17560066462288423	0.07576678422814802	0.14083708127114575	-0.16466107545625325	0.08330294565404937	-0.13475953173412852
ChlorophyllA	-0.26304489735549497	-0.23381326247705297	-0.2734097741286525	-0.11282753042191687	-0.15533903269047197	-0.0506697039017743	-0.12587478533289115	-0.08323545098120573	-0.2690089974962969	-0.3035173731177253	-0.3639421318878879	-0.3320008759686669	-0.31042868803844376	-0.3825720862981932	-0.29174634343013417	-0.2603750928651993	-0.20200402985680266	-0.171737164665797	-0.22767732248679715	-0.20191810993207573	-0.22581432704576662	-0.2908284671611	-0.27491651622325425	-0.24790622574019172	-0.21999691945937655	-0.17886223159437273	-0.17743721820865757	-0.1285508766469474	0.0002870982850631986	-0.0021312332548122114	-0.028621812973672747	-0.43378874386713173	-0.38577417520021196	-0.34247891556951354	0.41352002406325394	0.47477883478564387	0.44393986863243196	0.38131472154609164	0.286075628398156	0.49348842229691564	0.4295681895159107	0.17450546272834067	0.09381198415430035	0.22311308843666836	0.17722765741664065	0.08334023137721419	0.12227453092604022	0.12241703226461174	0.07678726541084469	0.07284752252092634	0.199520734471402	0.16852040650833705	0.1721520950339905	0.11414776341162355	0.24170113068857033	-0.008143532377778028	-0.05016885360885383	0.06818898611438992	0.08058660257011169	0.015151245262824275	0.3184548663726923	0.2843111265293734	0.22542244836469497	0.09677517375341979	0.04049343184143202	0.28722402153840876	0.30047455041763943	0.2275872113462299	0.31747412186605306	0.23550441806862962	0.25901504332500935	-0.16718340865526904	-0.14460323331544447	0.06655441193665784	-0.19758648836108572	-0.18526431379049002	-0.06761898076010386	-0.2595578057763332	-0.2488723009913898	0.22737765055421294	-0.04852589699944107	-0.08149400079954501	0.05372510024938119	0.12432403547196584	-0.061395025237200945	-0.06008946150293545	-0.06957208734170169	0.11554343828645633
Latitude	-0.16671350357247675	-0.1039698188773571	-0.230843174394988	-0.08398079319894772	-0.10755646357992983	-0.003857815901410216	-0.0746219102852232	-0.030212411644838014	-0.16199118461836243	-0.2340103149352566	-0.23147822489482964	-0.2278023486439215	-0.23877087598151467	-0.2443797161625977	-0.11482941419490444	-0.16292290104513737	-0.13158176825642023	-0.1093318237364214	-0.22310088901279465	-0.17800419156509908	-0.17468292380497843	-0.13812232486427825	-0.19085816993050675	-0.1667934643105955	-0.2552080224956638	-0.18609760888424867	-0.11180249465916293	-0.20483623403468518	-0.05148080913314732	-0.10439511729604666	-0.12922466475883287	-0.3653649483413685	-0.2653746247495154	-0.29102232121392235	0.3270382600543934	0.28299959382267487	0.2872433071993538	0.17493671223465965	0.10916958455762975	0.22229664622649886	0.11935356958063754	-0.021277668298525978	0.09376265682880763	0.18087698388098852	0.15350723441883576	0.27472191915046906	0.09307082261638891	-0.04730778568437046	-0.02194748433668011	0.20119512332208955	0.21605507324812837	0.18204742367084262	0.27140644564673383	0.1945688117197274	0.034122375853716976	0.01573140608640543	-0.0554313331367242	0.14257810802466342	0.03130868495295879	-0.09371282622389304	0.15044670819605885	0.25036981841384115	-0.040945692173183286	0.009429572841626594	0.20565438303630598	0.15036211205283176	0.15233215922387333	0.14297791171525714	0.12525212258099142	0.290015279454137	0.23166595880171711	0.022759839081915485	-0.001238812015202019	-0.06461407065633205	0.00025262957840415355	0.06489914807049454	-0.0937093496700618	-0.07418734105631698	-0.06310640514484672	0.01641049293477623	-0.04003831162322709	0.04549881884084347	0.12172110273971867	0.07177113614359835	0.041004793588314534	0.04303278332321026	0.16096096583303537	0.1908407871613505
Gradient.Surface.temp(SST)	-0.2702718341686717	0.033929521549265734	-0.04766588997150289	-0.014906351923935973	-0.028092305912322053	-0.040561309817640584	-0.001668179130287097	-0.07777920477940119	-0.131176461458261	-0.17437976055838675	-0.1584318551673172	-0.19708647293333523	-0.1642394331039766	-0.14905646264405395	-0.18251601494595454	-0.14589651926612432	-0.11443680607388262	-0.09269543593676526	-0.14427350234579422	-0.1042795427907386	-0.08285854208050378	-0.0585259901471029	-0.13840806032762742	-0.11393861044529435	-0.11479669243447756	-0.08993912981032642	-0.07487329883247976	-0.14286923987994343	-0.04848445502697372	-0.15551042471072304	-0.05845824683216738	-0.2542674760151559	-0.28204505777684	-0.14715964982585947	0.3351656959197132	0.19575983301584804	0.2139954866050524	0.16980567548117823	0.15860544741183946	0.22405536887297664	0.11380453513448448	0.16019035871751833	0.09565214936988833	0.2041600040678521	0.07058994548186949	-0.05966351331039512	0.07164561213961462	-0.0008467914366939579	0.09227909681372407	0.14189542972774538	0.1925123878561267	0.09724411727087297	0.11633644153019941	0.09390917032935993	0.07082986972226611	-0.06297023387068502	-0.08058914103016397	0.07009033853422006	-0.01647432740088095	0.013572655411142989	0.10124802944737424	0.2428640180010106	0.21835081722778169	0.09724693990899529	0.00629871696994189	0.15312670681642956	0.10733645987720379	0.08643764721959692	0.046536834722577615	0.11025365637661448	0.2280366999444994	0.009335875589550886	-0.05522773750117994	0.08369545428376965	-0.07321076497843729	0.01511522714498715	-0.03988246534922426	-0.20636730707950102	-0.14562977996356571	-0.009493943324400424	-0.013461161205311618	0.002986351133407358	-0.06986876144161847	0.08271035357908234	0.10618058956611653	0.050649418466787936	0.18912663342841202	0.18080408492477157
Carbon.total	-0.3144792562294149	-0.07845607001192684	-0.28758996483115823	-0.1726869894463648	-0.19877519459160992	-0.1305065233443964	-0.22831462038662192	-0.21043880890432573	-0.46483659615787193	-0.48002700529516706	-0.47979524449240896	-0.48836031763781584	-0.48639035081437226	-0.5184589923264397	-0.37439950029901714	-0.38454659283716386	-0.3651391447453361	-0.33889979125046615	-0.425769786058175	-0.3594861964693676	-0.3835943582345275	-0.428283886940268	-0.4949604622381	-0.353425147649412	-0.37109438972055425	-0.32715052620629625	-0.26546184644608356	-0.20199969271693954	-0.2302845872100655	-0.2745307474235732	-0.21102828746786254	-0.5402092398374523	-0.432752839810842	-0.4035409021066838	0.4092089652176148	0.5652091768653987	0.5394736512026115	0.5020493198355044	0.4783593351709731	0.43375041891836585	0.4758603491238427	0.1871317333921774	0.27155312493596406	0.37714032370554734	0.22726665849588978	0.20945634463176435	0.30432208713462655	0.20799524391872434	0.2976413300812092	0.394330929336211	0.35895717724568066	0.3589974834722473	0.3666455899632635	0.34570146698358334	0.3852267604104756	0.17683349250440586	0.17970027286895676	0.2622373483207539	0.25235224625529024	-0.022118041828433008	0.2766165946483958	0.29344444423995986	0.06543212055258758	-0.05077576891730019	0.11773952607941936	0.10247354276731184	0.16532606481963572	0.2543222130787338	0.30568242228125	0.23621464079367954	0.27498419247244765	-0.26180405638516274	-0.18875405901148387	-0.12406760365037878	-0.06038376567511836	-0.02170490300612515	-0.11037860145269028	-0.03543421143038026	-0.19706721824084936	0.14548028651389594	0.07073742762441901	0.02857207635741312	0.04165144687828148	0.09734457543670938	-0.05748675564064251	-0.1087562758333838	0.17931736371657386	0.0844818508836366
Density	-0.19348242901918056	-0.08980409081582838	-0.07552656341755046	-0.1888718300658219	-0.3441464260193433	-0.06759774823535515	-0.2230562964744837	-0.2089910217134448	-0.24657624704320286	-0.47345073262535287	-0.41814477044877285	-0.41530058510976997	-0.4265098827186261	-0.3770243595276671	-0.26731804642672685	-0.30830167231494515	-0.35558684316652633	-0.32756241996306806	-0.3517238451687762	-0.3521389169927103	-0.3218221653070706	-0.28896781542510663	-0.3636996106343288	-0.41205547812264903	-0.20254089990401464	-0.3345997740688595	-0.4042422227096172	-0.33984241420866323	-0.29337795355440627	-0.3178742662544249	-0.30234680665907276	-0.4536947288236723	-0.35700657747339176	-0.35819519224193025	0.4747030231850631	0.3237017803279539	0.4275098284762855	0.4583124028649389	0.40723262653205133	0.2706574879192874	0.24034781132155567	0.09832957174492893	0.19747513696191007	0.31173780667558126	0.34104753751565364	0.2564176943231853	0.20259985896991436	0.25567245173021275	0.2760935137952422	0.26243623577022945	0.41423224683566695	0.2754543975208892	0.3647160649304401	0.44091004497397546	0.22511750541833817	0.23319961417187277	0.14554399171743043	0.3789204830870024	0.26960565818363624	0.2425835391004733	0.023324206469932055	0.3227041929329305	-0.2449631270001863	-0.028623447312999532	-0.141313089148466	-0.08572176509293128	0.042490619612615355	-0.11105057980345406	-0.2422415765182549	0.10612867698214484	0.0019998915153187444	-0.058284574185834256	-0.07735429446044201	-0.05013643127849197	0.0171995387042684	0.16081203142282377	0.17578055907344647	0.20136879367392807	-0.0029880454597981713	0.023248738865580404	0.03478113215556703	-0.02094226020758308	0.18447348374970227	0.419194241821788	0.24826011796529907	0.1401905085337352	0.1578428528641135	0.19221834664629042
Si	0.0760536484900191	-0.11547667968582344	-0.10323395672863582	-0.0005023906233427588	-0.18420420471699958	-0.0998781824678609	-0.18202148817383565	-0.1817751704410317	-0.1543461056801773	-0.26733765893305766	-0.23434327668449365	-0.2632965848414123	-0.23704545537703625	-0.24883700228898886	-0.19305213278247302	-0.28538470074245775	-0.28678700466683676	-0.2944033440682904	-0.16415491678252958	-0.20397790944546118	-0.22040559507088264	-0.25518273239548334	-0.23248248034657848	-0.16819599087417497	-0.2143500809069988	-0.22569289056315014	-0.2701593383078517	-0.1488832173486832	-0.2762904549441803	-0.19281557020740386	-0.1991466675772961	-0.12742187033209934	-0.23504808683083372	-0.22506368288925482	0.16274285770041572	0.24010613611633316	0.18218244827646005	0.19882474737204736	0.2413962557267619	0.07261251659906456	0.231682557412324	0.0489977185125212	0.11964944840688878	0.07783640356605577	0.14824181572761938	0.11724967960412531	0.1712688655606404	0.30929946992934654	0.30367318270579435	0.18451393097507984	0.17633423121444095	0.2323312754016889	0.19812725359400837	0.16377934320973936	0.31855223704081465	0.25285368848629725	0.26742301656323725	0.15719461173874205	0.14309597002250665	0.2563265246398899	0.290501280974366	-0.13984750249681466	-0.09416897640356284	-0.19749316834124567	-0.08876705780791133	-0.0854917635984486	-0.055604399088421845	-0.06343047438117386	-0.10449237207642642	-0.1613844519858433	-0.15902858139288648	0.11656437977325484	-0.28443601165274734	0.05135358910547802	0.09258376327165607	0.08267496180252196	0.17688295883702404	0.1602357821625693	0.06432551010334275	0.06727644531812303	0.15808233109260983	0.14543233029999386	0.11185263858734121	0.12272963946165531	0.047619802482479164	-0.018776239850077186	-0.027497350864998084	-0.053489968649401594
NO2NO3	-0.20236515809042746	-0.06816662843817001	-0.14511157443331515	-0.16374554852016693	-0.29419833016941965	-0.19363921117796837	-0.2878190868993224	-0.317722724917984	-0.3557113929138369	-0.3927748461899064	-0.40025636683505567	-0.3690085489404822	-0.31105918386337106	-0.37246002379811105	-0.30938581707907264	-0.401276347483011	-0.36693616772177584	-0.38191167821314964	-0.2914152044894241	-0.2722375732356915	-0.2677760930909675	-0.3888869492946438	-0.33845651246590763	-0.2921708380745842	-0.2551896815256114	-0.2546086167555048	-0.3455315371560038	-0.23646343535080275	-0.283290273068792	-0.20605354776848603	-0.2342863128430643	-0.2607484513649573	-0.4004982693359155	-0.34329955016353425	0.2749134637864399	0.42299769575609436	0.3289549812465681	0.37388650040111954	0.3391847138087022	0.25396021829959187	0.30311380893822254	0.13823855080063804	0.15132622424921915	0.12101609027550443	0.2145924566648164	0.12435534232345605	0.2755344299999873	0.33250371587258387	0.4055233573692407	0.2403089369624095	0.2882455335760959	0.2756391712890194	0.2616462338423752	0.3162538530313197	0.4585723264237791	0.24188753781853597	0.27272137823741116	0.2599354594548511	0.23259548917726058	0.3858245135105627	0.19853960720054112	-0.06067513243216055	0.07115175517558457	-0.09910271630586223	-0.03007571299350005	-0.021232555590933618	0.049831915177124216	0.009134936707727253	-0.06848583998569638	-0.16932426908123324	-0.19034484825388762	-0.019344718548140953	-0.23054804636070472	0.06050056361710707	0.062350993056673985	0.08000239409879616	0.0331655810199467	0.14564775007955086	-0.011436751226218178	0.19120771696829483	0.09202021009512093	0.05690943370743542	0.1605659022459785	0.13981216397633445	-0.02242710505394245	-0.06697706665559128	-0.023092960391360735	0.015574032142985722
PO4	-0.1629688763338964	-0.06573896720512981	-0.11506295893277307	-0.14466908623896693	-0.26506002586976196	-0.236859220423123	-0.29349292621516593	-0.28197744854567375	-0.33997821879637624	-0.3171232475015104	-0.357250160053918	-0.31382035855754753	-0.2625885977719241	-0.3406285946115968	-0.2693040468757498	-0.35923189342029577	-0.31196870035421387	-0.3391365559766792	-0.22793249354754766	-0.2319673740953077	-0.23694593719848572	-0.3427659080749488	-0.30530426111824865	-0.27344094715923073	-0.24328901426693025	-0.2421004843457822	-0.3169727683913221	-0.10400401958063175	-0.23994531742867903	-0.19411550164947525	-0.2065032480593808	-0.23387004216650176	-0.4078034895969977	-0.3321737090137304	0.2302610940153763	0.396583869161096	0.29468655712310005	0.3427276506740535	0.30715591932158226	0.22866448515134483	0.35321272901276496	0.20648539460562965	0.10759511427800605	0.08354141108842006	0.24415363152716454	0.145742843957429	0.20103243973134963	0.3007108225174169	0.36905384347682163	0.2295495063587233	0.27866945861492487	0.31632749356288764	0.2283890318648985	0.23278098148768156	0.4227366284131387	0.21459341310204508	0.2357701597443028	0.1942787332266286	0.21535346013316548	0.31348369342966864	0.30530426111824865	-0.05130062410723495	0.1589646017068526	-0.09326134140922508	0.0195036229764356	-0.0029177644416166246	0.07219426598286728	0.0690444066424857	-0.05152251703242783	-0.20346050944150612	-0.163989073691105	0.01722603237646738	-0.2161007546973208	0.011969465493450017	-0.020735511285264997	-0.0066593382491792015	-0.004542428732971336	0.14209053741862218	0.05076247000130741	0.09762523560468492	0.1097808871158255	0.09441671491626384	0.16036992356640745	0.16921758514679913	-0.10891116886880516	-0.03530648003959697	0.009074655492370586	0.00031116019394862604
